{
  "Bac_Kan": "Bac Kan",
  "Thanh_Pho_Bac_Kan": "Bac Kan City",
  "Phuong_Nguyen_Thi_Minh_Khai": "Nguyen Thi Minh Khai Ward",
  "Phuong_Song_Cau": "Song Cau Ward",
  "Phuong_Duc_Xuan": "Duc Xuan Ward",
  "Phuong_Phung_Chi_Kien": "Phung Chi Kien Ward",
  "Phuong_Huyen_Tung": "Huyen Tung Ward",
  "Xa_Duong_Quang": "Duong Quang commune",
  "Xa_Nong_Thuong": "Nong Thuong Commune",
  "Phuong_Xuat_Hoa": "Xuat Hoa Ward",
  "Huyen_Pac_Nam": "Pac Nam district",
  "Xa_Bang_Thanh": "Bang Thanh Commune",
  "Xa_Nhan_Mon": "Nhan Mon commune",
  "Xa_Boc_Bo": "Boc Bo Commune",
  "Xa_Cong_Bang": "Cong Bang Commune",
  "Xa_Giao_Hieu": "Giao Hieu Commune",
  "Xa_Xuan_La": "Xuan La commune",
  "Xa_An_Thang": "An Thang commune",
  "Xa_Co_Linh": "Co Linh commune",
  "Xa_Nghien_Loan": "Nghien Loan commune",
  "Xa_Cao_Tan": "Cao Tan commune",
  "Huyen_Ba_Be": "Ba Be district",
  "Thi_tran_Cho_Ra": "Cho Ra town",
  "Xa_Banh_Trach": "Banh Trach commune",
  "Xa_Phuc_Loc": "Phuc Loc commune",
  "Xa_Ha_Hieu": "Ha Hieu commune",
  "Xa_Cao_Thuong": "Cao Thuong commune",
  "Xa_Khang_Ninh": "Khang Ninh commune",
  "Xa_Nam_Mau": "Nam Mau Commune",
  "Xa_Thuong_Giao": "Thuong Giao commune",
  "Xa_Dia_Linh": "Dia Linh commune",
  "Xa_Yen_Duong": "Yen Duong commune",
  "Xa_Chu_Huong": "Chu Huong commune",
  "Xa_Quang_Khe": "Quang Khe commune",
  "Xa_My_Phuong": "My Phuong commune",
  "Xa_Hoang_Tri": "Hoang Tri commune",
  "Xa_Dong_Phuc": "Dong Phuc commune",
  "Huyen_Ngan_Son": "Ngan Son district",
  "Thi_tran_Na_Phac": "Na Phac town",
  "Xa_Thuong_An": "Thuong An commune",
  "Xa_Bang_Van": "Bang Van commune",
  "Xa_Coc_Dan": "Coc Dan commune",
  "Xa_Trung_Hoa": "Trung Hoa commune",
  "Xa_Duc_Van": "Duc Van commune",
  "Xa_Van_Tung": "Van Tung commune",
  "Xa_Thuong_Quan": "Thuong Quan commune",
  "Xa_Hiep_Luc": "Hiep Luc Commune",
  "Xa_Thuan_Mang": "Thuan Mang commune",
  "Huyen_Bach_Thong": "Bach Thong district",
  "Thi_tran_Phu_Thong": "Phu Thong town",
  "Xa_Vi_Huong": "Vi Huong commune",
  "Xa_Si_Binh": "Si Binh commune",
  "Xa_Vu_Muon": "Vu Muon commune",
  "Xa_Don_Phong": "Don Phong commune",
  "Xa_Luc_Binh": "Luc Binh commune",
  "Xa_Tan_Tu": "Tan Tu commune",
  "Xa_Nguyen_Phuc": "Nguyen Phuc Commune",
  "Xa_Cao_Son": "Cao Son commune",
  "Xa_Quan_Ha": "Quan Ha commune",
  "Xa_Cam_Giang": "Cam Giang commune",
  "Xa_My_Thanh": "My Thanh commune",
  "Xa_Duong_Phong": "Duong Phong commune",
  "Xa_Quang_Thuan": "Quang Thuan commune",
  "Huyen_Cho_Don": "Cho Don District",
  "Thi_tran_Bang_Lung": "Bang Lung town",
  "Xa_Xuan_Lac": "Xuan Lac commune",
  "Xa_Nam_Cuong": "Nam Cuong commune",
  "Xa_Dong_Lac": "Dong Lac commune",
  "Xa_Tan_Lap": "Tan Lap commune",
  "Xa_Ban_Thi": "Ban Thi Commune",
  "Xa_Quang_Bach": "Quang Bach commune",
  "Xa_Bang_Phuc": "Bang Phuc Commune",
  "Xa_Yen_Thinh": "Yen Thinh commune",
  "Xa_Yen_Thuong": "Yen Thuong commune",
  "Xa_Phuong_Vien": "Phuong Vien Commune",
  "Xa_Ngoc_Phai": "Ngoc Phai commune",
  "Xa_Dong_Thang": "Dong Thang commune",
  "Xa_Luong_Bang": "Luong Bang commune",
  "Xa_Bang_Lang": "Bang Lang commune",
  "Xa_Dai_Sao": "Dai Sao commune",
  "Xa_Nghia_Ta": "Nghia Ta Commune",
  "Xa_Yen_My": "Yen My commune",
  "Xa_Binh_Trung": "Binh Trung commune",
  "Xa_Yen_Phong": "Yen Phong commune",
  "Huyen_Cho_Moi": "Cho Moi District",
  "Thi_tran_Dong_Tam": "Dong Tam town",
  "Xa_Tan_Son": "Tan Son commune",
  "Xa_Thanh_Van": "Thanh Van commune",
  "Xa_Mai_Lap": "Mai Lap commune",
  "Xa_Hoa_Muc": "Hoa Muc Commune",
  "Xa_Thanh_Mai": "Thanh Mai commune",
  "Xa_Cao_Ky": "Cao Ky commune",
  "Xa_Nong_Ha": "Nong Ha Commune",
  "Xa_Yen_Cu": "Yen Cu commune",
  "Xa_Thanh_Thinh": "Thanh Thinh commune",
  "Xa_Yen_Han": "Yen Han commune",
  "Xa_Nhu_Co": "Nhu Co commune",
  "Xa_Binh_Van": "Binh Van commune",
  "Xa_Quang_Chu": "Quang Chu commune",
  "Huyen_Na_Ri": "Na Ri district",
  "Xa_Van_Vu": "Van Vu commune",
  "Xa_Van_Lang": "Van Lang commune",
  "Xa_Luong_Thuong": "Luong Thuong commune",
  "Xa_Kim_Hy": "Kim Hy commune",
  "Xa_Cuong_Loi": "Cuong Loi commune",
  "Thi_tran_Yen_Lac": "Yen Lac town",
  "Xa_Kim_Lu": "Kim Lu commune",
  "Xa_Son_Thanh": "Son Thanh commune",
  "Xa_Van_Minh": "Van Minh commune",
  "Xa_Con_Minh": "Kunming commune",
  "Xa_Cu_Le": "Cu Le commune",
  "Xa_Tran_Phu": "Tran Phu commune",
  "Xa_Quang_Phong": "Quang Phong commune",
  "Xa_Duong_Son": "Duong Son commune",
  "Xa_Xuan_Duong": "Xuan Duong commune",
  "Xa_Dong_Xa": "Dong Xa commune",
  "Xa_Liem_Thuy": "Liem Thuy commune"
}