{
  "Quang_Ngai": "Quảng Ngãi",
  "Thanh_pho_Quang_Ngai": "Thành phố Quảng Ngãi",
  "Phuong_Le_Hong_Phong": "Phường Lê Hồng Phong",
  "Phuong_Tran_Phu": "Phường Trần Phú",
  "Phuong_Quang_Phu": "Phường Quảng Phú",
  "Phuong_Nghia_Chanh": "Phường Nghĩa Chánh",
  "Phuong_Tran_Hung_Dao": "Phường Trần Hưng Đạo",
  "Phuong_Nguyen_Nghiem": "Phường Nguyễn Nghiêm",
  "Phuong_Nghia_Lo": "Phường Nghĩa Lộ",
  "Phuong_Chanh_Lo": "Phường Chánh Lộ",
  "Xa_Nghia_Dung": "Xã Nghĩa Dũng",
  "Xa_Nghia_Dong": "Xã Nghĩa Dõng",
  "Phuong_Truong_Quang_Trong": "Phường Trương Quang Trọng",
  "Xa_Tinh_Hoa": "Xã Tịnh Hòa",
  "Xa_Tinh_Ky": "Xã Tịnh Kỳ",
  "Xa_Tinh_Thien": "Xã Tịnh Thiện",
  "Xa_Tinh_An_Dong": "Xã Tịnh Ấn Đông",
  "Xa_Tinh_Chau": "Xã Tịnh Châu",
  "Xa_Tinh_Khe": "Xã Tịnh Khê",
  "Xa_Tinh_Long": "Xã Tịnh Long",
  "Xa_Tinh_An_Tay": "Xã Tịnh Ấn Tây",
  "Xa_Tinh_An": "Xã Tịnh An",
  "Xa_Nghia_Phu": "Xã Nghĩa Phú",
  "Xa_Nghia_Ha": "Xã Nghĩa Hà",
  "Xa_Nghia_An": "Xã Nghĩa An",
  "Huyen_Binh_Son": "Huyện Bình Sơn",
  "Thi_Tran_Chau_O": "Thị Trấn Châu Ổ",
  "Xa_Binh_Thuan": "Xã Bình Thuận",
  "Xa_Binh_Thanh": "Xã Bình Thanh",
  "Xa_Binh_Dong": "Xã Bình Đông",
  "Xa_Binh_Chanh": "Xã Bình Chánh",
  "Xa_Binh_Nguyen": "Xã Bình Nguyên",
  "Xa_Binh_Khuong": "Xã Bình Khương",
  "Xa_Binh_Tri": "Xã Bình Trị",
  "Xa_Binh_An": "Xã Bình An",
  "Xa_Binh_Hai": "Xã Bình Hải",
  "Xa_Binh_Duong": "Xã Bình Dương",
  "Xa_Binh_Phuoc": "Xã Bình Phước",
  "Xa_Binh_Hoa": "Xã Bình Hòa",
  "Xa_Binh_Trung": "Xã Bình Trung",
  "Xa_Binh_Minh": "Xã Bình Minh",
  "Xa_Binh_Long": "Xã Bình Long",
  "Xa_Binh_Chuong": "Xã Bình Chương",
  "Xa_Binh_Hiep": "Xã Bình Hiệp",
  "Xa_Binh_My": "Xã Bình Mỹ",
  "Xa_Binh_Tan_Phu": "Xã Bình Tân Phú",
  "Xa_Binh_Chau": "Xã Bình Châu",
  "Huyen_Tra_Bong": "Huyện Trà Bồng",
  "Thi_tran_Tra_Xuan": "Thị trấn Trà Xuân",
  "Xa_Tra_Giang": "Xã Trà Giang",
  "Xa_Tra_Thuy": "Xã Trà Thủy",
  "Xa_Tra_Hiep": "Xã Trà Hiệp",
  "Xa_Tra_Binh": "Xã Trà Bình",
  "Xa_Tra_Phu": "Xã Trà Phú",
  "Xa_Tra_Lam": "Xã Trà Lâm",
  "Xa_Tra_Tan": "Xã Trà Tân",
  "Xa_Tra_Son": "Xã Trà Sơn",
  "Xa_Tra_Bui": "Xã Trà Bùi",
  "Xa_Tra_Thanh": "Xã Trà Thanh",
  "Xa_Son_Tra": "Xã Sơn Trà",
  "Xa_Tra_Phong": "Xã Trà Phong",
  "Xa_Huong_Tra": "Xã Hương Trà",
  "Xa_Tra_Xinh": "Xã Trà Xinh",
  "Xa_Tra_Tay": "Xã Trà Tây",
  "Huyen_Son_Tinh": "Huyện Sơn Tịnh",
  "Xa_Tinh_Tho": "Xã Tịnh Thọ",
  "Xa_Tinh_Tra": "Xã Tịnh Trà",
  "Xa_Tinh_Phong": "Xã Tịnh Phong",
  "Xa_Tinh_Hiep": "Xã Tịnh Hiệp",
  "Xa_Tinh_Binh": "Xã Tịnh Bình",
  "Xa_Tinh_Dong": "Xã Tịnh Đông",
  "Xa_Tinh_Bac": "Xã Tịnh Bắc",
  "Xa_Tinh_Son": "Xã Tịnh Sơn",
  "Xa_Tinh_Ha": "Xã Tịnh Hà",
  "Xa_Tinh_Giang": "Xã Tịnh Giang",
  "Xa_Tinh_Minh": "Xã Tịnh Minh",
  "Huyen_Tu_Nghia": "Huyện Tư Nghĩa",
  "Thi_tran_La_Ha": "Thị trấn La Hà",
  "Thi_tran_Song_Ve": "Thị trấn Sông Vệ",
  "Xa_Nghia_Lam": "Xã Nghĩa Lâm",
  "Xa_Nghia_Thang": "Xã Nghĩa Thắng",
  "Xa_Nghia_Thuan": "Xã Nghĩa Thuận",
  "Xa_Nghia_Ky": "Xã Nghĩa Kỳ",
  "Xa_Nghia_Son": "Xã Nghĩa Sơn",
  "Xa_Nghia_Hoa": "Xã Nghĩa Hòa",
  "Xa_Nghia_Dien": "Xã Nghĩa Điền",
  "Xa_Nghia_Thuong": "Xã Nghĩa Thương",
  "Xa_Nghia_Trung": "Xã Nghĩa Trung",
  "Xa_Nghia_Hiep": "Xã Nghĩa Hiệp",
  "Xa_Nghia_Phuong": "Xã Nghĩa Phương",
  "Xa_Nghia_My": "Xã Nghĩa Mỹ",
  "Huyen_Son_Ha": "Huyện Sơn Hà",
  "Thi_tran_Di_Lang": "Thị trấn Di Lăng",
  "Xa_Son_Ha": "Xã Sơn Hạ",
  "Xa_Son_Thanh": "Xã Sơn Thành",
  "Xa_Son_Nham": "Xã Sơn Nham",
  "Xa_Son_Bao": "Xã Sơn Bao",
  "Xa_Son_Linh": "Xã Sơn Linh",
  "Xa_Son_Giang": "Xã Sơn Giang",
  "Xa_Son_Trung": "Xã Sơn Trung",
  "Xa_Son_Thuong": "Xã Sơn Thượng",
  "Xa_Son_Cao": "Xã Sơn Cao",
  "Xa_Son_Hai": "Xã Sơn Hải",
  "Xa_Son_Thuy": "Xã Sơn Thủy",
  "Xa_Son_Ky": "Xã Sơn Kỳ",
  "Xa_Son_Ba": "Xã Sơn Ba",
  "Huyen_Son_Tay": "Huyện Sơn Tây",
  "Xa_Son_Bua": "Xã Sơn Bua",
  "Xa_Son_Mua": "Xã Sơn Mùa",
  "Xa_Son_Lien": "Xã Sơn Liên",
  "Xa_Son_Tan": "Xã Sơn Tân",
  "Xa_Son_Mau": "Xã Sơn Màu",
  "Xa_Son_Dung": "Xã Sơn Dung",
  "Xa_Son_Long": "Xã Sơn Long",
  "Xa_Son_Tinh": "Xã Sơn Tinh",
  "Xa_Son_Lap": "Xã Sơn Lập",
  "Huyen_Minh_Long": "Huyện Minh Long",
  "Xa_Long_Son": "Xã Long Sơn",
  "Xa_Long_Mai": "Xã Long Mai",
  "Xa_Thanh_An": "Xã Thanh An",
  "Xa_Long_Mon": "Xã Long Môn",
  "Xa_Long_Hiep": "Xã Long Hiệp",
  "Huyen_Nghia_Hanh": "Huyện Nghĩa Hành",
  "Thi_tran_Cho_Chua": "Thị trấn Chợ Chùa",
  "Xa_Hanh_Thuan": "Xã Hành Thuận",
  "Xa_Hanh_Dung": "Xã Hành Dũng",
  "Xa_Hanh_Trung": "Xã Hành Trung",
  "Xa_Hanh_Nhan": "Xã Hành Nhân",
  "Xa_Hanh_Duc": "Xã Hành Đức",
  "Xa_Hanh_Minh": "Xã Hành Minh",
  "Xa_Hanh_Phuoc": "Xã Hành Phước",
  "Xa_Hanh_Thien": "Xã Hành Thiện",
  "Xa_Hanh_Thinh": "Xã Hành Thịnh",
  "Xa_Hanh_Tin_Tay": "Xã Hành Tín Tây",
  "Xa_Hanh_Tin_Dong": "Xã Hành Tín Đông",
  "Huyen_Mo_Duc": "Huyện Mộ Đức",
  "Xa_Duc_Loi": "Xã Đức Lợi",
  "Xa_Duc_Thang": "Xã Đức Thắng",
  "Xa_Duc_Nhuan": "Xã Đức Nhuận",
  "Xa_Duc_Chanh": "Xã Đức Chánh",
  "Xa_Duc_Hiep": "Xã Đức Hiệp",
  "Xa_Duc_Minh": "Xã Đức Minh",
  "Xa_Duc_Thanh": "Xã Đức Thạnh",
  "Xa_Duc_Hoa": "Xã Đức Hòa",
  "Xa_Duc_Tan": "Xã Đức Tân",
  "Xa_Duc_Phu": "Xã Đức Phú",
  "Xa_Duc_Phong": "Xã Đức Phong",
  "Xa_Duc_Lan": "Xã Đức Lân",
  "Thi_xa_Duc_Pho": "Thị xã Đức Phổ",
  "Xa_Pho_An": "Xã Phổ An",
  "Xa_Pho_Phong": "Xã Phổ Phong",
  "Xa_Pho_Thuan": "Xã Phổ Thuận",
  "Phuong_Pho_Van": "Phường Phổ Văn",
  "Phuong_Pho_Quang": "Phường Phổ Quang",
  "Xa_Pho_Nhon": "Xã Phổ Nhơn",
  "Phuong_Pho_Ninh": "Phường Phổ Ninh",
  "Phuong_Pho_Minh": "Phường Phổ Minh",
  "Phuong_Pho_Vinh": "Phường Phổ Vinh",
  "Phuong_Pho_Hoa": "Phường Phổ Hòa",
  "Xa_Pho_Cuong": "Xã Phổ Cường",
  "Xa_Pho_Khanh": "Xã Phổ Khánh",
  "Phuong_Pho_Thanh": "Phường Phổ Thạnh",
  "Xa_Pho_Chau": "Xã Phổ Châu",
  "Huyen_Ba_To": "Huyện Ba Tơ",
  "Xa_Ba_Dien": "Xã Ba Điền",
  "Xa_Ba_Vinh": "Xã Ba Vinh",
  "Xa_Ba_Thanh": "Xã Ba Thành",
  "Xa_Ba_Dong": "Xã Ba Động",
  "Xa_Ba_Dinh": "Xã Ba Dinh",
  "Xa_Ba_Giang": "Xã Ba Giang",
  "Xa_Ba_Lien": "Xã Ba Liên",
  "Xa_Ba_Ngac": "Xã Ba Ngạc",
  "Xa_Ba_Kham": "Xã Ba Khâm",
  "Xa_Ba_Cung": "Xã Ba Cung",
  "Xa_Ba_Tieu": "Xã Ba Tiêu",
  "Xa_Ba_Trang": "Xã Ba Trang",
  "Xa_Ba_To": "Xã Ba Tô",
  "Xa_Ba_Bich": "Xã Ba Bích",
  "Xa_Ba_Vi": "Xã Ba Vì",
  "Xa_Ba_Le": "Xã Ba Lế",
  "Xa_Ba_Nam": "Xã Ba Nam",
  "Xa_Ba_Xa": "Xã Ba Xa",
  "Huyen_Ly_Son": "Huyện Lý Sơn",
  "Bien_My_Khe_Quang_Ngai": "Biển Mỹ Khê - Quảng Ngãi",
  "Bien_Sa_Huynh": "Biển Sa Huỳnh"
}