{
  "Kien_Giang": "Kiên Giang",
  "Thanh_pho_Rach_Gia": "Thành phố Rạch Giá",
  "Phuong_Vinh_Thanh_Van": "Phường Vĩnh Thanh Vân",
  "Phuong_Vinh_Thanh": "Phường Vĩnh Thanh",
  "Phuong_Vinh_Quang": "Phường Vĩnh Quang",
  "Phuong_Vinh_Hiep": "Phường Vĩnh Hiệp",
  "Phuong_Vinh_Bao": "Phường Vĩnh Bảo",
  "Phuong_Vinh_Lac": "Phường Vĩnh Lạc",
  "Phuong_An_Hoa": "Phường An Hòa",
  "Phuong_An_Binh": "Phường An Bình",
  "Phuong_Rach_Soi": "Phường Rạch Sỏi",
  "Phuong_Vinh_Loi": "Phường Vĩnh Lợi",
  "Phuong_Vinh_Thong": "Phường Vĩnh Thông",
  "Xa_Phi_Thong": "Xã Phi Thông",
  "Thanh_pho_Ha_Tien": "Thành phố Hà Tiên",
  "Phuong_To_Chau": "Phường Tô Châu",
  "Phuong_Dong_Ho": "Phường Đông Hồ",
  "Phuong_Binh_San": "Phường Bình San",
  "Phuong_Phao_Dai": "Phường Pháo Đài",
  "Phuong_My_Duc": "Phường Mỹ Đức",
  "Xa_Tien_Hai": "Xã Tiên Hải",
  "Xa_Thuan_Yen": "Xã Thuận Yên",
  "Huyen_Kien_Luong": "Huyện Kiên Lương",
  "Xa_Kien_Binh": "Xã Kiên Bình",
  "Xa_Hoa_Dien": "Xã Hòa Điền",
  "Xa_Duong_Hoa": "Xã Dương Hòa",
  "Xa_Binh_An": "Xã Bình An",
  "Xa_Binh_Tri": "Xã Bình Trị",
  "Xa_Son_Hai": "Xã Sơn Hải",
  "Xa_Hon_Nghe": "Xã Hòn Nghệ",
  "Huyen_Hon_Dat": "Huyện Hòn Đất",
  "Thi_tran_Soc_Son": "Thị trấn Sóc Sơn",
  "Xa_Binh_Son": "Xã Bình Sơn",
  "Xa_Binh_Giang": "Xã Bình Giang",
  "Xa_My_Thai": "Xã Mỹ Thái",
  "Xa_Nam_Thai_Son": "Xã Nam Thái Sơn",
  "Xa_My_Hiep_Son": "Xã Mỹ Hiệp Sơn",
  "Xa_Son_Kien": "Xã Sơn Kiên",
  "Xa_Son_Binh": "Xã Sơn Bình",
  "Xa_My_Thuan": "Xã Mỹ Thuận",
  "Xa_Linh_Huynh": "Xã Lình Huỳnh",
  "Xa_Tho_Son": "Xã Thổ Sơn",
  "Xa_My_Lam": "Xã Mỹ Lâm",
  "Xa_My_Phuoc": "Xã Mỹ Phước",
  "Huyen_Tan_Hiep": "Huyện Tân Hiệp",
  "Xa_Tan_Hoi": "Xã Tân Hội",
  "Xa_Tan_Thanh": "Xã Tân Thạnh",
  "Xa_Tan_Hiep_B": "Xã Tân Hiệp B",
  "Xa_Tan_Hoa": "Xã Tân Hoà",
  "Xa_Thanh_Dong_B": "Xã Thạnh Đông B",
  "Xa_Thanh_Dong": "Xã Thạnh Đông",
  "Xa_Tan_Hiep_A": "Xã Tân Hiệp A",
  "Xa_Tan_An": "Xã Tân An",
  "Xa_Thanh_Dong_A": "Xã Thạnh Đông A",
  "Xa_Thanh_Tri": "Xã Thạnh Trị",
  "Huyen_Chau_Thanh": "Huyện Châu Thành",
  "Thi_tran_Minh_Luong": "Thị trấn Minh Lương",
  "Xa_Mong_Tho_A": "Xã Mong Thọ A",
  "Xa_Mong_Tho_B": "Xã Mong Thọ B",
  "Xa_Mong_Tho": "Xã Mong Thọ",
  "Xa_Giuc_Tuong": "Xã Giục Tượng",
  "Xa_Vinh_Hoa_Hiep": "Xã Vĩnh Hòa Hiệp",
  "Xa_Vinh_Hoa_Phu": "Xã Vĩnh Hoà Phú",
  "Xa_Minh_Hoa": "Xã Minh Hòa",
  "Xa_Thanh_Loc": "Xã Thạnh Lộc",
  "Huyen_Giong_Rieng": "Huyện Giồng Riềng",
  "Xa_Thanh_Hung": "Xã Thạnh Hưng",
  "Xa_Thanh_Phuoc": "Xã Thạnh Phước",
  "Xa_Thanh_Hoa": "Xã Thạnh Hòa",
  "Xa_Thanh_Binh": "Xã Thạnh Bình",
  "Xa_Ban_Thach": "Xã Bàn Thạch",
  "Xa_Ban_Tan_Dinh": "Xã Bàn Tân Định",
  "Xa_Ngoc_Thanh": "Xã Ngọc Thành",
  "Xa_Ngoc_Chuc": "Xã Ngọc Chúc",
  "Xa_Ngoc_Thuan": "Xã Ngọc Thuận",
  "Xa_Hoa_Hung": "Xã Hòa Hưng",
  "Xa_Hoa_Loi": "Xã Hoà Lợi",
  "Xa_Hoa_An": "Xã Hoà An",
  "Xa_Long_Thanh": "Xã Long Thạnh",
  "Xa_Vinh_Thanh": "Xã Vĩnh Thạnh",
  "Xa_Vinh_Phu": "Xã Vĩnh Phú",
  "Xa_Hoa_Thuan": "Xã Hòa Thuận",
  "Xa_Ngoc_Hoa": "Xã Ngọc Hoà",
  "Huyen_Go_Quao": "Huyện Gò Quao",
  "Xa_Vinh_Hoa_Hung_Bac": "Xã Vĩnh Hòa Hưng Bắc",
  "Xa_Dinh_Hoa": "Xã Định Hòa",
  "Xa_Thoi_Quan": "Xã Thới Quản",
  "Xa_Dinh_An": "Xã Định An",
  "Xa_Thuy_Lieu": "Xã Thủy Liễu",
  "Xa_Vinh_Hoa_Hung_Nam": "Xã Vĩnh Hòa Hưng Nam",
  "Xa_Vinh_Phuoc_A": "Xã Vĩnh Phước A",
  "Xa_Vinh_Phuoc_B": "Xã Vĩnh Phước B",
  "Xa_Vinh_Tuy": "Xã Vĩnh Tuy",
  "Xa_Vinh_Thang": "Xã Vĩnh Thắng",
  "Huyen_An_Bien": "Huyện An Biên",
  "Thi_tran_Thu_Ba": "Thị trấn Thứ Ba",
  "Xa_Tay_Yen": "Xã Tây Yên",
  "Xa_Tay_Yen_A": "Xã Tây Yên A",
  "Xa_Nam_Yen": "Xã Nam Yên",
  "Xa_Hung_Yen": "Xã Hưng Yên",
  "Xa_Nam_Thai": "Xã Nam Thái",
  "Xa_Nam_Thai_A": "Xã Nam Thái A",
  "Xa_Dong_Thai": "Xã Đông Thái",
  "Xa_Dong_Yen": "Xã Đông Yên",
  "Huyen_An_Minh": "Huyện An Minh",
  "Thi_tran_Thu_Muoi_Mot": "Thị trấn Thứ Mười Một",
  "Xa_Thuan_Hoa": "Xã Thuận Hoà",
  "Xa_Dong_Hoa": "Xã Đông Hòa",
  "Xa_Dong_Thanh": "Xã Đông Thạnh",
  "Xa_Dong_Hung": "Xã Đông Hưng",
  "Xa_Dong_Hung_A": "Xã Đông Hưng A",
  "Xa_Dong_Hung_B": "Xã Đông Hưng B",
  "Xa_Van_Khanh": "Xã Vân Khánh",
  "Xa_Van_Khanh_Dong": "Xã Vân Khánh Đông",
  "Xa_Van_Khanh_Tay": "Xã Vân Khánh Tây",
  "Huyen_Vinh_Thuan": "Huyện Vĩnh Thuận",
  "Xa_Vinh_Binh_Bac": "Xã Vĩnh Bình Bắc",
  "Xa_Vinh_Binh_Nam": "Xã Vĩnh Bình Nam",
  "Xa_Binh_Minh": "Xã Bình Minh",
  "Xa_Vinh_Thuan": "Xã Vĩnh Thuận",
  "Xa_Tan_Thuan": "Xã Tân Thuận",
  "Xa_Phong_Dong": "Xã Phong Đông",
  "Xa_Vinh_Phong": "Xã Vĩnh Phong",
  "Thanh_pho_Phu_Quoc": "Thành phố Phú Quốc",
  "Phuong_Duong_Dong": "Phường Dương Đông",
  "Phuong_An_Thoi": "Phường An Thới",
  "Xa_Cua_Can": "Xã Cửa Cạn",
  "Xa_Ganh_Dau": "Xã Gành Dầu",
  "Xa_Cua_Duong": "Xã Cửa Dương",
  "Xa_Ham_Ninh": "Xã Hàm Ninh",
  "Xa_Duong_To": "Xã Dương Tơ",
  "Xa_Bai_Thom": "Xã Bãi Thơm",
  "Xa_Tho_Chau": "Xã Thổ Châu",
  "Huyen_Kien_Hai": "Huyện Kiên Hải",
  "Xa_Hon_Tre": "Xã Hòn Tre",
  "Xa_Lai_Son": "Xã Lại Sơn",
  "Xa_An_Son": "Xã An Sơn",
  "Xa_Nam_Du": "Xã Nam Du",
  "Huyen_U_Minh_Thuong": "Huyện U Minh Thượng",
  "Xa_Thanh_Yen": "Xã Thạnh Yên",
  "Xa_Thanh_Yen_A": "Xã Thạnh Yên A",
  "Xa_An_Minh_Bac": "Xã An Minh Bắc",
  "Xa_Vinh_Hoa": "Xã Vĩnh Hòa",
  "Xa_Hoa_Chanh": "Xã Hoà Chánh",
  "Xa_Minh_Thuan": "Xã Minh Thuận",
  "Huyen_Giang_Thanh": "Huyện Giang Thành",
  "Xa_Vinh_Dieu": "Xã Vĩnh Điều",
  "Xa_Tan_Khanh_Hoa": "Xã Tân Khánh Hòa",
  "Xa_Phu_Loi": "Xã Phú Lợi",
  "Xa_Phu_My": "Xã Phú Mỹ"
}