{
  "Kien_Giang": "Kien Giang",
  "Thanh_pho_Rach_Gia": "Rach Gia City",
  "Phuong_Vinh_Thanh_Van": "Vinh Thanh Van Ward",
  "Phuong_Vinh_Thanh": "Vinh Thanh Ward",
  "Phuong_Vinh_Quang": "Vinh Quang Ward",
  "Phuong_Vinh_Hiep": "Vinh Hiep Ward",
  "Phuong_Vinh_Bao": "Vinh Bao Ward",
  "Phuong_Vinh_Lac": "Vinh Lac Ward",
  "Phuong_An_Hoa": "An Hoa Ward",
  "Phuong_An_Binh": "An Binh Ward",
  "Phuong_Rach_Soi": "Rach Soi Ward",
  "Phuong_Vinh_Loi": "Vinh Loi Ward",
  "Phuong_Vinh_Thong": "Vinh Thong Ward",
  "Xa_Phi_Thong": "Phi Thong commune",
  "Thanh_pho_Ha_Tien": "Ha Tien City",
  "Phuong_To_Chau": "To Chau Ward",
  "Phuong_Dong_Ho": "Dong Ho Ward",
  "Phuong_Binh_San": "Binh San Ward",
  "Phuong_Phao_Dai": "Phao Dai Ward",
  "Phuong_My_Duc": "My Duc Ward",
  "Xa_Tien_Hai": "Tien Hai commune",
  "Xa_Thuan_Yen": "Thuan Yen commune",
  "Huyen_Kien_Luong": "Kien Luong district",
  "Xa_Kien_Binh": "Kien Binh commune",
  "Xa_Hoa_Dien": "Hoa Dien commune",
  "Xa_Duong_Hoa": "Duong Hoa commune",
  "Xa_Binh_An": "Binh An commune",
  "Xa_Binh_Tri": "Binh Tri commune",
  "Xa_Son_Hai": "Son Hai commune",
  "Xa_Hon_Nghe": "Hon Nghe commune",
  "Huyen_Hon_Dat": "Hon Dat District",
  "Thi_tran_Soc_Son": "Soc Son town",
  "Xa_Binh_Son": "Binh Son commune",
  "Xa_Binh_Giang": "Binh Giang commune",
  "Xa_My_Thai": "My Thai commune",
  "Xa_Nam_Thai_Son": "Nam Thai Son commune",
  "Xa_My_Hiep_Son": "My Hiep Son commune",
  "Xa_Son_Kien": "Son Kien commune",
  "Xa_Son_Binh": "Son Binh commune",
  "Xa_My_Thuan": "My Thuan commune",
  "Xa_Linh_Huynh": "Linh Huynh commune",
  "Xa_Tho_Son": "Tho Son commune",
  "Xa_My_Lam": "My Lam commune",
  "Xa_My_Phuoc": "My Phuoc commune",
  "Huyen_Tan_Hiep": "Tan Hiep district",
  "Xa_Tan_Hoi": "Tan Hoi Commune",
  "Xa_Tan_Thanh": "Tan Thanh commune",
  "Xa_Tan_Hiep_B": "Tan Hiep B commune",
  "Xa_Tan_Hoa": "Tan Hoa commune",
  "Xa_Thanh_Dong_B": "Thanh Dong B commune",
  "Xa_Thanh_Dong": "Thanh Dong commune",
  "Xa_Tan_Hiep_A": "Tan Hiep A commune",
  "Xa_Tan_An": "Tan An commune",
  "Xa_Thanh_Dong_A": "Thanh Dong A commune",
  "Xa_Thanh_Tri": "Thanh Tri commune",
  "Huyen_Chau_Thanh": "Chau Thanh district",
  "Thi_tran_Minh_Luong": "Minh Luong town",
  "Xa_Mong_Tho_A": "Mong Tho commune A",
  "Xa_Mong_Tho_B": "Mong Tho B commune",
  "Xa_Mong_Tho": "Mong Tho commune",
  "Xa_Giuc_Tuong": "Luc Tuong Commune",
  "Xa_Vinh_Hoa_Hiep": "Vinh Hoa Hiep commune",
  "Xa_Vinh_Hoa_Phu": "Vinh Hoa Phu commune",
  "Xa_Minh_Hoa": "Minh Hoa Commune",
  "Xa_Thanh_Loc": "Thanh Loc commune",
  "Huyen_Giong_Rieng": "Giong Rieng district",
  "Xa_Thanh_Hung": "Thanh Hung commune",
  "Xa_Thanh_Phuoc": "Thanh Phuoc commune",
  "Xa_Thanh_Hoa": "Thanh Hoa commune",
  "Xa_Thanh_Binh": "Thanh Binh commune",
  "Xa_Ban_Thach": "Ban Thach commune",
  "Xa_Ban_Tan_Dinh": "Ban Tan Dinh commune",
  "Xa_Ngoc_Thanh": "Ngoc Thanh commune",
  "Xa_Ngoc_Chuc": "Ngoc Chuc Commune",
  "Xa_Ngoc_Thuan": "Ngoc Thuan commune",
  "Xa_Hoa_Hung": "Hoa Hung commune",
  "Xa_Hoa_Loi": "Hoa Loi commune",
  "Xa_Hoa_An": "Hoa An commune",
  "Xa_Long_Thanh": "Long Thanh commune",
  "Xa_Vinh_Thanh": "Vinh Thanh commune",
  "Xa_Vinh_Phu": "Vinh Phu commune",
  "Xa_Hoa_Thuan": "Hoa Thuan Commune",
  "Xa_Ngoc_Hoa": "Ngoc Hoa commune",
  "Huyen_Go_Quao": "Go Quao District",
  "Xa_Vinh_Hoa_Hung_Bac": "Vinh Hoa commune, Hung Bac",
  "Xa_Dinh_Hoa": "Dinh Hoa commune",
  "Xa_Thoi_Quan": "Thoi Quan commune",
  "Xa_Dinh_An": "Dinh An Commune",
  "Xa_Thuy_Lieu": "Thuy Lieu commune",
  "Xa_Vinh_Hoa_Hung_Nam": "Vinh Hoa commune, Hung Nam",
  "Xa_Vinh_Phuoc_A": "Vinh Phuoc A commune",
  "Xa_Vinh_Phuoc_B": "Vinh Phuoc B commune",
  "Xa_Vinh_Tuy": "Vinh Tuy commune",
  "Xa_Vinh_Thang": "Vinh Thang commune",
  "Huyen_An_Bien": "An Bien district",
  "Thi_tran_Thu_Ba": "Tuesday Town",
  "Xa_Tay_Yen": "Tay Yen commune",
  "Xa_Tay_Yen_A": "Tay Yen commune A",
  "Xa_Nam_Yen": "Nam Yen commune",
  "Xa_Hung_Yen": "Hung Yen commune",
  "Xa_Nam_Thai": "Nam Thai commune",
  "Xa_Nam_Thai_A": "Nam Thai A commune",
  "Xa_Dong_Thai": "Dong Thai commune",
  "Xa_Dong_Yen": "Dong Yen commune",
  "Huyen_An_Minh": "An Minh district",
  "Thi_tran_Thu_Muoi_Mot": "Eleventh Town",
  "Xa_Thuan_Hoa": "Thuan Hoa commune",
  "Xa_Dong_Hoa": "Dong Hoa commune",
  "Xa_Dong_Thanh": "Dong Thanh commune",
  "Xa_Dong_Hung": "Dong Hung commune",
  "Xa_Dong_Hung_A": "Dong Hung A commune",
  "Xa_Dong_Hung_B": "Dong Hung B commune",
  "Xa_Van_Khanh": "Van Khanh commune",
  "Xa_Van_Khanh_Dong": "Van Khanh Dong commune",
  "Xa_Van_Khanh_Tay": "Van Khanh Tay commune",
  "Huyen_Vinh_Thuan": "Vinh Thuan district",
  "Xa_Vinh_Binh_Bac": "Vinh Binh Bac commune",
  "Xa_Vinh_Binh_Nam": "Vinh Binh Nam commune",
  "Xa_Binh_Minh": "Binh Minh Commune",
  "Xa_Vinh_Thuan": "Vinh Thuan commune",
  "Xa_Tan_Thuan": "Tan Thuan commune",
  "Xa_Phong_Dong": "Phong Dong commune",
  "Xa_Vinh_Phong": "Vinh Phong commune",
  "Thanh_pho_Phu_Quoc": "Phu Quoc City",
  "Phuong_Duong_Dong": "Duong Dong Ward",
  "Phuong_An_Thoi": "An Thoi Ward",
  "Xa_Cua_Can": "Cua Can commune",
  "Xa_Ganh_Dau": "Ganh Dau commune",
  "Xa_Cua_Duong": "Cua Duong commune",
  "Xa_Ham_Ninh": "Ham Ninh commune",
  "Xa_Duong_To": "Duong To commune",
  "Xa_Bai_Thom": "Bai Thom commune",
  "Xa_Tho_Chau": "Tho Chau commune",
  "Huyen_Kien_Hai": "Kien Hai district",
  "Xa_Hon_Tre": "Hon Tre commune",
  "Xa_Lai_Son": "Lai Son commune",
  "Xa_An_Son": "An Son commune",
  "Xa_Nam_Du": "Nam Du commune",
  "Huyen_U_Minh_Thuong": "U Minh Thuong district",
  "Xa_Thanh_Yen": "Thanh Yen commune",
  "Xa_Thanh_Yen_A": "Thanh Yen commune A",
  "Xa_An_Minh_Bac": "An Minh Bac Commune",
  "Xa_Vinh_Hoa": "Vinh Hoa commune",
  "Xa_Hoa_Chanh": "Hoa Chanh Commune",
  "Xa_Minh_Thuan": "Minh Thuan commune",
  "Huyen_Giang_Thanh": "Giang Thanh district",
  "Xa_Vinh_Dieu": "Vinh Dieu commune",
  "Xa_Tan_Khanh_Hoa": "Tan Khanh Hoa commune",
  "Xa_Phu_Loi": "Phu Loi commune",
  "Xa_Phu_My": "Phu My commune"
}