{
  "Nam_Dinh": "Nam Dinh",
  "Thanh_pho_Nam_Dinh": "Nam Dinh city",
  "Phuong_Ha_Long": "Ha Long Ward",
  "Phuong_Tran_Te_Xuong": "Tran Te Xuong Ward",
  "Phuong_Vi_Hoang": "Vi Hoang Ward",
  "Phuong_Vi_Xuyen": "Vi Xuyen Ward",
  "Phuong_Quang_Trung": "Quang Trung Ward",
  "Phuong_Cua_Bac": "Cua Bac Ward",
  "Phuong_Nguyen_Du": "Nguyen Du Ward",
  "Phuong_Ba_Trieu": "Ba Trieu Ward",
  "Phuong_Truong_Thi": "Truong Thi Ward",
  "Phuong_Phan_Dinh_Phung": "Phan Dinh Phung Ward",
  "Phuong_Ngo_Quyen": "Ngo Quyen Ward",
  "Phuong_Tran_Hung_Dao": "Tran Hung Dao Ward",
  "Phuong_Tran_Dang_Ninh": "Tran Dang Ninh Ward",
  "Phuong_Nang_Tinh": "Nang Tinh Ward",
  "Phuong_Van_Mieu": "Van Mieu Ward",
  "Phuong_Tran_Quang_Khai": "Tran Quang Khai Ward",
  "Phuong_Thong_Nhat": "Thong Nhat Ward",
  "Phuong_Loc_Ha": "Loc Ha Ward",
  "Phuong_Loc_Vuong": "Loc Vuong Ward",
  "Phuong_Cua_Nam": "Cua Nam Ward",
  "Phuong_Loc_Hoa": "Loc Hoa Ward",
  "Xa_Nam_Phong": "Nam Phong commune",
  "Phuong_My_Xa": "My Xa Ward",
  "Xa_Loc_An": "Loc An commune",
  "Xa_Nam_Van": "Nam Van commune",
  "Huyen_My_Loc": "My Loc district",
  "Xa_My_Ha": "My Ha commune",
  "Xa_My_Tien": "My Tien Commune",
  "Xa_My_Thang": "My Thang commune",
  "Xa_My_Trung": "My Trung commune",
  "Xa_My_Tan": "My Tan commune",
  "Xa_My_Phuc": "My Phuc commune",
  "Xa_My_Hung": "My Hung commune",
  "Xa_My_Thuan": "My Thuan commune",
  "Xa_My_Thinh": "My Thinh commune",
  "Xa_My_Thanh": "My Thanh commune",
  "Huyen_Vu_Ban": "Vu Ban District",
  "Thi_tran_Goi": "Goi town",
  "Xa_Minh_Thuan": "Minh Thuan commune",
  "Xa_Hien_Khanh": "Hien Khanh Commune",
  "Xa_Tan_Khanh": "Tan Khanh commune",
  "Xa_Hop_Hung": "Hop Hung Commune",
  "Xa_Dai_An": "Dai An commune",
  "Xa_Tan_Thanh": "Tan Thanh commune",
  "Xa_Cong_Hoa": "Cong Hoa commune",
  "Xa_Trung_Thanh": "Trung Thanh Commune",
  "Xa_Quang_Trung": "Quang Trung commune",
  "Xa_Minh_Tan": "Minh Tan commune",
  "Xa_Lien_Bao": "Lien Bao commune",
  "Xa_Thanh_Loi": "Thanh Loi commune",
  "Xa_Kim_Thai": "Kim Thai commune",
  "Xa_Lien_Minh": "Lien Minh Commune",
  "Xa_Dai_Thang": "Dai Thang commune",
  "Xa_Tam_Thanh": "Tam Thanh commune",
  "Xa_Vinh_Hao": "Vinh Hao commune",
  "Huyen_Y_Yen": "Y Yen district",
  "Thi_tran_Lam": "Lam town",
  "Xa_Yen_Trung": "Yen Trung commune",
  "Xa_Yen_Thanh": "Yen Thanh commune",
  "Xa_Yen_Tan": "Yen Tan commune",
  "Xa_Yen_Loi": "Yen Loi commune",
  "Xa_Yen_Tho": "Yen Tho commune",
  "Xa_Yen_Nghia": "Yen Nghia commune",
  "Xa_Yen_Minh": "Yen Minh commune",
  "Xa_Yen_Phuong": "Yen Phuong commune",
  "Xa_Yen_Chinh": "Yen Chinh Commune",
  "Xa_Yen_Binh": "Yen Binh commune",
  "Xa_Yen_Phu": "Yen Phu commune",
  "Xa_Yen_My": "Yen My commune",
  "Xa_Yen_Duong": "Yen Duong commune",
  "Xa_Yen_Hung": "Yen Hung commune",
  "Xa_Yen_Khanh": "Yen Khanh commune",
  "Xa_Yen_Phong": "Yen Phong commune",
  "Xa_Yen_Ninh": "Yen Ninh commune",
  "Xa_Yen_Luong": "Yen Luong commune",
  "Xa_Yen_Hong": "Yen Hong commune",
  "Xa_Yen_Quang": "Yen Quang commune",
  "Xa_Yen_Tien": "Yen Tien Commune",
  "Xa_Yen_Thang": "Yen Thang commune",
  "Xa_Yen_Phuc": "Yen Phuc commune",
  "Xa_Yen_Cuong": "Yen Cuong commune",
  "Xa_Yen_Loc": "Yen Loc commune",
  "Xa_Yen_Bang": "Yen Bang commune",
  "Xa_Yen_Dong": "Yen Dong commune",
  "Xa_Yen_Khang": "Yen Khang commune",
  "Xa_Yen_Nhan": "Yen Nhan Commune",
  "Xa_Yen_Tri": "Yen Tri commune",
  "Huyen_Nghia_Hung": "Nghia Hung district",
  "Thi_tran_Lieu_De": "Lieu De town",
  "Thi_tran_Rang_Dong": "Rang Dong town",
  "Xa_Nghia_Dong": "Nghia Dong commune",
  "Xa_Nghia_Thinh": "Nghia Thinh commune",
  "Xa_Nghia_Minh": "Nghia Minh commune",
  "Xa_Nghia_Thai": "Nghia Thai commune",
  "Xa_Hoang_Nam": "Hoang Nam commune",
  "Xa_Nghia_Chau": "Nghia Chau commune",
  "Xa_Nghia_Trung": "Nghia Trung commune",
  "Xa_Nghia_Son": "Nghia Son commune",
  "Xa_Nghia_Lac": "Nghia Lac commune",
  "Xa_Nghia_Hong": "Nghia Hong commune",
  "Xa_Nghia_Phong": "Nghia Phong commune",
  "Xa_Nghia_Phu": "Nghia Phu commune",
  "Xa_Nghia_Binh": "Nghia Binh commune",
  "Thi_tran_Quy_Nhat": "Fund Nhat Town",
  "Xa_Nghia_Tan": "Nghia Tan commune",
  "Xa_Nghia_Hung": "Nghia Hung commune",
  "Xa_Nghia_Lam": "Nghia Lam commune",
  "Xa_Nghia_Thanh": "Nghia Thanh commune",
  "Xa_Phuc_Thang": "Phuc Thang commune",
  "Xa_Nghia_Loi": "Nghia Loi Commune",
  "Xa_Nghia_Hai": "Nghia Hai commune",
  "Xa_Nam_Dien": "Nam Dien commune",
  "Huyen_Nam_Truc": "Nam Truc district",
  "Thi_tran_Nam_Giang": "Nam Giang town",
  "Xa_Nam_My": "South American Commune",
  "Xa_Dien_Xa": "Dien Xa commune",
  "Xa_Nghia_An": "Nghia An commune",
  "Xa_Nam_Thang": "Nam Thang commune",
  "Xa_Nam_Toan": "Nam Toan commune",
  "Xa_Hong_Quang": "Hong Quang commune",
  "Xa_Tan_Thinh": "Tan Thinh commune",
  "Xa_Nam_Cuong": "Nam Cuong commune",
  "Xa_Nam_Hong": "Nam Hong commune",
  "Xa_Nam_Hung": "Nam Hung commune",
  "Xa_Nam_Hoa": "Nam Hoa commune",
  "Xa_Nam_Duong": "Nam Duong commune",
  "Xa_Nam_Thanh": "Nam Thanh commune",
  "Xa_Nam_Loi": "Nam Loi commune",
  "Xa_Binh_Minh": "Binh Minh Commune",
  "Xa_Dong_Son": "Dong Son commune",
  "Xa_Nam_Tien": "Nam Tien Commune",
  "Xa_Nam_Hai": "Nam Hai commune",
  "Xa_Nam_Thai": "Nam Thai commune",
  "Huyen_Truc_Ninh": "Truc Ninh District",
  "Thi_tran_Co_Le": "Co Le town",
  "Xa_Phuong_Dinh": "Phuong Dinh commune",
  "Xa_Truc_Chinh": "Truc Chinh Commune",
  "Xa_Trung_Dong": "Trung Dong Commune",
  "Xa_Liem_Hai": "Liem Hai commune",
  "Xa_Truc_Tuan": "Truc Tuan Commune",
  "Xa_Viet_Hung": "Viet Hung commune",
  "Xa_Truc_Dao": "Truc Dao Commune",
  "Xa_Truc_Hung": "Truc Hung commune",
  "Xa_Truc_Noi": "Truc Noi Commune",
  "Thi_tran_Cat_Thanh": "Cat Thanh town",
  "Xa_Truc_Thanh": "Truc Thanh Commune",
  "Xa_Truc_Khang": "Truc Khang Commune",
  "Xa_Truc_Thuan": "Truc Thuan Commune",
  "Xa_Truc_My": "Truc My Commune",
  "Xa_Truc_Dai": "Truc Dai Commune",
  "Xa_Truc_Cuong": "Truc Cuong commune",
  "Thi_tran_Ninh_Cuong": "Ninh Cuong town",
  "Xa_Truc_Thai": "Truc Thai Commune",
  "Xa_Truc_Thang": "Truc Thang commune",
  "Huyen_Xuan_Truong": "Xuan Truong District",
  "Xa_Xuan_Chau": "Xuan Chau commune",
  "Xa_Xuan_Hong": "Xuan Hong commune",
  "Xa_Xuan_Thanh": "Xuan Thanh commune",
  "Xa_Xuan_Thuong": "Xuan Thuong commune",
  "Xa_Xuan_Phong": "Xuan Phong commune",
  "Xa_Xuan_Dai": "Xuan Dai commune",
  "Xa_Xuan_Tan": "Xuan Tan commune",
  "Xa_Xuan_Thuy": "Xuan Thuy commune",
  "Xa_Xuan_Ngoc": "Xuan Ngoc commune",
  "Xa_Xuan_Bac": "Xuan Bac commune",
  "Xa_Xuan_Phuong": "Xuan Phuong commune",
  "Xa_Tho_Nghiep": "Tho Nghiep commune",
  "Xa_Xuan_Phu": "Xuan Phu commune",
  "Xa_Xuan_Trung": "Xuan Trung commune",
  "Xa_Xuan_Vinh": "Xuan Vinh commune",
  "Xa_Xuan_Kien": "Xuan Kien commune",
  "Xa_Xuan_Tien": "Xuan Tien Commune",
  "Xa_Xuan_Ninh": "Xuan Ninh commune",
  "Xa_Xuan_Hoa": "Xuan Hoa Commune",
  "Huyen_Giao_Thuy": "Giao Thuy district",
  "Thi_tran_Ngo_Dong": "Ngo Dong town",
  "Thi_tran_Quat_Lam": "Quat Lam town",
  "Xa_Giao_Huong": "Giao Huong Commune",
  "Xa_Hong_Thuan": "Hong Thuan commune",
  "Xa_Giao_Thien": "Giao Thien Commune",
  "Xa_Giao_Thanh": "Giao Thanh Commune",
  "Xa_Hoanh_Son": "Hoanh Son commune",
  "Xa_Binh_Hoa": "Binh Hoa commune",
  "Xa_Giao_Tien": "Giao Tien Commune",
  "Xa_Giao_Ha": "Giao Ha Commune",
  "Xa_Giao_Nhan": "Giao Nhan Commune",
  "Xa_Giao_An": "Giao An Commune",
  "Xa_Giao_Lac": "Giao Lac Commune",
  "Xa_Giao_Chau": "Giao Chau Commune",
  "Xa_Giao_Tan": "Giao Tan commune",
  "Xa_Giao_Yen": "Giao Yen Commune",
  "Xa_Giao_Xuan": "Giao Xuan Commune",
  "Xa_Giao_Thinh": "Giao Thinh commune",
  "Xa_Giao_Hai": "Giao Hai commune",
  "Xa_Bach_Long": "Bach Long commune",
  "Xa_Giao_Long": "Giao Long commune",
  "Xa_Giao_Phong": "Giao Phong commune",
  "Huyen_Hai_Hau": "Hai Hau district",
  "Thi_tran_Yen_Dinh": "Yen Dinh town",
  "Thi_tran_Con": "Con town",
  "Thi_tran_Thinh_Long": "Thinh Long town",
  "Xa_Hai_Nam": "Hai Nam commune",
  "Xa_Hai_Trung": "Hai Trung commune",
  "Xa_Hai_Van": "Hai Van commune",
  "Xa_Hai_Minh": "Hai Minh commune",
  "Xa_Hai_Anh": "Hai Anh commune",
  "Xa_Hai_Hung": "Hai Hung commune",
  "Xa_Hai_Bac": "Hai Bac commune",
  "Xa_Hai_Phuc": "Hai Phuc commune",
  "Xa_Hai_Thanh": "Hai Thanh commune",
  "Xa_Hai_Ha": "Hai Ha commune",
  "Xa_Hai_Long": "Hai Long commune",
  "Xa_Hai_Phuong": "Hai Phuong commune",
  "Xa_Hai_Duong": "Hai Duong commune",
  "Xa_Hai_Loc": "Hai Loc commune",
  "Xa_Hai_Quang": "Hai Quang commune",
  "Xa_Hai_Dong": "Hai Dong commune",
  "Xa_Hai_Son": "Hai Son commune",
  "Xa_Hai_Tan": "Hai Tan commune",
  "Xa_Hai_Phong": "Hai Phong commune",
  "Xa_Hai_An": "Hai An commune",
  "Xa_Hai_Tay": "Hai Tay commune",
  "Xa_Hai_Ly": "Hai Ly commune",
  "Xa_Hai_Phu": "Hai Phu commune",
  "Xa_Hai_Giang": "Hai Giang commune",
  "Xa_Hai_Cuong": "Hai Cuong commune",
  "Xa_Hai_Ninh": "Hai Ninh commune",
  "Xa_Hai_Chinh": "Hai Chinh Commune",
  "Xa_Hai_Xuan": "Hai Xuan commune",
  "Xa_Hai_Chau": "Hai Chau commune",
  "Xa_Hai_Trieu": "Hai Trieu commune",
  "Xa_Hai_Hoa": "Hai Hoa commune"
}