{
  "Da_Nang": "Đà Nẵng",
  "Quan_Lien_Chieu": "Quận Liên Chiểu",
  "Phuong_Hoa_Hiep_Bac": "Phường Hòa Hiệp Bắc",
  "Phuong_Hoa_Hiep_Nam": "Phường Hòa Hiệp Nam",
  "Phuong_Hoa_Khanh_Bac": "Phường Hòa Khánh Bắc",
  "Phuong_Hoa_Khanh_Nam": "Phường Hòa Khánh Nam",
  "Phuong_Hoa_Minh": "Phường Hòa Minh",
  "Quan_Thanh_Khe": "Quận Thanh Khê",
  "Phuong_Tam_Thuan": "Phường Tam Thuận",
  "Phuong_Thanh_Khe_Tay": "Phường Thanh Khê Tây",
  "Phuong_Thanh_Khe_Dong": "Phường Thanh Khê Đông",
  "Phuong_Xuan_Ha": "Phường Xuân Hà",
  "Phuong_Tan_Chinh": "Phường Tân Chính",
  "Phuong_Chinh_Gian": "Phường Chính Gián",
  "Phuong_Vinh_Trung": "Phường Vĩnh Trung",
  "Phuong_Thac_Gian": "Phường Thạc Gián",
  "Phuong_An_Khe": "Phường An Khê",
  "Phuong_Hoa_Khe": "Phường Hòa Khê",
  "Quan_Hai_Chau": "Quận Hải Châu",
  "Phuong_Thanh_Binh": "Phường Thanh Bình",
  "Phuong_Thuan_Phuoc": "Phường Thuận Phước",
  "Phuong_Thach_Thang": "Phường Thạch Thang",
  "Phuong_Hai_Chau_I": "Phường Hải Châu I",
  "Phuong_Hai_Chau_II": "Phường Hải Châu II",
  "Phuong_Phuoc_Ninh": "Phường Phước Ninh",
  "Phuong_Hoa_Thuan_Tay": "Phường Hòa Thuận Tây",
  "Phuong_Hoa_Thuan_Dong": "Phường Hòa Thuận Đông",
  "Phuong_Nam_Duong": "Phường Nam Dương",
  "Phuong_Binh_Hien": "Phường Bình Hiên",
  "Phuong_Binh_Thuan": "Phường Bình Thuận",
  "Phuong_Hoa_Cuong_Bac": "Phường Hòa Cường Bắc",
  "Phuong_Hoa_Cuong_Nam": "Phường Hòa Cường Nam",
  "Quan_Son_Tra": "Quận Sơn Trà",
  "Phuong_Tho_Quang": "Phường Thọ Quang",
  "Phuong_Nai_Hien_Dong": "Phường Nại Hiên Đông",
  "Phuong_Man_Thai": "Phường Mân Thái",
  "Phuong_An_Hai_Bac": "Phường An Hải Bắc",
  "Phuong_Phuoc_My": "Phường Phước Mỹ",
  "Phuong_An_Hai_Tay": "Phường An Hải Tây",
  "Phuong_An_Hai_Dong": "Phường An Hải Đông",
  "Quan_Ngu_Hanh_Son": "Quận Ngũ Hành Sơn",
  "Phuong_My_An": "Phường Mỹ An",
  "Phuong_Khue_My": "Phường Khuê Mỹ",
  "Phuong_Hoa_Quy": "Phường Hoà Quý",
  "Phuong_Hoa_Hai": "Phường Hoà Hải",
  "Quan_Cam_Le": "Quận Cẩm Lệ",
  "Phuong_Khue_Trung": "Phường Khuê Trung",
  "Phuong_Hoa_Phat": "Phường Hòa Phát",
  "Phuong_Hoa_An": "Phường Hòa An",
  "Phuong_Hoa_Tho_Tay": "Phường Hòa Thọ Tây",
  "Phuong_Hoa_Tho_Dong": "Phường Hòa Thọ Đông",
  "Phuong_Hoa_Xuan": "Phường Hòa Xuân",
  "Huyen_Hoa_Vang": "Huyện Hòa Vang",
  "Xa_Hoa_Bac": "Xã Hòa Bắc",
  "Xa_Hoa_Lien": "Xã Hòa Liên",
  "Xa_Hoa_Ninh": "Xã Hòa Ninh",
  "Xa_Hoa_Son": "Xã Hòa Sơn",
  "Xa_Hoa_Nhon": "Xã Hòa Nhơn",
  "Xa_Hoa_Phu": "Xã Hòa Phú",
  "Xa_Hoa_Phong": "Xã Hòa Phong",
  "Xa_Hoa_Chau": "Xã Hòa Châu",
  "Xa_Hoa_Tien": "Xã Hòa Tiến",
  "Xa_Hoa_Phuoc": "Xã Hòa Phước",
  "Xa_Hoa_Khuong": "Xã Hòa Khương",
  "Huyen_Hoang_Sa": "Huyện Hoàng Sa"
}