{
  "Bac_Giang": "Bắc Giang",
  "Thanh_pho_Bac_Giang": "Thành phố Bắc Giang",
  "Phuong_Tho_Xuong": "Phường Thọ Xương",
  "Phuong_Tran_Nguyen_Han": "Phường Trần Nguyên Hãn",
  "Phuong_Ngo_Quyen": "Phường Ngô Quyền",
  "Phuong_Hoang_Van_Thu": "Phường Hoàng Văn Thụ",
  "Phuong_Tran_Phu": "Phường Trần Phú",
  "Phuong_My_Do": "Phường Mỹ Độ",
  "Phuong_Le_Loi": "Phường Lê Lợi",
  "Xa_Song_Mai": "Xã Song Mai",
  "Phuong_Xuong_Giang": "Phường Xương Giang",
  "Phuong_Da_Mai": "Phường Đa Mai",
  "Phuong_Dinh_Ke": "Phường Dĩnh Kế",
  "Xa_Dinh_Tri": "Xã Dĩnh Trì",
  "Xa_Tan_My": "Xã Tân Mỹ",
  "Xa_Dong_Son": "Xã Đông Sơn",
  "Xa_Tan_Tien": "Xã Tân Tiến",
  "Xa_Song_Khe": "Xã Song Khê",
  "Huyen_Yen_The": "Huyện Yên Thế",
  "Xa_Dong_Tien": "Xã Đồng Tiến",
  "Xa_Canh_Nau": "Xã Canh Nậu",
  "Xa_Xuan_Luong": "Xã Xuân Lương",
  "Xa_Tam_Tien": "Xã Tam Tiến",
  "Xa_Dong_Vuong": "Xã Đồng Vương",
  "Xa_Dong_Huu": "Xã Đồng Hưu",
  "Xa_Dong_Tam": "Xã Đồng Tâm",
  "Xa_Tam_Hiep": "Xã Tam Hiệp",
  "Xa_Tien_Thang": "Xã Tiến Thắng",
  "Xa_Hong_Ky": "Xã Hồng Kỳ",
  "Xa_Dong_Lac": "Xã Đồng Lạc",
  "Xa_Tan_Hiep": "Xã Tân Hiệp",
  "Xa_Huong_Vi": "Xã Hương Vĩ",
  "Xa_Dong_Ky": "Xã Đồng Kỳ",
  "Xa_An_Thuong": "Xã An Thượng",
  "Thi_tran_Phon_Xuong": "Thị trấn Phồn Xương",
  "Xa_Tan_Soi": "Xã Tân Sỏi",
  "Thi_tran_Bo_Ha": "Thị trấn Bố Hạ",
  "Huyen_Tan_Yen": "Huyện Tân Yên",
  "Xa_Lan_Gioi": "Xã Lan Giới",
  "Thi_tran_Nha_Nam": "Thị trấn Nhã Nam",
  "Xa_Tan_Trung": "Xã Tân Trung",
  "Xa_Dai_Hoa": "Xã Đại Hóa",
  "Xa_Quang_Tien": "Xã Quang Tiến",
  "Xa_Phuc_Son": "Xã Phúc Sơn",
  "Xa_An_Duong": "Xã An Dương",
  "Xa_Phuc_Hoa": "Xã Phúc Hòa",
  "Xa_Lien_Son": "Xã Liên Sơn",
  "Xa_Hop_Duc": "Xã Hợp Đức",
  "Xa_Lam_Cot": "Xã Lam Cốt",
  "Xa_Cao_Xa": "Xã Cao Xá",
  "Thi_tran_Cao_Thuong": "Thị trấn Cao Thượng",
  "Xa_Viet_Ngoc": "Xã Việt Ngọc",
  "Xa_Song_Van": "Xã Song Vân",
  "Xa_Ngoc_Chau": "Xã Ngọc Châu",
  "Xa_Ngoc_Van": "Xã Ngọc Vân",
  "Xa_Viet_Lap": "Xã Việt Lập",
  "Xa_Lien_Chung": "Xã Liên Chung",
  "Xa_Ngoc_Thien": "Xã Ngọc Thiện",
  "Xa_Ngoc_Ly": "Xã Ngọc Lý",
  "Xa_Que_Nham": "Xã Quế Nham",
  "Huyen_Lang_Giang": "Huyện Lạng Giang",
  "Thi_tran_Voi": "Thị trấn Vôi",
  "Xa_Nghia_Hoa": "Xã Nghĩa Hòa",
  "Xa_Nghia_Hung": "Xã Nghĩa Hưng",
  "Xa_Quang_Thinh": "Xã Quang Thịnh",
  "Xa_Huong_Son": "Xã Hương Sơn",
  "Xa_Dao_My": "Xã Đào Mỹ",
  "Xa_Tien_Luc": "Xã Tiên Lục",
  "Xa_An_Ha": "Xã An Hà",
  "Thi_tran_Kep": "Thị trấn Kép",
  "Xa_My_Ha": "Xã Mỹ Hà",
  "Xa_Huong_Lac": "Xã Hương Lạc",
  "Xa_Duong_Duc": "Xã Dương Đức",
  "Xa_Tan_Thanh": "Xã Tân Thanh",
  "Xa_Yen_My": "Xã Yên Mỹ",
  "Xa_Tan_Hung": "Xã Tân Hưng",
  "Xa_My_Thai": "Xã Mỹ Thái",
  "Xa_Xuong_Lam": "Xã Xương Lâm",
  "Xa_Xuan_Huong": "Xã Xuân Hương",
  "Xa_Tan_Dinh": "Xã Tân Dĩnh",
  "Xa_Dai_Lam": "Xã Đại Lâm",
  "Xa_Thai_Dao": "Xã Thái Đào",
  "Huyen_Luc_Nam": "Huyện Lục Nam",
  "Thi_tran_Doi_Ngo": "Thị trấn Đồi Ngô",
  "Xa_Dong_Hung": "Xã Đông Hưng",
  "Xa_Dong_Phu": "Xã Đông Phú",
  "Xa_Tam_Di": "Xã Tam Dị",
  "Xa_Bao_Son": "Xã Bảo Sơn",
  "Xa_Bao_Dai": "Xã Bảo Đài",
  "Xa_Thanh_Lam": "Xã Thanh Lâm",
  "Xa_Tien_Nha": "Xã Tiên Nha",
  "Xa_Truong_Giang": "Xã Trường Giang",
  "Xa_Phuong_Son": "Xã Phượng Sơn",
  "Xa_Chu_Dien": "Xã Chu Điện",
  "Xa_Cuong_Son": "Xã Cương Sơn",
  "Xa_Nghia_Phuong": "Xã Nghĩa Phương",
  "Xa_Vo_Tranh": "Xã Vô Tranh",
  "Xa_Binh_Son": "Xã Bình Sơn",
  "Xa_Lan_Mau": "Xã Lan Mẫu",
  "Xa_Yen_Son": "Xã Yên Sơn",
  "Xa_Kham_Lang": "Xã Khám Lạng",
  "Xa_Huyen_Son": "Xã Huyền Sơn",
  "Xa_Truong_Son": "Xã Trường Sơn",
  "Xa_Luc_Son": "Xã Lục Sơn",
  "Xa_Bac_Lung": "Xã Bắc Lũng",
  "Xa_Vu_Xa": "Xã Vũ Xá",
  "Xa_Cam_Ly": "Xã Cẩm Lý",
  "Xa_Dan_Hoi": "Xã Đan Hội",
  "Huyen_Luc_Ngan": "Huyện Lục Ngạn",
  "Thi_tran_Chu": "Thị trấn Chũ",
  "Xa_Cam_Son": "Xã Cấm Sơn",
  "Xa_Tan_Son": "Xã Tân Sơn",
  "Xa_Phong_Minh": "Xã Phong Minh",
  "Xa_Phong_Van": "Xã Phong Vân",
  "Xa_Xa_Ly": "Xã Xa Lý",
  "Xa_Ho_Dap": "Xã Hộ Đáp",
  "Xa_Son_Hai": "Xã Sơn Hải",
  "Xa_Thanh_Hai": "Xã Thanh Hải",
  "Xa_Kien_Lao": "Xã Kiên Lao",
  "Xa_Bien_Son": "Xã Biên Sơn",
  "Xa_Kien_Thanh": "Xã Kiên Thành",
  "Xa_Hong_Giang": "Xã Hồng Giang",
  "Xa_Kim_Son": "Xã Kim Sơn",
  "Xa_Tan_Hoa": "Xã Tân Hoa",
  "Xa_Giap_Son": "Xã Giáp Sơn",
  "Xa_Bien_Dong": "Xã Biển Động",
  "Xa_Quy_Son": "Xã Quý Sơn",
  "Xa_Tru_Huu": "Xã Trù Hựu",
  "Xa_Phi_Dien": "Xã Phì Điền",
  "Xa_Tan_Quang": "Xã Tân Quang",
  "Xa_Dong_Coc": "Xã Đồng Cốc",
  "Xa_Tan_Lap": "Xã Tân Lập",
  "Xa_Phu_Nhuan": "Xã Phú Nhuận",
  "Xa_My_An": "Xã Mỹ An",
  "Xa_Nam_Duong": "Xã Nam Dương",
  "Xa_Tan_Moc": "Xã Tân Mộc",
  "Xa_Deo_Gia": "Xã Đèo Gia",
  "Huyen_Son_Dong": "Huyện Sơn Động",
  "Thi_tran_An_Chau": "Thị trấn An Châu",
  "Thi_tran_Tay_Yen_Tu": "Thị trấn Tây Yên Tử",
  "Xa_Van_Son": "Xã Vân Sơn",
  "Xa_Huu_San": "Xã Hữu Sản",
  "Xa_Dai_Son": "Xã Đại Sơn",
  "Xa_Giao_Liem": "Xã Giáo Liêm",
  "Xa_Cam_Dan": "Xã Cẩm Đàn",
  "Xa_An_Lac": "Xã An Lạc",
  "Xa_Vinh_An": "Xã Vĩnh An",
  "Xa_Yen_Dinh": "Xã Yên Định",
  "Xa_Le_Vien": "Xã Lệ Viễn",
  "Xa_An_Ba": "Xã An Bá",
  "Xa_Tuan_Dao": "Xã Tuấn Đạo",
  "Xa_Duong_Huu": "Xã Dương Hưu",
  "Xa_Long_Son": "Xã Long Sơn",
  "Xa_Thanh_Luan": "Xã Thanh Luận",
  "Huyen_Yen_Dung": "Huyện Yên Dũng",
  "Thi_tran_Nham_Bien": "Thị trấn Nham Biền",
  "Thi_tran_Tan_An": "Thị trấn Tân An",
  "Xa_Lao_Ho": "Xã Lão Hộ",
  "Xa_Huong_Gian": "Xã Hương Gián",
  "Xa_Quynh_Son": "Xã Quỳnh Sơn",
  "Xa_Noi_Hoang": "Xã Nội Hoàng",
  "Xa_Tien_Phong": "Xã Tiền Phong",
  "Xa_Xuan_Phu": "Xã Xuân Phú",
  "Xa_Tan_Lieu": "Xã Tân Liễu",
  "Xa_Tri_Yen": "Xã Trí Yên",
  "Xa_Lang_Son": "Xã Lãng Sơn",
  "Xa_Yen_Lu": "Xã Yên Lư",
  "Xa_Tien_Dung": "Xã Tiến Dũng",
  "Xa_Duc_Giang": "Xã Đức Giang",
  "Xa_Canh_Thuy": "Xã Cảnh Thụy",
  "Xa_Tu_Mai": "Xã Tư Mại",
  "Xa_Dong_Viet": "Xã Đồng Việt",
  "Xa_Dong_Phuc": "Xã Đồng Phúc",
  "Huyen_Viet_Yen": "Huyện Việt Yên",
  "Xa_Thuong_Lan": "Xã Thượng Lan",
  "Xa_Viet_Tien": "Xã Việt Tiến",
  "Xa_Nghia_Trung": "Xã Nghĩa Trung",
  "Xa_Minh_Duc": "Xã Minh Đức",
  "Xa_Huong_Mai": "Xã Hương Mai",
  "Xa_Tu_Lan": "Xã Tự Lạn",
  "Thi_tran_Bich_Dong": "Thị trấn Bích Động",
  "Xa_Trung_Son": "Xã Trung Sơn",
  "Xa_Hong_Thai": "Xã Hồng Thái",
  "Xa_Tien_Son": "Xã Tiên Sơn",
  "Xa_Tang_Tien": "Xã Tăng Tiến",
  "Xa_Quang_Minh": "Xã Quang Minh",
  "Thi_tran_Nenh": "Thị trấn Nếnh",
  "Xa_Ninh_Son": "Xã Ninh Sơn",
  "Xa_Van_Trung": "Xã Vân Trung",
  "Xa_Van_Ha": "Xã Vân Hà",
  "Xa_Quang_Chau": "Xã Quang Châu",
  "Huyen_Hiep_Hoa": "Huyện Hiệp Hòa",
  "Xa_Dong_Tan": "Xã Đồng Tân",
  "Xa_Thanh_Van": "Xã Thanh Vân",
  "Xa_Hoang_Luong": "Xã Hoàng Lương",
  "Xa_Hoang_Van": "Xã Hoàng Vân",
  "Xa_Hoang_Thanh": "Xã Hoàng Thanh",
  "Xa_Hoang_An": "Xã Hoàng An",
  "Xa_Ngoc_Son": "Xã Ngọc Sơn",
  "Xa_Thai_Son": "Xã Thái Sơn",
  "Xa_Hoa_Son": "Xã Hòa Sơn",
  "Thi_tran_Thang": "Thị trấn Thắng",
  "Xa_Luong_Phong": "Xã Lương Phong",
  "Xa_Hung_Son": "Xã Hùng Sơn",
  "Xa_Dai_Thanh": "Xã Đại Thành",
  "Xa_Thuong_Thang": "Xã Thường Thắng",
  "Xa_Hop_Thinh": "Xã Hợp Thịnh",
  "Xa_Danh_Thang": "Xã Danh Thắng",
  "Xa_Mai_Trung": "Xã Mai Trung",
  "Xa_Doan_Bai": "Xã Đoan Bái",
  "Xa_Bac_Ly": "Xã Bắc Lý",
  "Xa_Xuan_Cam": "Xã Xuân Cẩm",
  "Xa_Huong_Lam": "Xã Hương Lâm",
  "Xa_Dong_Lo": "Xã Đông Lỗ",
  "Xa_Chau_Minh": "Xã Châu Minh",
  "Xa_Mai_Dinh": "Xã Mai Đình"
}