{
  "Bac_Giang": "Bac Giang",
  "Thanh_pho_Bac_Giang": "Bac Giang City",
  "Phuong_Tho_Xuong": "Tho Xuong Ward",
  "Phuong_Tran_Nguyen_Han": "Tran Nguyen Han Ward",
  "Phuong_Ngo_Quyen": "Ngo Quyen Ward",
  "Phuong_Hoang_Van_Thu": "Hoang Van Thu Ward",
  "Phuong_Tran_Phu": "Tran Phu Ward",
  "Phuong_My_Do": "My Do Ward",
  "Phuong_Le_Loi": "Le Loi Ward",
  "Xa_Song_Mai": "Song Mai commune",
  "Phuong_Xuong_Giang": "Xuong Giang Ward",
  "Phuong_Da_Mai": "Da Mai Ward",
  "Phuong_Dinh_Ke": "Dinh Ke Ward",
  "Xa_Dinh_Tri": "Dinh Tri commune",
  "Xa_Tan_My": "Tan My commune",
  "Xa_Dong_Son": "Dong Son commune",
  "Xa_Tan_Tien": "Tan Tien Commune",
  "Xa_Song_Khe": "Song Khe commune",
  "Huyen_Yen_The": "Yen The District",
  "Xa_Dong_Tien": "Dong Tien Commune",
  "Xa_Canh_Nau": "Canh Nau commune",
  "Xa_Xuan_Luong": "Xuan Luong commune",
  "Xa_Tam_Tien": "Tam Tien Commune",
  "Xa_Dong_Vuong": "Dong Vuong commune",
  "Xa_Dong_Huu": "Dong Huu commune",
  "Xa_Dong_Tam": "Dong Tam commune",
  "Xa_Tam_Hiep": "Tam Hiep commune",
  "Xa_Tien_Thang": "Tien Thang commune",
  "Xa_Hong_Ky": "Hong Ky Commune",
  "Xa_Dong_Lac": "Dong Lac commune",
  "Xa_Tan_Hiep": "Tan Hiep commune",
  "Xa_Huong_Vi": "Huong Vi commune",
  "Xa_Dong_Ky": "Dong Ky commune",
  "Xa_An_Thuong": "An Thuong commune",
  "Thi_tran_Phon_Xuong": "Phon Xuong town",
  "Xa_Tan_Soi": "Tan Soi commune",
  "Thi_tran_Bo_Ha": "Bo Ha town",
  "Huyen_Tan_Yen": "Tan Yen district",
  "Xa_Lan_Gioi": "Lan Gioi Commune",
  "Thi_tran_Nha_Nam": "Nha Nam town",
  "Xa_Tan_Trung": "Tan Trung commune",
  "Xa_Dai_Hoa": "Dai Hoa commune",
  "Xa_Quang_Tien": "Quang Tien Commune",
  "Xa_Phuc_Son": "Phuc Son commune",
  "Xa_An_Duong": "An Duong commune",
  "Xa_Phuc_Hoa": "Phuc Hoa Commune",
  "Xa_Lien_Son": "Lien Son commune",
  "Xa_Hop_Duc": "Hop Duc Commune",
  "Xa_Lam_Cot": "Lam Cot commune",
  "Xa_Cao_Xa": "Cao Xa commune",
  "Thi_tran_Cao_Thuong": "Cao Thuong town",
  "Xa_Viet_Ngoc": "Viet Ngoc commune",
  "Xa_Song_Van": "Song Van commune",
  "Xa_Ngoc_Chau": "Ngoc Chau commune",
  "Xa_Ngoc_Van": "Ngoc Van commune",
  "Xa_Viet_Lap": "Viet Lap commune",
  "Xa_Lien_Chung": "Lien Chung Commune",
  "Xa_Ngoc_Thien": "Ngoc Thien commune",
  "Xa_Ngoc_Ly": "Ngoc Ly commune",
  "Xa_Que_Nham": "Que Nham commune",
  "Huyen_Lang_Giang": "Lang Giang district",
  "Thi_tran_Voi": "Voi Town",
  "Xa_Nghia_Hoa": "Nghia Hoa Commune",
  "Xa_Nghia_Hung": "Nghia Hung commune",
  "Xa_Quang_Thinh": "Quang Thinh commune",
  "Xa_Huong_Son": "Huong Son commune",
  "Xa_Dao_My": "Dao My commune",
  "Xa_Tien_Luc": "Tien Luc commune",
  "Xa_An_Ha": "An Ha commune",
  "Thi_tran_Kep": "Kep town",
  "Xa_My_Ha": "My Ha commune",
  "Xa_Huong_Lac": "Huong Lac commune",
  "Xa_Duong_Duc": "Duong Duc commune",
  "Xa_Tan_Thanh": "Tan Thanh commune",
  "Xa_Yen_My": "Yen My commune",
  "Xa_Tan_Hung": "Tan Hung commune",
  "Xa_My_Thai": "My Thai commune",
  "Xa_Xuong_Lam": "Xuong Lam commune",
  "Xa_Xuan_Huong": "Xuan Huong commune",
  "Xa_Tan_Dinh": "Tan Dinh commune",
  "Xa_Dai_Lam": "Dai Lam commune",
  "Xa_Thai_Dao": "Thai Dao commune",
  "Huyen_Luc_Nam": "Luc Nam district",
  "Thi_tran_Doi_Ngo": "Doi Ngo town",
  "Xa_Dong_Hung": "Dong Hung commune",
  "Xa_Dong_Phu": "Dong Phu commune",
  "Xa_Tam_Di": "Tam Di commune",
  "Xa_Bao_Son": "Bao Son commune",
  "Xa_Bao_Dai": "Bao Dai commune",
  "Xa_Thanh_Lam": "Thanh Lam commune",
  "Xa_Tien_Nha": "Tien Nha commune",
  "Xa_Truong_Giang": "Truong Giang commune",
  "Xa_Phuong_Son": "Phuong Son commune",
  "Xa_Chu_Dien": "Chu Dien Commune",
  "Xa_Cuong_Son": "Cuong Son commune",
  "Xa_Nghia_Phuong": "Nghia Phuong commune",
  "Xa_Vo_Tranh": "Vo Tranh Commune",
  "Xa_Binh_Son": "Binh Son commune",
  "Xa_Lan_Mau": "Lan Mau Commune",
  "Xa_Yen_Son": "Yen Son commune",
  "Xa_Kham_Lang": "Kham Lang commune",
  "Xa_Huyen_Son": "Huyen Son commune",
  "Xa_Truong_Son": "Truong Son commune",
  "Xa_Luc_Son": "Luc Son commune",
  "Xa_Bac_Lung": "Bac Lung commune",
  "Xa_Vu_Xa": "Vu Xa commune",
  "Xa_Cam_Ly": "Cam Ly commune",
  "Xa_Dan_Hoi": "Dan Hoi Commune",
  "Huyen_Luc_Ngan": "Luc Ngan district",
  "Thi_tran_Chu": "Chu town",
  "Xa_Cam_Son": "Cam Son commune",
  "Xa_Tan_Son": "Tan Son commune",
  "Xa_Phong_Minh": "Phong Minh commune",
  "Xa_Phong_Van": "Phong Van commune",
  "Xa_Xa_Ly": "Xa Ly commune",
  "Xa_Ho_Dap": "Ho Dap Commune",
  "Xa_Son_Hai": "Son Hai commune",
  "Xa_Thanh_Hai": "Thanh Hai commune",
  "Xa_Kien_Lao": "Kien Lao commune",
  "Xa_Bien_Son": "Bien Son commune",
  "Xa_Kien_Thanh": "Kien Thanh commune",
  "Xa_Hong_Giang": "Hong Giang commune",
  "Xa_Kim_Son": "Kim Son commune",
  "Xa_Tan_Hoa": "Tan Hoa commune",
  "Xa_Giap_Son": "Giap Son commune",
  "Xa_Bien_Dong": "Bien Dong Commune",
  "Xa_Quy_Son": "Quy Son commune",
  "Xa_Tru_Huu": "Tru Huu commune",
  "Xa_Phi_Dien": "Phi Dien commune",
  "Xa_Tan_Quang": "Tan Quang commune",
  "Xa_Dong_Coc": "Dong Coc commune",
  "Xa_Tan_Lap": "Tan Lap commune",
  "Xa_Phu_Nhuan": "Phu Nhuan commune",
  "Xa_My_An": "My An commune",
  "Xa_Nam_Duong": "Nam Duong commune",
  "Xa_Tan_Moc": "Tan Moc commune",
  "Xa_Deo_Gia": "Deo Gia commune",
  "Huyen_Son_Dong": "Son Dong district",
  "Thi_tran_An_Chau": "An Chau town",
  "Thi_tran_Tay_Yen_Tu": "Tay Yen Tu town",
  "Xa_Van_Son": "Van Son commune",
  "Xa_Huu_San": "Huu San Commune",
  "Xa_Dai_Son": "Dai Son commune",
  "Xa_Giao_Liem": "Giao Liem commune",
  "Xa_Cam_Dan": "Cam Dan commune",
  "Xa_An_Lac": "An Lac commune",
  "Xa_Vinh_An": "Vinh An commune",
  "Xa_Yen_Dinh": "Yen Dinh commune",
  "Xa_Le_Vien": "Le Vien commune",
  "Xa_An_Ba": "An Ba commune",
  "Xa_Tuan_Dao": "Tuan Dao commune",
  "Xa_Duong_Huu": "Duong Huu commune",
  "Xa_Long_Son": "Long Son commune",
  "Xa_Thanh_Luan": "Thanh Luan Commune",
  "Huyen_Yen_Dung": "Yen Dung district",
  "Thi_tran_Nham_Bien": "Nham Bien town",
  "Thi_tran_Tan_An": "Tan An town",
  "Xa_Lao_Ho": "Lao Ho commune",
  "Xa_Huong_Gian": "Huong Gian Commune",
  "Xa_Quynh_Son": "Quynh Son commune",
  "Xa_Noi_Hoang": "Noi Hoang Commune",
  "Xa_Tien_Phong": "Tien Phong Commune",
  "Xa_Xuan_Phu": "Xuan Phu commune",
  "Xa_Tan_Lieu": "Tan Lieu commune",
  "Xa_Tri_Yen": "Tri Yen commune",
  "Xa_Lang_Son": "Lang Son commune",
  "Xa_Yen_Lu": "Yen Lu commune",
  "Xa_Tien_Dung": "Tien Dung commune",
  "Xa_Duc_Giang": "Duc Giang commune",
  "Xa_Canh_Thuy": "Canh Thuy commune",
  "Xa_Tu_Mai": "Tu Mai Commune",
  "Xa_Dong_Viet": "Dong Viet Commune",
  "Xa_Dong_Phuc": "Dong Phuc commune",
  "Huyen_Viet_Yen": "Viet Yen district",
  "Xa_Thuong_Lan": "Thuong Lan commune",
  "Xa_Viet_Tien": "Viet Tien Commune",
  "Xa_Nghia_Trung": "Nghia Trung commune",
  "Xa_Minh_Duc": "Minh Duc commune",
  "Xa_Huong_Mai": "Huong Mai Commune",
  "Xa_Tu_Lan": "Tu Lan commune",
  "Thi_tran_Bich_Dong": "Bich Dong town",
  "Xa_Trung_Son": "Trung Son commune",
  "Xa_Hong_Thai": "Hong Thai commune",
  "Xa_Tien_Son": "Tien Son commune",
  "Xa_Tang_Tien": "Tang Tien Commune",
  "Xa_Quang_Minh": "Quang Minh commune",
  "Thi_tran_Nenh": "Nenh Town",
  "Xa_Ninh_Son": "Ninh Son commune",
  "Xa_Van_Trung": "Van Trung commune",
  "Xa_Van_Ha": "Van Ha commune",
  "Xa_Quang_Chau": "Quang Chau commune",
  "Huyen_Hiep_Hoa": "Hiep Hoa district",
  "Xa_Dong_Tan": "Dong Tan commune",
  "Xa_Thanh_Van": "Thanh Van commune",
  "Xa_Hoang_Luong": "Hoang Luong commune",
  "Xa_Hoang_Van": "Hoang Van commune",
  "Xa_Hoang_Thanh": "Hoang Thanh commune",
  "Xa_Hoang_An": "Hoang An commune",
  "Xa_Ngoc_Son": "Ngoc Son commune",
  "Xa_Thai_Son": "Thai Son commune",
  "Xa_Hoa_Son": "Hoa Son commune",
  "Thi_tran_Thang": "Thang town",
  "Xa_Luong_Phong": "Luong Phong commune",
  "Xa_Hung_Son": "Hung Son commune",
  "Xa_Dai_Thanh": "Dai Thanh commune",
  "Xa_Thuong_Thang": "Thuong Thang commune",
  "Xa_Hop_Thinh": "Hop Thinh Commune",
  "Xa_Danh_Thang": "Danh Thang commune",
  "Xa_Mai_Trung": "Mai Trung commune",
  "Xa_Doan_Bai": "Doan Bai commune",
  "Xa_Bac_Ly": "Bac Ly commune",
  "Xa_Xuan_Cam": "Xuan Cam commune",
  "Xa_Huong_Lam": "Huong Lam Commune",
  "Xa_Dong_Lo": "Dong Lo commune",
  "Xa_Chau_Minh": "Chau Minh commune",
  "Xa_Mai_Dinh": "Mai Dinh commune"
}