{
  "Quang_Ninh": "Quảng Ninh",
  "Thanh_pho_Ha_Long": "Thành phố Hạ Long",
  "Phuong_Ha_Khanh": "Phường Hà Khánh",
  "Phuong_Ha_Phong": "Phường Hà Phong",
  "Phuong_Ha_Khau": "Phường Hà Khẩu",
  "Phuong_Cao_Xanh": "Phường Cao Xanh",
  "Phuong_Gieng_Day": "Phường Giếng Đáy",
  "Phuong_Ha_Tu": "Phường Hà Tu",
  "Phuong_Ha_Trung": "Phường Hà Trung",
  "Phuong_Ha_Lam": "Phường Hà Lầm",
  "Phuong_Bai_Chay": "Phường Bãi Cháy",
  "Phuong_Cao_Thang": "Phường Cao Thắng",
  "Phuong_Hung_Thang": "Phường Hùng Thắng",
  "Phuong_Yet_Kieu": "Phường Yết Kiêu",
  "Phuong_Tran_Hung_Dao": "Phường Trần Hưng Đạo",
  "Phuong_Hong_Hai": "Phường Hồng Hải",
  "Phuong_Hong_Gai": "Phường Hồng Gai",
  "Phuong_Bach_Dang": "Phường Bạch Đằng",
  "Phuong_Hong_Ha": "Phường Hồng Hà",
  "Phuong_Tuan_Chau": "Phường Tuần Châu",
  "Phuong_Viet_Hung": "Phường Việt Hưng",
  "Phuong_Dai_Yen": "Phường Đại Yên",
  "Phuong_Hoanh_Bo": "Phường Hoành Bồ",
  "Xa_Ky_Thuong": "Xã Kỳ Thượng",
  "Xa_Dong_Son": "Xã Đồng Sơn",
  "Xa_Tan_Dan": "Xã Tân Dân",
  "Xa_Dong_Lam": "Xã Đồng Lâm",
  "Xa_Hoa_Binh": "Xã Hòa Bình",
  "Xa_Vu_Oai": "Xã Vũ Oai",
  "Xa_Dan_Chu": "Xã Dân Chủ",
  "Xa_Quang_La": "Xã Quảng La",
  "Xa_Bang_Ca": "Xã Bằng Cả",
  "Xa_Thong_Nhat": "Xã Thống Nhất",
  "Xa_Son_Duong": "Xã Sơn Dương",
  "Xa_Le_Loi": "Xã Lê Lợi",
  "Thanh_pho_Mong_Cai": "Thành phố Móng Cái",
  "Phuong_Ka_Long": "Phường Ka Long",
  "Phuong_Tran_Phu": "Phường Trần Phú",
  "Phuong_Ninh_Duong": "Phường Ninh Dương",
  "Phuong_Hoa_Lac": "Phường Hoà Lạc",
  "Phuong_Tra_Co": "Phường Trà Cổ",
  "Xa_Hai_Son": "Xã Hải Sơn",
  "Xa_Bac_Son": "Xã Bắc Sơn",
  "Xa_Hai_Dong": "Xã Hải Đông",
  "Xa_Hai_Tien": "Xã Hải Tiến",
  "Phuong_Hai_Yen": "Phường Hải Yên",
  "Xa_Quang_Nghia": "Xã Quảng Nghĩa",
  "Phuong_Hai_Hoa": "Phường Hải Hoà",
  "Xa_Hai_Xuan": "Xã Hải Xuân",
  "Xa_Van_Ninh": "Xã Vạn Ninh",
  "Phuong_Binh_Ngoc": "Phường Bình Ngọc",
  "Xa_Vinh_Trung": "Xã Vĩnh Trung",
  "Xa_Vinh_Thuc": "Xã Vĩnh Thực",
  "Thanh_pho_Cam_Pha": "Thành phố Cẩm Phả",
  "Phuong_Mong_Duong": "Phường Mông Dương",
  "Phuong_Cua_Ong": "Phường Cửa Ông",
  "Phuong_Cam_Son": "Phường Cẩm Sơn",
  "Phuong_Cam_Dong": "Phường Cẩm Đông",
  "Phuong_Cam_Phu": "Phường Cẩm Phú",
  "Phuong_Cam_Tay": "Phường Cẩm Tây",
  "Phuong_Quang_Hanh": "Phường Quang Hanh",
  "Phuong_Cam_Thinh": "Phường Cẩm Thịnh",
  "Phuong_Cam_Thuy": "Phường Cẩm Thủy",
  "Phuong_Cam_Thach": "Phường Cẩm Thạch",
  "Phuong_Cam_Thanh": "Phường Cẩm Thành",
  "Phuong_Cam_Trung": "Phường Cẩm Trung",
  "Phuong_Cam_Binh": "Phường Cẩm Bình",
  "Xa_Cong_Hoa": "Xã Cộng Hòa",
  "Xa_Cam_Hai": "Xã Cẩm Hải",
  "Xa_Duong_Huy": "Xã Dương Huy",
  "Thanh_pho_Uong_Bi": "Thành phố Uông Bí",
  "Phuong_Vang_Danh": "Phường Vàng Danh",
  "Phuong_Thanh_Son": "Phường Thanh Sơn",
  "Phuong_Bac_Son": "Phường Bắc Sơn",
  "Phuong_Quang_Trung": "Phường Quang Trung",
  "Phuong_Trung_Vuong": "Phường Trưng Vương",
  "Phuong_Nam_Khe": "Phường Nam Khê",
  "Phuong_Yen_Thanh": "Phường Yên Thanh",
  "Xa_Thuong_Yen_Cong": "Xã Thượng Yên Công",
  "Phuong_Phuong_Dong": "Phường Phương Đông",
  "Phuong_Phuong_Nam": "Phường Phương Nam",
  "Huyen_Binh_Lieu": "Huyện Bình Liêu",
  "Xa_Hoanh_Mo": "Xã Hoành Mô",
  "Xa_Dong_Tam": "Xã Đồng Tâm",
  "Xa_Dong_Van": "Xã Đồng Văn",
  "Xa_Vo_Ngai": "Xã Vô Ngại",
  "Xa_Luc_Hon": "Xã Lục Hồn",
  "Xa_Huc_Dong": "Xã Húc Động",
  "Huyen_Tien_Yen": "Huyện Tiên Yên",
  "Xa_Ha_Lau": "Xã Hà Lâu",
  "Xa_Dai_Duc": "Xã Đại Dực",
  "Xa_Phong_Du": "Xã Phong Dụ",
  "Xa_Dien_Xa": "Xã Điền Xá",
  "Xa_Dong_Ngu": "Xã Đông Ngũ",
  "Xa_Yen_Than": "Xã Yên Than",
  "Xa_Dong_Hai": "Xã Đông Hải",
  "Xa_Hai_Lang": "Xã Hải Lạng",
  "Xa_Tien_Lang": "Xã Tiên Lãng",
  "Xa_Dong_Rui": "Xã Đồng Rui",
  "Huyen_Dam_Ha": "Huyện Đầm Hà",
  "Xa_Quang_Lam": "Xã Quảng Lâm",
  "Xa_Quang_An": "Xã Quảng An",
  "Xa_Tan_Binh": "Xã Tân Bình",
  "Xa_Duc_Yen": "Xã Dực Yên",
  "Xa_Quang_Tan": "Xã Quảng Tân",
  "Xa_Dam_Ha": "Xã Đầm Hà",
  "Xa_Tan_Lap": "Xã Tân Lập",
  "Xa_Dai_Binh": "Xã Đại Bình",
  "Huyen_Hai_Ha": "Huyện Hải Hà",
  "Thi_tran_Quang_Ha": "Thị trấn Quảng Hà",
  "Xa_Quang_Duc": "Xã Quảng Đức",
  "Xa_Quang_Son": "Xã Quảng Sơn",
  "Xa_Quang_Thanh": "Xã Quảng Thành",
  "Xa_Quang_Thinh": "Xã Quảng Thịnh",
  "Xa_Quang_Minh": "Xã Quảng Minh",
  "Xa_Quang_Chinh": "Xã Quảng Chính",
  "Xa_Quang_Long": "Xã Quảng Long",
  "Xa_Duong_Hoa": "Xã Đường Hoa",
  "Xa_Quang_Phong": "Xã Quảng Phong",
  "Xa_Cai_Chien": "Xã Cái Chiên",
  "Huyen_Ba_Che": "Huyện Ba Chẽ",
  "Xa_Thanh_Son": "Xã Thanh Sơn",
  "Xa_Thanh_Lam": "Xã Thanh Lâm",
  "Xa_Dap_Thanh": "Xã Đạp Thanh",
  "Xa_Nam_Son": "Xã Nam Sơn",
  "Xa_Luong_Mong": "Xã Lương Mông",
  "Xa_Don_Dac": "Xã Đồn Đạc",
  "Xa_Minh_Cam": "Xã Minh Cầm",
  "Huyen_Van_Don": "Huyện Vân Đồn",
  "Thi_tran_Cai_Rong": "Thị trấn Cái Rồng",
  "Xa_Dai_Xuyen": "Xã Đài Xuyên",
  "Xa_Binh_Dan": "Xã Bình Dân",
  "Xa_Van_Yen": "Xã Vạn Yên",
  "Xa_Minh_Chau": "Xã Minh Châu",
  "Xa_Doan_Ket": "Xã Đoàn Kết",
  "Xa_Ha_Long": "Xã Hạ Long",
  "Xa_Dong_Xa": "Xã Đông Xá",
  "Xa_Ban_Sen": "Xã Bản Sen",
  "Xa_Thang_Loi": "Xã Thắng Lợi",
  "Xa_Quan_Lan": "Xã Quan Lạn",
  "Xa_Ngoc_Vung": "Xã Ngọc Vừng",
  "Thi_xa_Dong_Trieu": "Thị xã Đông Triều",
  "Phuong_Mao_Khe": "Phường Mạo Khê",
  "Phuong_Dong_Trieu": "Phường Đông Triều",
  "Xa_An_Sinh": "Xã An Sinh",
  "Xa_Trang_Luong": "Xã Tràng Lương",
  "Xa_Binh_Khe": "Xã Bình Khê",
  "Xa_Viet_Dan": "Xã Việt Dân",
  "Xa_Tan_Viet": "Xã Tân Việt",
  "Xa_Binh_Duong": "Xã Bình Dương",
  "Phuong_Duc_Chinh": "Phường Đức Chính",
  "Phuong_Trang_An": "Phường Tràng An",
  "Xa_Nguyen_Hue": "Xã Nguyễn Huệ",
  "Xa_Thuy_An": "Xã Thủy An",
  "Phuong_Xuan_Son": "Phường Xuân Sơn",
  "Xa_Hong_Thai_Tay": "Xã Hồng Thái Tây",
  "Xa_Hong_Thai_Dong": "Xã Hồng Thái Đông",
  "Phuong_Hoang_Que": "Phường Hoàng Quế",
  "Phuong_Yen_Tho": "Phường Yên Thọ",
  "Phuong_Hong_Phong": "Phường Hồng Phong",
  "Phuong_Kim_Son": "Phường Kim Sơn",
  "Phuong_Hung_Dao": "Phường Hưng Đạo",
  "Xa_Yen_Duc": "Xã Yên Đức",
  "Thi_xa_Quang_Yen": "Thị xã Quảng Yên",
  "Phuong_Dong_Mai": "Phường Đông Mai",
  "Phuong_Minh_Thanh": "Phường Minh Thành",
  "Xa_Song_Khoai": "Xã Sông Khoai",
  "Xa_Hiep_Hoa": "Xã Hiệp Hòa",
  "Phuong_Cong_Hoa": "Phường Cộng Hòa",
  "Xa_Tien_An": "Xã Tiền An",
  "Xa_Hoang_Tan": "Xã Hoàng Tân",
  "Phuong_Tan_An": "Phường Tân An",
  "Phuong_Yen_Giang": "Phường Yên Giang",
  "Phuong_Nam_Hoa": "Phường Nam Hoà",
  "Phuong_Ha_An": "Phường Hà An",
  "Xa_Cam_La": "Xã Cẩm La",
  "Phuong_Phong_Hai": "Phường Phong Hải",
  "Phuong_Yen_Hai": "Phường Yên Hải",
  "Xa_Lien_Hoa": "Xã Liên Hòa",
  "Phuong_Phong_Coc": "Phường Phong Cốc",
  "Xa_Lien_Vi": "Xã Liên Vị",
  "Xa_Tien_Phong": "Xã Tiền Phong",
  "Huyen_Co_To": "Huyện Cô Tô"
}