{
  "Quang_Tri": "Quang Tri",
  "Thanh_pho_Dong_Ha": "Dong Ha city",
  "Phuong_Dong_Giang": "Dong Giang Ward",
  "Phuong_1": "Ward 1",
  "Phuong_Dong_Le": "Dong Le Ward",
  "Phuong_Dong_Thanh": "Dong Thanh Ward",
  "Phuong_2": "Ward 2",
  "Phuong_4": "Ward 4",
  "Phuong_5": "Ward 5",
  "Phuong_Dong_Luong": "Dong Luong Ward",
  "Phuong_3": "Ward 3",
  "Thi_xa_Quang_Tri": "Quang Tri Town",
  "Phuong_An_Don": "An Don Ward",
  "Xa_Hai_Le": "Hai Le commune",
  "Huyen_Vinh_Linh": "Vinh Linh district",
  "Thi_tran_Ho_Xa": "Ho Xa town",
  "Thi_tran_Ben_Quan": "Ben Quan town",
  "Xa_Vinh_Thai": "Vinh Thai commune",
  "Xa_Vinh_Tu": "Vinh Tu commune",
  "Xa_Vinh_Chap": "Vinh Chap commune",
  "Xa_Trung_Nam": "Trung Nam Commune",
  "Xa_Kim_Thach": "Kim Thach commune",
  "Xa_Vinh_Long": "Vinh Long commune",
  "Xa_Vinh_Khe": "Vinh Khe commune",
  "Xa_Vinh_Hoa": "Vinh Hoa commune",
  "Xa_Vinh_Thuy": "Vinh Thuy commune",
  "Xa_Vinh_Lam": "Vinh Lam commune",
  "Xa_Hien_Thanh": "Hien Thanh commune",
  "Thi_tran_Cua_Tung": "Cua Tung town",
  "Xa_Vinh_Ha": "Vinh Ha commune",
  "Xa_Vinh_Son": "Vinh Son commune",
  "Xa_Vinh_Giang": "Vinh Giang commune",
  "Xa_Vinh_O": "Vinh O commune",
  "Huyen_Huong_Hoa": "Huong Hoa District",
  "Thi_tran_Khe_Sanh": "Khe Sanh town",
  "Thi_tran_Lao_Bao": "Lao Bao town",
  "Xa_Huong_Lap": "Huong Lap Commune",
  "Xa_Huong_Viet": "Huong Viet Commune",
  "Xa_Huong_Phung": "Huong Phung commune",
  "Xa_Huong_Son": "Huong Son commune",
  "Xa_Huong_Linh": "Huong Linh commune",
  "Xa_Tan_Hop": "Tan Hop commune",
  "Xa_Huong_Tan": "Huong Tan Commune",
  "Xa_Tan_Thanh": "Tan Thanh commune",
  "Xa_Tan_Long": "Tan Long commune",
  "Xa_Tan_Lap": "Tan Lap commune",
  "Xa_Tan_Lien": "Tan Lien commune",
  "Xa_Huc": "Huc Commune",
  "Xa_Thuan": "Thuan Commune",
  "Xa_Huong_Loc": "Huong Loc Commune",
  "Xa_Ba_Tang": "Ba Floor Commune",
  "Xa_Thanh": "Thanh Commune",
  "Xa_A_Doi": "A Doi commune",
  "Xa_Lia": "Lia commune",
  "Xa_Xy": "Xy Commune",
  "Huyen_Gio_Linh": "Gio Linh district",
  "Thi_tran_Cua_Viet": "Cua Viet town",
  "Xa_Trung_Giang": "Trung Giang commune",
  "Xa_Trung_Hai": "Trung Hai commune",
  "Xa_Trung_Son": "Trung Son commune",
  "Xa_Phong_Binh": "Phong Binh commune",
  "Xa_Gio_My": "Gio My commune",
  "Xa_Gio_Hai": "Gio Hai commune",
  "Xa_Gio_An": "Gio An Commune",
  "Xa_Gio_Chau": "Gio Chau commune",
  "Xa_Gio_Viet": "Gio Viet Commune",
  "Xa_Linh_Truong": "Linh Truong commune",
  "Xa_Gio_Son": "Gio Son commune",
  "Xa_Gio_Mai": "Gio Mai Commune",
  "Xa_Hai_Thai": "Hai Thai commune",
  "Xa_Linh_Hai": "Linh Hai commune",
  "Xa_Gio_Quang": "Gio Quang commune",
  "Huyen_Da_Krong": "Da Krong District",
  "Thi_tran_Krong_Klang": "Krong Klang town",
  "Xa_Mo_O": "Mo O commune",
  "Xa_Huong_Hiep": "Huong Hiep Commune",
  "Xa_Trieu_Nguyen": "Trieu Nguyen commune",
  "Xa_Ba_Long": "Ba Long commune",
  "Xa_Ba_Nang": "Ba Nang commune",
  "Xa_Ta_Long": "Ta Long commune",
  "Xa_Huc_Nghi": "Huc Nghi commune",
  "Xa_A_Vao": "A Vao commune",
  "Xa_Ta_Rut": "Ta Rut commune",
  "Xa_A_Bung": "A Bung commune",
  "Xa_A_Ngo": "A Ngo commune",
  "Huyen_Cam_Lo": "Cam Lo district",
  "Xa_Cam_Tuyen": "Cam Tuyen commune",
  "Xa_Thanh_An": "Thanh An commune",
  "Xa_Cam_Thuy": "Cam Thuy commune",
  "Xa_Cam_Thanh": "Cam Thanh commune",
  "Xa_Cam_Hieu": "Cam Hieu commune",
  "Xa_Cam_Chinh": "Cam Chinh Commune",
  "Xa_Cam_Nghia": "Cam Nghia commune",
  "Huyen_Trieu_Phong": "Trieu Phong district",
  "Thi_Tran_Ai_Tu": "Ai Tu Town",
  "Xa_Trieu_An": "Trieu An Commune",
  "Xa_Trieu_Van": "Trieu Van commune",
  "Xa_Trieu_Phuoc": "Trieu Phuoc commune",
  "Xa_Trieu_Do": "Trieu Do Commune",
  "Xa_Trieu_Trach": "Trieu Trach commune",
  "Xa_Trieu_Thuan": "Trieu Thuan Commune",
  "Xa_Trieu_Dai": "Trieu Dai commune",
  "Xa_Trieu_Hoa": "Trieu Hoa Commune",
  "Xa_Trieu_Lang": "Trieu Lang commune",
  "Xa_Trieu_Son": "Trieu Son commune",
  "Xa_Trieu_Long": "Trieu Long commune",
  "Xa_Trieu_Tai": "Trieu Tai Commune",
  "Xa_Trieu_Trung": "Trieu Trung commune",
  "Xa_Trieu_Ai": "Trieu Ai commune",
  "Xa_Trieu_Thuong": "Trieu Thuong commune",
  "Xa_Trieu_Giang": "Trieu Giang commune",
  "Xa_Trieu_Thanh": "Trieu Thanh Commune",
  "Huyen_Hai_Lang": "Hai Lang district",
  "Thi_tran_Dien_Sanh": "Dien Sanh town",
  "Xa_Hai_An": "Hai An commune",
  "Xa_Hai_Ba": "Hai Ba commune",
  "Xa_Hai_Quy": "Hai Quy commune",
  "Xa_Hai_Que": "Hai Que commune",
  "Xa_Hai_Hung": "Hai Hung commune",
  "Xa_Hai_Phu": "Hai Phu commune",
  "Xa_Hai_Thuong": "Hai Thuong commune",
  "Xa_Hai_Duong": "Hai Duong commune",
  "Xa_Hai_Dinh": "Hai Dinh commune",
  "Xa_Hai_Lam": "Hai Lam commune",
  "Xa_Hai_Phong": "Hai Phong commune",
  "Xa_Hai_Truong": "Hai Truong commune",
  "Xa_Hai_Son": "Hai Son commune",
  "Xa_Hai_Chanh": "Hai Chanh commune",
  "Xa_Hai_Khe": "Hai Khe commune",
  "Huyen_Con_Co": "Con Co Beach",
  "Bien_Cua_Viet": "Cua Viet Beach",
  "Bien_My_Thuy": "My Thuy Beach"
}