{
  "Quang_Tri": "Quảng Trị",
  "Thanh_pho_Dong_Ha": "Thành phố Đông Hà",
  "Phuong_Dong_Giang": "Phường Đông Giang",
  "Phuong_1": "Phường 1",
  "Phuong_Dong_Le": "Phường Đông Lễ",
  "Phuong_Dong_Thanh": "Phường Đông Thanh",
  "Phuong_2": "Phường 2",
  "Phuong_4": "Phường 4",
  "Phuong_5": "Phường 5",
  "Phuong_Dong_Luong": "Phường Đông Lương",
  "Phuong_3": "Phường 3",
  "Thi_xa_Quang_Tri": "Thị xã Quảng Trị",
  "Phuong_An_Don": "Phường An Đôn",
  "Xa_Hai_Le": "Xã Hải Lệ",
  "Huyen_Vinh_Linh": "Huyện Vĩnh Linh",
  "Thi_tran_Ho_Xa": "Thị trấn Hồ Xá",
  "Thi_tran_Ben_Quan": "Thị trấn Bến Quan",
  "Xa_Vinh_Thai": "Xã Vĩnh Thái",
  "Xa_Vinh_Tu": "Xã Vĩnh Tú",
  "Xa_Vinh_Chap": "Xã Vĩnh Chấp",
  "Xa_Trung_Nam": "Xã Trung Nam",
  "Xa_Kim_Thach": "Xã Kim Thạch",
  "Xa_Vinh_Long": "Xã Vĩnh Long",
  "Xa_Vinh_Khe": "Xã Vĩnh Khê",
  "Xa_Vinh_Hoa": "Xã Vĩnh Hòa",
  "Xa_Vinh_Thuy": "Xã Vĩnh Thủy",
  "Xa_Vinh_Lam": "Xã Vĩnh Lâm",
  "Xa_Hien_Thanh": "Xã Hiền Thành",
  "Thi_tran_Cua_Tung": "Thị trấn Cửa Tùng",
  "Xa_Vinh_Ha": "Xã Vĩnh Hà",
  "Xa_Vinh_Son": "Xã Vĩnh Sơn",
  "Xa_Vinh_Giang": "Xã Vĩnh Giang",
  "Xa_Vinh_O": "Xã Vĩnh Ô",
  "Huyen_Huong_Hoa": "Huyện Hướng Hóa",
  "Thi_tran_Khe_Sanh": "Thị trấn Khe Sanh",
  "Thi_tran_Lao_Bao": "Thị trấn Lao Bảo",
  "Xa_Huong_Lap": "Xã Hướng Lập",
  "Xa_Huong_Viet": "Xã Hướng Việt",
  "Xa_Huong_Phung": "Xã Hướng Phùng",
  "Xa_Huong_Son": "Xã Hướng Sơn",
  "Xa_Huong_Linh": "Xã Hướng Linh",
  "Xa_Tan_Hop": "Xã Tân Hợp",
  "Xa_Huong_Tan": "Xã Hướng Tân",
  "Xa_Tan_Thanh": "Xã Tân Thành",
  "Xa_Tan_Long": "Xã Tân Long",
  "Xa_Tan_Lap": "Xã Tân Lập",
  "Xa_Tan_Lien": "Xã Tân Liên",
  "Xa_Huc": "Xã Húc",
  "Xa_Thuan": "Xã Thuận",
  "Xa_Huong_Loc": "Xã Hướng Lộc",
  "Xa_Ba_Tang": "Xã Ba Tầng",
  "Xa_Thanh": "Xã Thanh",
  "Xa_A_Doi": "Xã A Dơi",
  "Xa_Lia": "Xã Lìa",
  "Xa_Xy": "Xã Xy",
  "Huyen_Gio_Linh": "Huyện Gio Linh",
  "Thi_tran_Cua_Viet": "Thị trấn Cửa Việt",
  "Xa_Trung_Giang": "Xã Trung Giang",
  "Xa_Trung_Hai": "Xã Trung Hải",
  "Xa_Trung_Son": "Xã Trung Sơn",
  "Xa_Phong_Binh": "Xã Phong Bình",
  "Xa_Gio_My": "Xã Gio Mỹ",
  "Xa_Gio_Hai": "Xã Gio Hải",
  "Xa_Gio_An": "Xã Gio An",
  "Xa_Gio_Chau": "Xã Gio Châu",
  "Xa_Gio_Viet": "Xã Gio Việt",
  "Xa_Linh_Truong": "Xã Linh Trường",
  "Xa_Gio_Son": "Xã Gio Sơn",
  "Xa_Gio_Mai": "Xã Gio Mai",
  "Xa_Hai_Thai": "Xã Hải Thái",
  "Xa_Linh_Hai": "Xã Linh Hải",
  "Xa_Gio_Quang": "Xã Gio Quang",
  "Huyen_Da_Krong": "Huyện Đa Krông",
  "Thi_tran_Krong_Klang": "Thị trấn Krông Klang",
  "Xa_Mo_O": "Xã Mò Ó",
  "Xa_Huong_Hiep": "Xã Hướng Hiệp",
  "Xa_Trieu_Nguyen": "Xã Triệu Nguyên",
  "Xa_Ba_Long": "Xã Ba Lòng",
  "Xa_Ba_Nang": "Xã Ba Nang",
  "Xa_Ta_Long": "Xã Tà Long",
  "Xa_Huc_Nghi": "Xã Húc Nghì",
  "Xa_A_Vao": "Xã A Vao",
  "Xa_Ta_Rut": "Xã Tà Rụt",
  "Xa_A_Bung": "Xã A Bung",
  "Xa_A_Ngo": "Xã A Ngo",
  "Huyen_Cam_Lo": "Huyện Cam Lộ",
  "Xa_Cam_Tuyen": "Xã Cam Tuyền",
  "Xa_Thanh_An": "Xã Thanh An",
  "Xa_Cam_Thuy": "Xã Cam Thủy",
  "Xa_Cam_Thanh": "Xã Cam Thành",
  "Xa_Cam_Hieu": "Xã Cam Hiếu",
  "Xa_Cam_Chinh": "Xã Cam Chính",
  "Xa_Cam_Nghia": "Xã Cam Nghĩa",
  "Huyen_Trieu_Phong": "Huyện Triệu Phong",
  "Thi_Tran_Ai_Tu": "Thị Trấn Ái Tử",
  "Xa_Trieu_An": "Xã Triệu An",
  "Xa_Trieu_Van": "Xã Triệu Vân",
  "Xa_Trieu_Phuoc": "Xã Triệu Phước",
  "Xa_Trieu_Do": "Xã Triệu Độ",
  "Xa_Trieu_Trach": "Xã Triệu Trạch",
  "Xa_Trieu_Thuan": "Xã Triệu Thuận",
  "Xa_Trieu_Dai": "Xã Triệu Đại",
  "Xa_Trieu_Hoa": "Xã Triệu Hòa",
  "Xa_Trieu_Lang": "Xã Triệu Lăng",
  "Xa_Trieu_Son": "Xã Triệu Sơn",
  "Xa_Trieu_Long": "Xã Triệu Long",
  "Xa_Trieu_Tai": "Xã Triệu Tài",
  "Xa_Trieu_Trung": "Xã Triệu Trung",
  "Xa_Trieu_Ai": "Xã Triệu Ái",
  "Xa_Trieu_Thuong": "Xã Triệu Thượng",
  "Xa_Trieu_Giang": "Xã Triệu Giang",
  "Xa_Trieu_Thanh": "Xã Triệu Thành",
  "Huyen_Hai_Lang": "Huyện Hải Lăng",
  "Thi_tran_Dien_Sanh": "Thị trấn Diên Sanh",
  "Xa_Hai_An": "Xã Hải An",
  "Xa_Hai_Ba": "Xã Hải Ba",
  "Xa_Hai_Quy": "Xã Hải Quy",
  "Xa_Hai_Que": "Xã Hải Quế",
  "Xa_Hai_Hung": "Xã Hải Hưng",
  "Xa_Hai_Phu": "Xã Hải Phú",
  "Xa_Hai_Thuong": "Xã Hải Thượng",
  "Xa_Hai_Duong": "Xã Hải Dương",
  "Xa_Hai_Dinh": "Xã Hải Định",
  "Xa_Hai_Lam": "Xã Hải Lâm",
  "Xa_Hai_Phong": "Xã Hải Phong",
  "Xa_Hai_Truong": "Xã Hải Trường",
  "Xa_Hai_Son": "Xã Hải Sơn",
  "Xa_Hai_Chanh": "Xã Hải Chánh",
  "Xa_Hai_Khe": "Xã Hải Khê",
  "Huyen_Con_Co": "Biển Cồn Cỏ",
  "Bien_Cua_Viet": "Biển Cửa Việt",
  "Bien_My_Thuy": "Biển Mỹ Thủy"
}