{
  "Tien_Giang": "Tien Giang",
  "Thanh_pho_My_Tho": "My Tho City",
  "Phuong_5": "Ward 5",
  "Phuong_4": "Ward 4",
  "Phuong_7": "Ward 7",
  "Phuong_3": "Ward 3",
  "Phuong_1": "Ward 1",
  "Phuong_2": "Ward 2",
  "Phuong_8": "Ward 8",
  "Phuong_6": "Ward 6",
  "Phuong_9": "Ward 9",
  "Phuong_10": "Ward 10",
  "Phuong_Tan_Long": "Tan Long Ward",
  "Xa_Dao_Thanh": "Dao Thanh commune",
  "Xa_Trung_An": "Trung An commune",
  "Xa_My_Phong": "My Phong commune",
  "Xa_Tan_My_Chanh": "Tan My Chanh commune",
  "Xa_Phuoc_Thanh": "Phuoc Thanh commune",
  "Xa_Thoi_Son": "Thoi Son commune",
  "Thi_xa_Go_Cong": "Go Cong town",
  "Xa_Long_Hung": "Long Hung commune",
  "Xa_Long_Thuan": "Long Thuan commune",
  "Xa_Long_Chanh": "Long Chanh commune",
  "Xa_Long_Hoa": "Long Hoa commune",
  "Xa_Binh_Dong": "Binh Dong commune",
  "Xa_Binh_Xuan": "Binh Xuan commune",
  "Xa_Tan_Trung": "Tan Trung commune",
  "Thi_xa_Cai_Lay": "Cai Lay town",
  "Xa_My_Phuoc_Tay": "My Phuoc Tay commune",
  "Xa_My_Hanh_Dong": "My Hanh Dong commune",
  "Xa_My_Hanh_Trung": "My Hanh Trung commune",
  "Xa_Tan_Phu": "Tan Phu commune",
  "Xa_Tan_Binh": "Tan Binh commune",
  "Xa_Tan_Hoi": "Tan Hoi Commune",
  "Phuong_Nhi_My": "Nhi My Ward",
  "Xa_Nhi_Quy": "Nhi Quy commune",
  "Xa_Thanh_Hoa": "Thanh Hoa commune",
  "Xa_Phu_Quy": "Phu Quy commune",
  "Xa_Long_Khanh": "Long Khanh commune",
  "Huyen_Tan_Phuoc": "Tan Phuoc district",
  "Thi_tran_My_Phuoc": "My Phuoc town",
  "Xa_Tan_Hoa_Dong": "Tan Hoa Dong commune",
  "Xa_Thanh_Tan": "Thanh Tan commune",
  "Xa_Thanh_My": "Thanh My commune",
  "Xa_Phu_My": "Phu My commune",
  "Xa_Tan_Hoa_Thanh": "Tan Hoa Thanh commune",
  "Xa_Hung_Thanh": "Hung Thanh commune",
  "Xa_Tan_Lap_1": "Tan Lap Commune 1",
  "Xa_Tan_Hoa_Tay": "Tan Hoa Tay commune",
  "Xa_Tan_Lap_2": "Tan Lap 2 commune",
  "Xa_Phuoc_Lap": "Phuoc Lap commune",
  "Huyen_Cai_Be": "Cai Be district",
  "Xa_Hau_My_Bac_B": "Hau My Bac B commune",
  "Xa_Hau_My_Bac_A": "Hau My Bac A commune",
  "Xa_My_Trung": "My Trung commune",
  "Xa_Hau_My_Trinh": "Hau My Trinh commune",
  "Xa_Hau_My_Phu": "Hau My Phu commune",
  "Xa_My_Tan": "My Tan commune",
  "Xa_My_Loi_B": "My Loi B commune",
  "Xa_Thien_Trung": "Thien Trung commune",
  "Xa_My_Hoi": "My Hoi Commune",
  "Xa_An_Cu": "An Cu commune",
  "Xa_Hau_Thanh": "Hau Thanh Commune",
  "Xa_My_Loi_A": "My Loi A commune",
  "Xa_Hoa_Khanh": "Hoa Khanh Commune",
  "Xa_Thien_Tri": "Thien Tri commune",
  "Xa_My_Duc_Dong": "My Duc Dong commune",
  "Xa_My_Duc_Tay": "My Duc Tay commune",
  "Xa_Dong_Hoa_Hiep": "Dong Hoa Hiep commune",
  "Xa_An_Thai_Dong": "An Thai Dong commune",
  "Xa_Tan_Hung": "Tan Hung commune",
  "Xa_My_Luong": "My Luong commune",
  "Xa_Tan_Thanh": "Tan Thanh commune",
  "Xa_An_Thai_Trung": "An Thai Trung commune",
  "Xa_An_Huu": "An Huu commune",
  "Xa_Hoa_Hung": "Hoa Hung commune",
  "Huyen_Chau_Thanh": "Chau Thanh district",
  "Thi_tran_Tan_Hiep": "Tan Hiep town",
  "Xa_Tan_Hoi_Dong": "Tan Hoi Dong commune",
  "Xa_Tan_Huong": "Tan Huong commune",
  "Xa_Tan_Ly_Dong": "Tan Ly Dong commune",
  "Xa_Tan_Ly_Tay": "Tan Ly Tay commune",
  "Xa_Than_Cuu_Nghia": "Than Cuu Nghia commune",
  "Xa_Tam_Hiep": "Tam Hiep commune",
  "Xa_Diem_Hy": "Diem Hy commune",
  "Xa_Nhi_Binh": "Nhi Binh commune",
  "Xa_Duong_Diem": "Duong Diem commune",
  "Xa_Dong_Hoa": "Dong Hoa commune",
  "Xa_Long_Dinh": "Long Dinh commune",
  "Xa_Huu_Dao": "Huu Dao Commune",
  "Xa_Long_An": "Long An commune",
  "Xa_Binh_Trung": "Binh Trung commune",
  "Xa_Thanh_Phu": "Thanh Phu commune",
  "Xa_Ban_Long": "Ban Long commune",
  "Xa_Vinh_Kim": "Vinh Kim commune",
  "Xa_Binh_Duc": "Binh Duc commune",
  "Xa_Song_Thuan": "Song Thuan commune",
  "Xa_Kim_Son": "Kim Son commune",
  "Xa_Phu_Phong": "Phu Phong commune",
  "Huyen_Cho_Gao": "Cho Gao District",
  "Xa_Trung_Hoa": "Trung Hoa Commune",
  "Xa_Hoa_Tinh": "Hoa Tinh commune",
  "Xa_My_Tinh_An": "My Tinh An commune",
  "Xa_Tan_Binh_Thanh": "Tan Binh Thanh commune",
  "Xa_Phu_Kiet": "Phu Kiet commune",
  "Xa_Luong_Hoa_Lac": "Luong Hoa Lac commune",
  "Xa_Thanh_Binh": "Thanh Binh commune",
  "Xa_Quon_Long": "Quan Long commune",
  "Xa_Binh_Phuc_Nhut": "Binh Phuc Nhut commune",
  "Xa_Dang_Hung_Phuoc": "Dang Hung Phuoc commune",
  "Xa_Tan_Thuan_Binh": "Tan Thuan Binh commune",
  "Xa_Song_Binh": "Song Binh commune",
  "Xa_Binh_Phan": "Binh Phan commune",
  "Xa_Long_Binh_Dien": "Long Binh Dien commune",
  "Xa_An_Thanh_Thuy": "An Thanh Thuy commune",
  "Xa_Xuan_Dong": "Xuan Dong commune",
  "Xa_Hoa_Dinh": "Hoa Dinh commune",
  "Xa_Binh_Ninh": "Binh Ninh commune",
  "Huyen_Go_Cong_Tay": "Go Cong Tay district",
  "Thi_tran_Vinh_Binh": "Vinh Binh town",
  "Xa_Dong_Son": "Dong Son commune",
  "Xa_Binh_Phu": "Binh Phu commune",
  "Xa_Dong_Thanh": "Dong Thanh commune",
  "Xa_Thanh_Cong": "Thanh Cong Commune",
  "Xa_Binh_Nhi": "Binh Nhi commune",
  "Xa_Yen_Luong": "Yen Luong commune",
  "Xa_Thanh_Tri": "Thanh Tri commune",
  "Xa_Thanh_Nhut": "Thanh Nhut commune",
  "Xa_Long_Vinh": "Long Vinh commune",
  "Xa_Binh_Tan": "Binh Tan commune",
  "Xa_Vinh_Huu": "Vinh Huu commune",
  "Xa_Long_Binh": "Long Binh commune",
  "Huyen_Go_Cong_Dong": "Go Cong Dong district",
  "Thi_tran_Tan_Hoa": "Tan Hoa town",
  "Xa_Tang_Hoa": "Tang Hoa commune",
  "Xa_Tan_Phuoc": "Tan Phuoc commune",
  "Xa_Gia_Thuan": "Gia Thuan Commune",
  "Thi_tran_Vam_Lang": "Vam Lang town",
  "Xa_Tan_Tay": "Tan Tay commune",
  "Xa_Kieng_Phuoc": "Kieng Phuoc commune",
  "Xa_Tan_Dong": "Tan Dong commune",
  "Xa_Binh_An": "Binh An commune",
  "Xa_Tan_Dien": "Tan Dien commune",
  "Xa_Binh_Nghi": "Binh Nghi commune",
  "Xa_Phuoc_Trung": "Phuoc Trung commune",
  "Huyen_Tan_Phu_Dong": "Tan Phu Dong district",
  "Xa_Tan_Thoi": "Tan Thoi commune",
  "Xa_Phu_Thanh": "Phu Thanh commune",
  "Xa_Phu_Dong": "Phu Dong commune",
  "Xa_Phu_Tan": "Phu Tan commune",
  "Huyen_Cai_Lay": "Cai Lay district",
  "Xa_Cam_Son": "Cam Son commune",
  "Xa_Hoi_Xuan": "Spring Society",
  "Xa_Long_Tien": "Long Tien commune",
  "Xa_Long_Trung": "Long Trung commune",
  "Xa_My_Long": "My Long commune",
  "Xa_My_Thanh_Nam": "My Thanh Nam commune",
  "Xa_My_Thanh_Bac": "My Thanh Bac Commune",
  "Xa_Ngu_Hiep": "Ngu Hiep commune",
  "Xa_Phu_An": "Phu An commune",
  "Xa_Phu_Cuong": "Phu Cuong commune",
  "Xa_Tan_Phong": "Tan Phong commune",
  "Xa_Thanh_Loc": "Thanh Loc commune"
}