{
  "Ninh_Binh": "Ninh Binh",
  "Thanh_pho_Ninh_Binh": "Ninh Binh city",
  "Phuong_Dong_Thanh": "Dong Thanh Ward",
  "Phuong_Tan_Thanh": "Tan Thanh Ward",
  "Phuong_Thanh_Binh": "Thanh Binh Ward",
  "Phuong_Van_Giang": "Van Giang Ward",
  "Phuong_Bich_Dao": "Bich Dao Ward",
  "Phuong_Phuc_Thanh": "Phuc Thanh Ward",
  "Phuong_Nam_Binh": "Nam Binh Ward",
  "Phuong_Nam_Thanh": "Nam Thanh Ward",
  "Phuong_Ninh_Khanh": "Ninh Khanh Ward",
  "Xa_Ninh_Nhat": "Ninh Nhat commune",
  "Xa_Ninh_Tien": "Ninh Tien Commune",
  "Xa_Ninh_Phuc": "Ninh Phuc commune",
  "Phuong_Ninh_Son": "Ninh Son Ward",
  "Phuong_Ninh_Phong": "Ninh Phong Ward",
  "Thanh_pho_Tam_Diep": "Tam Diep city",
  "Phuong_Bac_Son": "Bac Son Ward",
  "Phuong_Trung_Son": "Trung Son Ward",
  "Phuong_Nam_Son": "Nam Son Ward",
  "Phuong_Tay_Son": "Tay Son Ward",
  "Xa_Yen_Son": "Yen Son commune",
  "Phuong_Yen_Binh": "Yen Binh Ward",
  "Phuong_Tan_Binh": "Tan Binh Ward",
  "Xa_Quang_Son": "Quang Son commune",
  "Xa_Dong_Son": "Dong Son commune",
  "Huyen_Nho_Quan": "Nho Quan district",
  "Xa_Xich_Tho": "Xich Tho commune",
  "Xa_Gia_Lam": "Gia Lam Commune",
  "Xa_Gia_Son": "Gia Son commune",
  "Xa_Thach_Binh": "Thach Binh commune",
  "Xa_Gia_Thuy": "Gia Thuy commune",
  "Xa_Gia_Tuong": "Gia Tuong Commune",
  "Xa_Cuc_Phuong": "Cuc Phuong commune",
  "Xa_Phu_Son": "Phu Son commune",
  "Xa_Duc_Long": "Duc Long commune",
  "Xa_Lac_Van": "Lac Van commune",
  "Xa_Dong_Phong": "Dong Phong commune",
  "Xa_Yen_Quang": "Yen Quang commune",
  "Xa_Lang_Phong": "Lang Phong commune",
  "Xa_Thuong_Hoa": "Thuong Hoa commune",
  "Xa_Van_Phong": "Van Phong commune",
  "Xa_Van_Phuong": "Van Phuong commune",
  "Xa_Thanh_Lac": "Thanh Lac commune",
  "Xa_Son_Lai": "Son Lai commune",
  "Xa_Son_Thanh": "Son Thanh commune",
  "Xa_Van_Phu": "Van Phu commune",
  "Xa_Phu_Loc": "Phu Loc commune",
  "Xa_Ky_Phu": "Ky Phu Commune",
  "Xa_Quynh_Luu": "Quynh Luu commune",
  "Xa_Son_Ha": "Son Ha commune",
  "Xa_Phu_Long": "Phu Long commune",
  "Xa_Quang_Lac": "Quang Lac commune",
  "Huyen_Gia_Vien": "Gia Vien district",
  "Thi_tran_Me": "Tamarind Town",
  "Xa_Gia_Hoa": "Gia Hoa Commune",
  "Xa_Gia_Hung": "Gia Hung commune",
  "Xa_Lien_Son": "Lien Son commune",
  "Xa_Gia_Thanh": "Gia Thanh Commune",
  "Xa_Gia_Van": "Gia Van commune",
  "Xa_Gia_Phu": "Gia Phu commune",
  "Xa_Gia_Xuan": "Gia Xuan Commune",
  "Xa_Gia_Lap": "Gia Lap commune",
  "Xa_Gia_Vuong": "Gia Vuong Commune",
  "Xa_Gia_Tran": "Gia Tran Commune",
  "Xa_Gia_Thinh": "Gia Thinh commune",
  "Xa_Gia_Phuong": "Gia Phuong Commune",
  "Xa_Gia_Tan": "Gia Tan commune",
  "Xa_Gia_Thang": "Gia Thang commune",
  "Xa_Gia_Trung": "Gia Trung commune",
  "Xa_Gia_Minh": "Gia Minh commune",
  "Xa_Gia_Lac": "Gia Lac commune",
  "Xa_Gia_Tien": "Gia Tien Commune",
  "Xa_Gia_Sinh": "Gia Sinh commune",
  "Xa_Gia_Phong": "Gia Phong commune",
  "Huyen_Hoa_Lu": "Hoa Lu district",
  "Thi_tran_Thien_Ton": "Thien Ton town",
  "Xa_Ninh_Giang": "Ninh Giang commune",
  "Xa_Truong_Yen": "Truong Yen commune",
  "Xa_Ninh_Khang": "Ninh Khang commune",
  "Xa_Ninh_My": "Ninh My commune",
  "Xa_Ninh_Hoa": "Ninh Hoa commune",
  "Xa_Ninh_Xuan": "Ninh Xuan commune",
  "Xa_Ninh_Hai": "Ninh Hai commune",
  "Xa_Ninh_Thang": "Ninh Thang commune",
  "Xa_Ninh_Van": "Ninh Van commune",
  "Xa_Ninh_An": "Ninh An commune",
  "Huyen_Yen_Khanh": "Yen Khanh District",
  "Thi_tran_Yen_Ninh": "Yen Ninh town",
  "Xa_Khanh_Tien": "Khanh Tien commune",
  "Xa_Khanh_Phu": "Khanh Phu commune",
  "Xa_Khanh_Hoa": "Khanh Hoa Commune",
  "Xa_Khanh_Loi": "Khanh Loi commune",
  "Xa_Khanh_An": "Khanh An commune",
  "Xa_Khanh_Cuong": "Khanh Cuong commune",
  "Xa_Khanh_Cu": "Khanh Cu commune",
  "Xa_Khanh_Thien": "Khanh Thien commune",
  "Xa_Khanh_Hai": "Khanh Hai commune",
  "Xa_Khanh_Trung": "Khanh Trung commune",
  "Xa_Khanh_Mau": "Khanh Mau commune",
  "Xa_Khanh_Van": "Khanh Van commune",
  "Xa_Khanh_Hoi": "Khanh Hoi Commune",
  "Xa_Khanh_Cong": "Khanh Cong Commune",
  "Xa_Khanh_Thanh": "Khanh Thanh Commune",
  "Xa_Khanh_Nhac": "Khanh Nhac Commune",
  "Xa_Khanh_Thuy": "Khanh Thuy commune",
  "Xa_Khanh_Hong": "Khanh Hong commune",
  "Huyen_Kim_Son": "Kim Son district",
  "Thi_tran_Phat_Diem": "Phat Diem town",
  "Thi_tran_Binh_Minh": "Binh Minh town",
  "Xa_Hoi_Ninh": "Hoi Ninh commune",
  "Xa_Xuan_Chinh": "Xuan Chinh Commune",
  "Xa_Kim_Dinh": "Kim Dinh commune",
  "Xa_An_Hoa": "An Hoa commune",
  "Xa_Hung_Tien": "Hung Tien Commune",
  "Xa_Quang_Thien": "Quang Thien commune",
  "Xa_Nhu_Hoa": "Nhu Hoa commune",
  "Xa_Chat_Binh": "Chat Binh commune",
  "Xa_Dong_Huong": "Dong Huong commune",
  "Xa_Kim_Chinh": "Kim Chinh commune",
  "Xa_Thuong_Kiem": "Thuong Kiem commune",
  "Xa_Luu_Phuong": "Luu Phuong Commune",
  "Xa_Tan_Thanh": "Tan Thanh commune",
  "Xa_Yen_Loc": "Yen Loc commune",
  "Xa_Lai_Thanh": "Lai Thanh commune",
  "Xa_Dinh_Hoa": "Dinh Hoa commune",
  "Xa_Van_Hai": "Van Hai commune",
  "Xa_Kim_Tan": "Kim Tan commune",
  "Xa_Kim_My": "Kim My commune",
  "Xa_Con_Thoi": "Con Thoi commune",
  "Xa_Kim_Hai": "Kim Hai commune",
  "Xa_Kim_Trung": "Kim Trung commune",
  "Xa_Kim_Dong": "Kim Dong commune",
  "Huyen_Yen_Mo": "Yen Mo district",
  "Thi_tran_Yen_Thinh": "Yen Thinh town",
  "Xa_Khanh_Thuong": "Khanh Thuong commune",
  "Xa_Khanh_Duong": "Khanh Duong commune",
  "Xa_Mai_Son": "Mai Son commune",
  "Xa_Khanh_Thinh": "Khanh Thinh commune",
  "Xa_Yen_Phong": "Yen Phong commune",
  "Xa_Yen_Hoa": "Yen Hoa commune",
  "Xa_Yen_Thang": "Yen Thang commune",
  "Xa_Yen_Tu": "Yen Tu commune",
  "Xa_Yen_Hung": "Yen Hung commune",
  "Xa_Yen_Thanh": "Yen Thanh commune",
  "Xa_Yen_Nhan": "Yen Nhan Commune",
  "Xa_Yen_My": "Yen My commune",
  "Xa_Yen_Mac": "Yen Mac commune",
  "Xa_Yen_Dong": "Yen Dong commune",
  "Xa_Yen_Thai": "Yen Thai commune",
  "Xa_Yen_Lam": "Yen Lam commune"
}