{
  "Ca_Mau": "Cà Mau",
  "Thanh_pho_Ca_Mau": "Thành phố Cà Mau",
  "Phuong_9": "Phường 9",
  "Phuong_4": "Phường 4",
  "Phuong_1": "Phường 1",
  "Phuong_5": "Phường 5",
  "Phuong_2": "Phường 2",
  "Phuong_8": "Phường 8",
  "Phuong_6": "Phường 6",
  "Phuong_7": "Phường 7",
  "Phuong_Tan_Xuyen": "Phường Tân Xuyên",
  "Xa_An_Xuyen": "Xã An Xuyên",
  "Phuong_Tan_Thanh": "Phường Tân Thành",
  "Xa_Tan_Thanh": "Xã Tân Thành",
  "Xa_Tac_Van": "Xã Tắc Vân",
  "Xa_Ly_Van_Lam": "Xã Lý Văn Lâm",
  "Xa_Dinh_Binh": "Xã Định Bình",
  "Xa_Hoa_Thanh": "Xã Hòa Thành",
  "Xa_Hoa_Tan": "Xã Hòa Tân",
  "Huyen_U_Minh": "Huyện U Minh",
  "Xa_Khanh_Hoa": "Xã Khánh Hòa",
  "Xa_Khanh_Thuan": "Xã Khánh Thuận",
  "Xa_Khanh_Tien": "Xã Khánh Tiến",
  "Xa_Nguyen_Phich": "Xã Nguyễn Phích",
  "Xa_Khanh_Lam": "Xã Khánh Lâm",
  "Xa_Khanh_An": "Xã Khánh An",
  "Xa_Khanh_Hoi": "Xã Khánh Hội",
  "Huyen_Thoi_Binh": "Huyện Thới Bình",
  "Xa_Bien_Bach": "Xã Biển Bạch",
  "Xa_Tan_Bang": "Xã Tân Bằng",
  "Xa_Tri_Phai": "Xã Trí Phải",
  "Xa_Tri_Luc": "Xã Trí Lực",
  "Xa_Bien_Bach_Dong": "Xã Biển Bạch Đông",
  "Xa_Thoi_Binh": "Xã Thới Bình",
  "Xa_Tan_Phu": "Xã Tân Phú",
  "Xa_Tan_Loc_Bac": "Xã Tân Lộc Bắc",
  "Xa_Tan_Loc": "Xã Tân Lộc",
  "Xa_Tan_Loc_Dong": "Xã Tân Lộc Đông",
  "Xa_Ho_Thi_Ky": "Xã Hồ Thị Kỷ",
  "Huyen_Tran_Van_Thoi": "Huyện Trần Văn Thời",
  "Thi_tran_Song_Doc": "Thị trấn Sông Đốc",
  "Xa_Khanh_Binh_Tay_Bac": "Xã Khánh Bình Tây Bắc",
  "Xa_Khanh_Binh_Tay": "Xã Khánh Bình Tây",
  "Xa_Tran_Hoi": "Xã Trần Hợi",
  "Xa_Khanh_Loc": "Xã Khánh Lộc",
  "Xa_Khanh_Binh": "Xã Khánh Bình",
  "Xa_Khanh_Hung": "Xã Khánh Hưng",
  "Xa_Khanh_Binh_Dong": "Xã Khánh Bình Đông",
  "Xa_Khanh_Hai": "Xã Khánh Hải",
  "Xa_Loi_An": "Xã Lợi An",
  "Xa_Phong_Dien": "Xã Phong Điền",
  "Xa_Phong_Lac": "Xã Phong Lạc",
  "Huyen_Cai_Nuoc": "Huyện Cái Nước",
  "Xa_Thanh_Phu": "Xã Thạnh Phú",
  "Xa_Luong_The_Tran": "Xã Lương Thế Trân",
  "Xa_Phu_Hung": "Xã Phú Hưng",
  "Xa_Tan_Hung": "Xã Tân Hưng",
  "Xa_Hung_My": "Xã Hưng Mỹ",
  "Xa_Hoa_My": "Xã Hoà Mỹ",
  "Xa_Dong_Hung": "Xã Đông Hưng",
  "Xa_Dong_Thoi": "Xã Đông Thới",
  "Xa_Tan_Hung_Dong": "Xã Tân Hưng Đông",
  "Xa_Tran_Thoi": "Xã Trần Thới",
  "Huyen_Dam_Doi": "Huyện Đầm Dơi",
  "Thi_tran_Dam_Doi": "Thị trấn Đầm Dơi",
  "Xa_Ngoc_Chanh": "Xã Ngọc Chánh",
  "Xa_Nguyen_Huan": "Xã Nguyễn Huân",
  "Xa_Quach_Pham": "Xã Quách Phẩm",
  "Xa_Quach_Pham_Bac": "Xã Quách Phẩm Bắc",
  "Xa_Ta_An_Khuong": "Xã Tạ An Khương",
  "Xa_Ta_An_Khuong_Dong": "Xã Tạ An Khương Đông",
  "Xa_Tan_Duc": "Xã Tân Đức",
  "Xa_Tan_Duyet": "Xã Tân Duyệt",
  "Xa_Tan_Thuan": "Xã Tân Thuận",
  "Xa_Tan_Tien": "Xã Tân Tiến",
  "Xa_Thanh_Tung": "Xã Thanh Tùng",
  "Xa_Tran_Phan": "Xã Trần Phán",
  "Huyen_Nam_Can": "Huyện Năm Căn",
  "Thi_tran_Nam_Can": "Thị trấn Năm Căn",
  "Xa_Dat_Moi": "Xã Đất Mới",
  "Xa_Ham_Rong": "Xã Hàm Rồng",
  "Xa_Hiep_Tung": "Xã Hiệp Tùng",
  "Xa_Hang_Vinh": "Xã Hàng Vịnh",
  "Xa_Lam_Hai": "Xã Lâm Hải",
  "Xa_Tam_Giang": "Xã Tam Giang",
  "Huyen_Ngoc_Hien": "Huyện Ngọc Hiển",
  "Thi_tran_Rach_Goc": "Thị trấn Rạch Gốc",
  "Xa_Dat_Mui": "Xã Đất Mũi",
  "Xa_Tam_Giang_Dong": "Xã Tam Giang Đông",
  "Xa_Tan_An": "Xã Tân Ân",
  "Xa_Tan_An_Tay": "Xã Tân Ân Tây",
  "Xa_Vien_An": "Xã Viên An",
  "Xa_Vien_An_Dong": "Xã Viên An Đông",
  "Huyen_Phu_Tan": "Huyện Phú Tân",
  "Thi_tran_Cai_Doi_Vam": "Thị trấn Cái Đôi Vàm",
  "Xa_Nguyen_Viet_Khai": "Xã Nguyễn Việt Khái",
  "Xa_Phu_My": "Xã Phú Mỹ",
  "Xa_Phu_Tan": "Xã Phú Tân",
  "Xa_Rach_Cheo": "Xã Rạch Chèo",
  "Xa_Tan_Hai": "Xã Tân Hải"
}