{
  "Ca_Mau": "Ca Mau",
  "Thanh_pho_Ca_Mau": "Ca Mau City",
  "Phuong_9": "Ward 9",
  "Phuong_4": "Ward 4",
  "Phuong_1": "Ward 1",
  "Phuong_5": "Ward 5",
  "Phuong_2": "Ward 2",
  "Phuong_8": "Ward 8",
  "Phuong_6": "Ward 6",
  "Phuong_7": "Ward 7",
  "Phuong_Tan_Xuyen": "Tan Xuyen Ward",
  "Xa_An_Xuyen": "An Xuyen commune",
  "Phuong_Tan_Thanh": "Tan Thanh Ward",
  "Xa_Tan_Thanh": "Tan Thanh commune",
  "Xa_Tac_Van": "Tac Van commune",
  "Xa_Ly_Van_Lam": "Ly Van Lam commune",
  "Xa_Dinh_Binh": "Dinh Binh commune",
  "Xa_Hoa_Thanh": "Hoa Thanh commune",
  "Xa_Hoa_Tan": "Hoa Tan commune",
  "Huyen_U_Minh": "U Minh district",
  "Xa_Khanh_Hoa": "Khanh Hoa Commune",
  "Xa_Khanh_Thuan": "Khanh Thuan commune",
  "Xa_Khanh_Tien": "Khanh Tien Commune",
  "Xa_Nguyen_Phich": "Nguyen Phich commune",
  "Xa_Khanh_Lam": "Khanh Lam commune",
  "Xa_Khanh_An": "Khanh An commune",
  "Xa_Khanh_Hoi": "Khanh Hoi Commune",
  "Huyen_Thoi_Binh": "Thoi Binh district",
  "Xa_Bien_Bach": "Bien Bach Commune",
  "Xa_Tan_Bang": "Tan Bang commune",
  "Xa_Tri_Phai": "Tri Phap Commune",
  "Xa_Tri_Luc": "Tri Luc Commune",
  "Xa_Bien_Bach_Dong": "Bach Dong Beach Commune",
  "Xa_Thoi_Binh": "Thoi Binh commune",
  "Xa_Tan_Phu": "Tan Phu commune",
  "Xa_Tan_Loc_Bac": "Tan Loc Bac commune",
  "Xa_Tan_Loc": "Tan Loc commune",
  "Xa_Tan_Loc_Dong": "Tan Loc Dong commune",
  "Xa_Ho_Thi_Ky": "Ho Thi Ky commune",
  "Huyen_Tran_Van_Thoi": "Tran Van Thoi district",
  "Thi_tran_Song_Doc": "Song Doc town",
  "Xa_Khanh_Binh_Tay_Bac": "Khanh Binh commune, Northwest",
  "Xa_Khanh_Binh_Tay": "Khanh Binh Tay commune",
  "Xa_Tran_Hoi": "Tran Hoi commune",
  "Xa_Khanh_Loc": "Khanh Loc commune",
  "Xa_Khanh_Binh": "Khanh Binh commune",
  "Xa_Khanh_Hung": "Khanh Hung commune",
  "Xa_Khanh_Binh_Dong": "Khanh Binh Dong commune",
  "Xa_Khanh_Hai": "Khanh Hai commune",
  "Xa_Loi_An": "Loi An Commune",
  "Xa_Phong_Dien": "Phong Dien commune",
  "Xa_Phong_Lac": "Phong Lac commune",
  "Huyen_Cai_Nuoc": "Cai Nuoc District",
  "Xa_Thanh_Phu": "Thanh Phu commune",
  "Xa_Luong_The_Tran": "Luong The Tran commune",
  "Xa_Phu_Hung": "Phu Hung commune",
  "Xa_Tan_Hung": "Tan Hung commune",
  "Xa_Hung_My": "Hung My commune",
  "Xa_Hoa_My": "Hoa My Commune",
  "Xa_Dong_Hung": "Dong Hung commune",
  "Xa_Dong_Thoi": "Dong Thoi commune",
  "Xa_Tan_Hung_Dong": "Tan Hung Dong commune",
  "Xa_Tran_Thoi": "Tran Thoi commune",
  "Huyen_Dam_Doi": "Dam Doi District",
  "Thi_tran_Dam_Doi": "Dam Doi town",
  "Xa_Ngoc_Chanh": "Ngoc Chanh commune",
  "Xa_Nguyen_Huan": "Nguyen Huan commune",
  "Xa_Quach_Pham": "Quach Pham commune",
  "Xa_Quach_Pham_Bac": "Quach Pham Bac commune",
  "Xa_Ta_An_Khuong": "Ta An Khuong commune",
  "Xa_Ta_An_Khuong_Dong": "Ta An Khuong Dong commune",
  "Xa_Tan_Duc": "Tan Duc commune",
  "Xa_Tan_Duyet": "Tan Duyet commune",
  "Xa_Tan_Thuan": "Tan Thuan commune",
  "Xa_Tan_Tien": "Tan Tien Commune",
  "Xa_Thanh_Tung": "Thanh Tung commune",
  "Xa_Tran_Phan": "Tran Phan commune",
  "Huyen_Nam_Can": "Nam Can district",
  "Thi_tran_Nam_Can": "Nam Can town",
  "Xa_Dat_Moi": "Dat Moi Commune",
  "Xa_Ham_Rong": "Ham Rong commune",
  "Xa_Hiep_Tung": "Hiep Tung commune",
  "Xa_Hang_Vinh": "Hang Vinh Commune",
  "Xa_Lam_Hai": "Lam Hai commune",
  "Xa_Tam_Giang": "Tam Giang commune",
  "Huyen_Ngoc_Hien": "Ngoc Hien District",
  "Thi_tran_Rach_Goc": "Rach Goc town",
  "Xa_Dat_Mui": "Dat Mui Commune",
  "Xa_Tam_Giang_Dong": "Tam Giang Dong commune",
  "Xa_Tan_An": "Tan An commune",
  "Xa_Tan_An_Tay": "Tan An Tay commune",
  "Xa_Vien_An": "Vien An commune",
  "Xa_Vien_An_Dong": "Vien An Dong commune",
  "Huyen_Phu_Tan": "Phu Tan district",
  "Thi_tran_Cai_Doi_Vam": "Cai Doi Vam town",
  "Xa_Nguyen_Viet_Khai": "Nguyen Viet Khai commune",
  "Xa_Phu_My": "Phu My commune",
  "Xa_Phu_Tan": "Phu Tan commune",
  "Xa_Rach_Cheo": "Rach Cheo commune",
  "Xa_Tan_Hai": "Tan Hai commune"
}