{
  "Bac_Lieu": "Bạc Liêu",
  "Thanh_pho_Bac_Lieu": "Thành phố Bạc Liêu",
  "Phuong_2": "Phường 2",
  "Phuong_3": "Phường 3",
  "Phuong_5": "Phường 5",
  "Phuong_7": "Phường 7",
  "Phuong_1": "Phường 1",
  "Phuong_8": "Phường 8",
  "Phuong_Nha_Mat": "Phường Nhà Mát",
  "Xa_Vinh_Trach": "Xã Vĩnh Trạch",
  "Xa_Vinh_Trach_Dong": "Xã Vĩnh Trạch Đông",
  "Xa_Hiep_Thanh": "Xã Hiệp Thành",
  "Huyen_Hong_Dan": "Huyện Hồng Dân",
  "Thi_tran_Ngan_Dua": "Thị trấn Ngan Dừa",
  "Xa_Ninh_Quoi": "Xã Ninh Quới",
  "Xa_Ninh_Quoi_A": "Xã Ninh Quới A",
  "Xa_Ninh_Hoa": "Xã Ninh Hòa",
  "Xa_Loc_Ninh": "Xã Lộc Ninh",
  "Xa_Vinh_Loc": "Xã Vĩnh Lộc",
  "Xa_Vinh_Loc_A": "Xã Vĩnh Lộc A",
  "Xa_Ninh_Thanh_Loi_A": "Xã Ninh Thạnh Lợi A",
  "Xa_Ninh_Thanh_Loi": "Xã Ninh Thạnh Lợi",
  "Huyen_Phuoc_Long": "Huyện Phước Long",
  "Xa_Vinh_Phu_Dong": "Xã Vĩnh Phú Đông",
  "Xa_Vinh_Phu_Tay": "Xã Vĩnh Phú Tây",
  "Xa_Phuoc_Long": "Xã Phước Long",
  "Xa_Hung_Phu": "Xã Hưng Phú",
  "Xa_Vinh_Thanh": "Xã Vĩnh Thanh",
  "Xa_Phong_Thanh_Tay_A": "Xã Phong Thạnh Tây A",
  "Xa_Phong_Thanh_Tay_B": "Xã Phong Thạnh Tây B",
  "Huyen_Vinh_Loi": "Huyện Vĩnh Lợi",
  "Xa_Vinh_Hung": "Xã Vĩnh Hưng",
  "Xa_Vinh_Hung_A": "Xã Vĩnh Hưng A",
  "Thi_tran_Chau_Hung": "Thị trấn Châu Hưng",
  "Xa_Chau_Hung_A": "Xã Châu Hưng A",
  "Xa_Hung_Thanh": "Xã Hưng Thành",
  "Xa_Hung_Hoi": "Xã Hưng Hội",
  "Xa_Chau_Thoi": "Xã Châu Thới",
  "Xa_Long_Thanh": "Xã Long Thạnh",
  "Thi_xa_Gia_Rai": "Thị xã Giá Rai",
  "Phuong_Ho_Phong": "Phường Hộ Phòng",
  "Xa_Phong_Thanh_Dong": "Xã Phong Thạnh Đông",
  "Phuong_Lang_Tron": "Phường Láng Tròn",
  "Xa_Phong_Tan": "Xã Phong Tân",
  "Xa_Tan_Phong": "Xã Tân Phong",
  "Xa_Phong_Thanh": "Xã Phong Thạnh",
  "Xa_Phong_Thanh_A": "Xã Phong Thạnh A",
  "Xa_Phong_Thanh_Tay": "Xã Phong Thạnh Tây",
  "Xa_Tan_Thanh": "Xã Tân Thạnh",
  "Huyen_Dong_Hai": "Huyện Đông Hải",
  "Thi_tran_Ganh_Hao": "Thị trấn Gành Hào",
  "Xa_Long_Dien_Dong": "Xã Long Điền Đông",
  "Xa_Long_Dien_Dong_A": "Xã Long Điền Đông A",
  "Xa_Long_Dien": "Xã Long Điền",
  "Xa_Long_Dien_Tay": "Xã Long Điền Tây",
  "Xa_Dien_Hai": "Xã Điền Hải",
  "Xa_An_Trach": "Xã An Trạch",
  "Xa_An_Trach_A": "Xã An Trạch A",
  "Xa_An_Phuc": "Xã An Phúc",
  "Xa_Dinh_Thanh": "Xã Định Thành",
  "Xa_Dinh_Thanh_A": "Xã Định Thành A",
  "Huyen_Hoa_Binh": "Huyện Hoà Bình",
  "Xa_Minh_Dieu": "Xã Minh Diệu",
  "Xa_Vinh_Binh": "Xã Vĩnh Bình",
  "Xa_Vinh_My_B": "Xã Vĩnh Mỹ B",
  "Xa_Vinh_Hau": "Xã Vĩnh Hậu",
  "Xa_Vinh_Hau_A": "Xã Vĩnh Hậu A",
  "Xa_Vinh_My_A": "Xã Vĩnh Mỹ A",
  "Xa_Vinh_Thinh": "Xã Vĩnh Thịnh"
}