{
  "Dong_Thap": "Đồng Tháp",
  "Thanh_pho_Cao_Lanh": "Thành phố Cao Lãnh",
  "Phuong_11": "Phường 11",
  "Phuong_1": "Phường 1",
  "Phuong_2": "Phường 2",
  "Phuong_4": "Phường 4",
  "Phuong_3": "Phường 3",
  "Phuong_6": "Phường 6",
  "Xa_My_Ngai": "Xã Mỹ Ngãi",
  "Xa_My_Tan": "Xã Mỹ Tân",
  "Xa_My_Tra": "Xã Mỹ Trà",
  "Phuong_My_Phu": "Phường Mỹ Phú",
  "Xa_Tan_Thuan_Tay": "Xã Tân Thuận Tây",
  "Phuong_Hoa_Thuan": "Phường Hoà Thuận",
  "Xa_Hoa_An": "Xã Hòa An",
  "Xa_Tan_Thuan_Dong": "Xã Tân Thuận Đông",
  "Xa_Tinh_Thoi": "Xã Tịnh Thới",
  "Thanh_pho_Sa_Dec": "Thành phố Sa Đéc",
  "Xa_Tan_Khanh_Dong": "Xã Tân Khánh Đông",
  "Phuong_Tan_Quy_Dong": "Phường Tân Quy Đông",
  "Phuong_An_Hoa": "Phường An Hoà",
  "Xa_Tan_Quy_Tay": "Xã Tân Quy Tây",
  "Xa_Tan_Phu_Dong": "Xã Tân Phú Đông",
  "Thanh_pho_Hong_Ngu": "Thành phố Hồng Ngự",
  "Phuong_An_Loc": "Phường An Lộc",
  "Phuong_An_Thanh": "Phường An Thạnh",
  "Xa_Binh_Thanh": "Xã Bình Thành",
  "Xa_Tan_Hoi": "Xã Tân Hội",
  "Phuong_An_Lac": "Phường An Lạc",
  "Phuong_An_Binh_B": "Phường An Bình B",
  "Phuong_An_Binh_A": "Phường An Bình A",
  "Huyen_Tan_Hong": "Huyện Tân Hồng",
  "Thi_tran_Sa_Rai": "Thị trấn Sa Rài",
  "Xa_Tan_Ho_Co": "Xã Tân Hộ Cơ",
  "Xa_Thong_Binh": "Xã Thông Bình",
  "Xa_Binh_Phu": "Xã Bình Phú",
  "Xa_Tan_Thanh_A": "Xã Tân Thành A",
  "Xa_Tan_Thanh_B": "Xã Tân Thành B",
  "Xa_Tan_Phuoc": "Xã Tân Phước",
  "Xa_Tan_Cong_Chi": "Xã Tân Công Chí",
  "Xa_An_Phuoc": "Xã An Phước",
  "Huyen_Hong_Ngu": "Huyện Hồng Ngự",
  "Xa_Thuong_Phuoc_1": "Xã Thường Phước 1",
  "Xa_Thuong_Thoi_Hau_A": "Xã Thường Thới Hậu A",
  "Thi_tran_Thuong_Thoi_Tien": "Thị trấn Thường Thới Tiền",
  "Xa_Thuong_Phuoc_2": "Xã Thường Phước 2",
  "Xa_Thuong_Lac": "Xã Thường Lạc",
  "Xa_Long_Khanh_A": "Xã Long Khánh A",
  "Xa_Long_Khanh_B": "Xã Long Khánh B",
  "Xa_Long_Thuan": "Xã Long Thuận",
  "Xa_Phu_Thuan_B": "Xã Phú Thuận B",
  "Xa_Phu_Thuan_A": "Xã Phú Thuận A",
  "Huyen_Tam_Nong": "Huyện Tam Nông",
  "Thi_tran_Tram_Chim": "Thị trấn Tràm Chim",
  "Xa_Hoa_Binh": "Xã Hoà Bình",
  "Xa_Tan_Cong_Sinh": "Xã Tân Công Sính",
  "Xa_Phu_Hiep": "Xã Phú Hiệp",
  "Xa_Phu_Duc": "Xã Phú Đức",
  "Xa_Phu_Thanh_B": "Xã Phú Thành B",
  "Xa_An_Hoa": "Xã An Hòa",
  "Xa_An_Long": "Xã An Long",
  "Xa_Phu_Cuong": "Xã Phú Cường",
  "Xa_Phu_Ninh": "Xã Phú Ninh",
  "Xa_Phu_Tho": "Xã Phú Thọ",
  "Xa_Phu_Thanh_A": "Xã Phú Thành A",
  "Huyen_Thap_Muoi": "Huyện Tháp Mười",
  "Thi_tran_My_An": "Thị trấn Mỹ An",
  "Xa_Thanh_Loi": "Xã Thạnh Lợi",
  "Xa_Hung_Thanh": "Xã Hưng Thạnh",
  "Xa_Truong_Xuan": "Xã Trường Xuân",
  "Xa_Tan_Kieu": "Xã Tân Kiều",
  "Xa_My_Hoa": "Xã Mỹ Hòa",
  "Xa_My_Quy": "Xã Mỹ Quý",
  "Xa_My_Dong": "Xã Mỹ Đông",
  "Xa_Doc_Binh_Kieu": "Xã Đốc Binh Kiều",
  "Xa_My_An": "Xã Mỹ An",
  "Xa_Phu_Dien": "Xã Phú Điền",
  "Xa_Lang_Bien": "Xã Láng Biển",
  "Xa_Thanh_My": "Xã Thanh Mỹ",
  "Huyen_Cao_Lanh": "Huyện Cao Lãnh",
  "Thi_tran_My_Tho": "Thị trấn Mỹ Thọ",
  "Xa_Gao_Giong": "Xã Gáo Giồng",
  "Xa_Phuong_Thinh": "Xã Phương Thịnh",
  "Xa_Ba_Sao": "Xã Ba Sao",
  "Xa_Phong_My": "Xã Phong Mỹ",
  "Xa_Tan_Nghia": "Xã Tân Nghĩa",
  "Xa_Phuong_Tra": "Xã Phương Trà",
  "Xa_Nhi_My": "Xã Nhị Mỹ",
  "Xa_My_Tho": "Xã Mỹ Thọ",
  "Xa_Tan_Hoi_Trung": "Xã Tân Hội Trung",
  "Xa_An_Binh": "Xã An Bình",
  "Xa_My_Hoi": "Xã Mỹ Hội",
  "Xa_My_Hiep": "Xã Mỹ Hiệp",
  "Xa_My_Long": "Xã Mỹ Long",
  "Xa_Binh_Hang_Trung": "Xã Bình Hàng Trung",
  "Xa_My_Xuong": "Xã Mỹ Xương",
  "Xa_Binh_Hang_Tay": "Xã Bình Hàng Tây",
  "Huyen_Thanh_Binh": "Huyện Thanh Bình",
  "Xa_Tan_Quoi": "Xã Tân Quới",
  "Xa_Tan_Hoa": "Xã Tân Hòa",
  "Xa_An_Phong": "Xã An Phong",
  "Xa_Phu_Loi": "Xã Phú Lợi",
  "Xa_Tan_My": "Xã Tân Mỹ",
  "Xa_Binh_Tan": "Xã Bình Tấn",
  "Xa_Tan_Hue": "Xã Tân Huề",
  "Xa_Tan_Binh": "Xã Tân Bình",
  "Xa_Tan_Thanh": "Xã Tân Thành",
  "Xa_Tan_Phu": "Xã Tân Phú",
  "Xa_Tan_Long": "Xã Tân Long",
  "Huyen_Lap_Vo": "Huyện Lấp Vò",
  "Xa_My_An_Hung_A": "Xã Mỹ An Hưng A",
  "Xa_My_An_Hung_B": "Xã Mỹ An Hưng B",
  "Xa_Tan_Khanh_Trung": "Xã Tân Khánh Trung",
  "Xa_Long_Hung_A": "Xã Long Hưng A",
  "Xa_Vinh_Thanh": "Xã Vĩnh Thạnh",
  "Xa_Long_Hung_B": "Xã Long Hưng B",
  "Xa_Dinh_An": "Xã Định An",
  "Xa_Dinh_Yen": "Xã Định Yên",
  "Xa_Hoi_An_Dong": "Xã Hội An Đông",
  "Xa_Binh_Thanh_Trung": "Xã Bình Thạnh Trung",
  "Huyen_Lai_Vung": "Huyện Lai Vung",
  "Xa_Tan_Duong": "Xã Tân Dương",
  "Xa_Hoa_Thanh": "Xã Hòa Thành",
  "Xa_Long_Hau": "Xã Long Hậu",
  "Xa_Hoa_Long": "Xã Hòa Long",
  "Xa_Long_Thang": "Xã Long Thắng",
  "Xa_Vinh_Thoi": "Xã Vĩnh Thới",
  "Xa_Dinh_Hoa": "Xã Định Hòa",
  "Xa_Phong_Hoa": "Xã Phong Hòa",
  "Huyen_Chau_Thanh": "Huyện Châu Thành",
  "Thi_tran_Cai_Tau_Ha": "Thị trấn Cái Tàu Hạ",
  "Xa_An_Hiep": "Xã An Hiệp",
  "Xa_An_Nhon": "Xã An Nhơn",
  "Xa_Tan_Nhuan_Dong": "Xã Tân Nhuận Đông",
  "Xa_Tan_Phu_Trung": "Xã Tân Phú Trung",
  "Xa_Phu_Long": "Xã Phú Long",
  "Xa_An_Phu_Thuan": "Xã An Phú Thuận",
  "Xa_Phu_Huu": "Xã Phú Hựu",
  "Xa_An_Khanh": "Xã An Khánh",
  "Xa_Hoa_Tan": "Xã Hòa Tân"
}