{
  "Dong_Thap": "Dong Thap",
  "Thanh_pho_Cao_Lanh": "Cao Lanh City",
  "Phuong_11": "Ward 11",
  "Phuong_1": "Ward 1",
  "Phuong_2": "Ward 2",
  "Phuong_4": "Ward 4",
  "Phuong_3": "Ward 3",
  "Phuong_6": "Ward 6",
  "Xa_My_Ngai": "My Ngai commune",
  "Xa_My_Tan": "My Tan commune",
  "Xa_My_Tra": "My Tra commune",
  "Phuong_My_Phu": "My Phu Ward",
  "Xa_Tan_Thuan_Tay": "Tan Thuan Tay commune",
  "Phuong_Hoa_Thuan": "Hoa Thuan Ward",
  "Xa_Hoa_An": "Hoa An commune",
  "Xa_Tan_Thuan_Dong": "Tan Thuan Dong commune",
  "Xa_Tinh_Thoi": "Tinh Thoi commune",
  "Thanh_pho_Sa_Dec": "Sa Dec city",
  "Xa_Tan_Khanh_Dong": "Tan Khanh Dong commune",
  "Phuong_Tan_Quy_Dong": "Tan Quy Dong Ward",
  "Phuong_An_Hoa": "An Hoa Ward",
  "Xa_Tan_Quy_Tay": "Tan Quy Tay commune",
  "Xa_Tan_Phu_Dong": "Tan Phu Dong commune",
  "Thanh_pho_Hong_Ngu": "Hong Ngu City",
  "Phuong_An_Loc": "An Loc Ward",
  "Phuong_An_Thanh": "An Thanh Ward",
  "Xa_Binh_Thanh": "Binh Thanh commune",
  "Xa_Tan_Hoi": "Tan Hoi Commune",
  "Phuong_An_Lac": "An Lac Ward",
  "Phuong_An_Binh_B": "An Binh B Ward",
  "Phuong_An_Binh_A": "An Binh A Ward",
  "Huyen_Tan_Hong": "Tan Hong district",
  "Thi_tran_Sa_Rai": "Sa Rai town",
  "Xa_Tan_Ho_Co": "Tan Ho Co commune",
  "Xa_Thong_Binh": "Thong Binh commune",
  "Xa_Binh_Phu": "Binh Phu commune",
  "Xa_Tan_Thanh_A": "Tan Thanh A commune",
  "Xa_Tan_Thanh_B": "Tan Thanh B commune",
  "Xa_Tan_Phuoc": "Tan Phuoc commune",
  "Xa_Tan_Cong_Chi": "Tan Cong Chi commune",
  "Xa_An_Phuoc": "An Phuoc commune",
  "Huyen_Hong_Ngu": "Hong Ngu district",
  "Xa_Thuong_Phuoc_1": "Thuong Phuoc Commune 1",
  "Xa_Thuong_Thoi_Hau_A": "Thuong Thoi Hau A commune",
  "Thi_tran_Thuong_Thoi_Tien": "Thuong Thoi Tien town",
  "Xa_Thuong_Phuoc_2": "Thuong Phuoc Commune 2",
  "Xa_Thuong_Lac": "Thuong Lac commune",
  "Xa_Long_Khanh_A": "Long Khanh A commune",
  "Xa_Long_Khanh_B": "Long Khanh B commune",
  "Xa_Long_Thuan": "Long Thuan commune",
  "Xa_Phu_Thuan_B": "Phu Thuan B commune",
  "Xa_Phu_Thuan_A": "Phu Thuan A commune",
  "Huyen_Tam_Nong": "Tam Nong district",
  "Thi_tran_Tram_Chim": "Tram Chim town",
  "Xa_Hoa_Binh": "Hoa Binh commune",
  "Xa_Tan_Cong_Sinh": "Tan Cong Sinh commune",
  "Xa_Phu_Hiep": "Phu Hiep commune",
  "Xa_Phu_Duc": "Phu Duc commune",
  "Xa_Phu_Thanh_B": "Phu Thanh B commune",
  "Xa_An_Hoa": "An Hoa commune",
  "Xa_An_Long": "An Long commune",
  "Xa_Phu_Cuong": "Phu Cuong commune",
  "Xa_Phu_Ninh": "Phu Ninh commune",
  "Xa_Phu_Tho": "Phu Tho commune",
  "Xa_Phu_Thanh_A": "Phu Thanh A commune",
  "Huyen_Thap_Muoi": "Thap Muoi district",
  "Thi_tran_My_An": "My An town",
  "Xa_Thanh_Loi": "Thanh Loi commune",
  "Xa_Hung_Thanh": "Hung Thanh commune",
  "Xa_Truong_Xuan": "Truong Xuan commune",
  "Xa_Tan_Kieu": "Tan Kieu commune",
  "Xa_My_Hoa": "My Hoa commune",
  "Xa_My_Quy": "My Quy commune",
  "Xa_My_Dong": "My Dong commune",
  "Xa_Doc_Binh_Kieu": "Doc Binh Kieu commune",
  "Xa_My_An": "My An commune",
  "Xa_Phu_Dien": "Phu Dien commune",
  "Xa_Lang_Bien": "Lang Bien Commune",
  "Xa_Thanh_My": "Thanh My commune",
  "Huyen_Cao_Lanh": "Cao Lanh district",
  "Thi_tran_My_Tho": "My Tho town",
  "Xa_Gao_Giong": "Gao Giong commune",
  "Xa_Phuong_Thinh": "Phuong Thinh commune",
  "Xa_Ba_Sao": "Ba Sao Commune",
  "Xa_Phong_My": "Phong My commune",
  "Xa_Tan_Nghia": "Tan Nghia commune",
  "Xa_Phuong_Tra": "Phuong Tra commune",
  "Xa_Nhi_My": "Nhi My commune",
  "Xa_My_Tho": "My Tho commune",
  "Xa_Tan_Hoi_Trung": "Tan Hoi Trung commune",
  "Xa_An_Binh": "An Binh commune",
  "Xa_My_Hoi": "My Hoi Commune",
  "Xa_My_Hiep": "My Hiep commune",
  "Xa_My_Long": "My Long commune",
  "Xa_Binh_Hang_Trung": "Binh Hang Trung commune",
  "Xa_My_Xuong": "My Xuong commune",
  "Xa_Binh_Hang_Tay": "Binh Hang Tay commune",
  "Huyen_Thanh_Binh": "Thanh Binh district",
  "Xa_Tan_Quoi": "Tan Quoi commune",
  "Xa_Tan_Hoa": "Tan Hoa commune",
  "Xa_An_Phong": "An Phong commune",
  "Xa_Phu_Loi": "Phu Loi commune",
  "Xa_Tan_My": "Tan My commune",
  "Xa_Binh_Tan": "Binh Tan commune",
  "Xa_Tan_Hue": "Tan Hue commune",
  "Xa_Tan_Binh": "Tan Binh commune",
  "Xa_Tan_Thanh": "Tan Thanh commune",
  "Xa_Tan_Phu": "Tan Phu commune",
  "Xa_Tan_Long": "Tan Long commune",
  "Huyen_Lap_Vo": "Lap Vo district",
  "Xa_My_An_Hung_A": "My An Hung commune A",
  "Xa_My_An_Hung_B": "My An Hung commune B",
  "Xa_Tan_Khanh_Trung": "Tan Khanh Trung commune",
  "Xa_Long_Hung_A": "Long Hung A commune",
  "Xa_Vinh_Thanh": "Vinh Thanh commune",
  "Xa_Long_Hung_B": "Long Hung B commune",
  "Xa_Dinh_An": "Dinh An Commune",
  "Xa_Dinh_Yen": "Dinh Yen commune",
  "Xa_Hoi_An_Dong": "An Dong Society",
  "Xa_Binh_Thanh_Trung": "Binh Thanh Trung commune",
  "Huyen_Lai_Vung": "Lai Vung district",
  "Xa_Tan_Duong": "Tan Duong commune",
  "Xa_Hoa_Thanh": "Hoa Thanh commune",
  "Xa_Long_Hau": "Long Hau commune",
  "Xa_Hoa_Long": "Hoa Long commune",
  "Xa_Long_Thang": "Long Thang commune",
  "Xa_Vinh_Thoi": "Vinh Thoi commune",
  "Xa_Dinh_Hoa": "Dinh Hoa commune",
  "Xa_Phong_Hoa": "Phong Hoa commune",
  "Huyen_Chau_Thanh": "Chau Thanh district",
  "Thi_tran_Cai_Tau_Ha": "Cai Tau Ha town",
  "Xa_An_Hiep": "An Hiep commune",
  "Xa_An_Nhon": "An Nhon commune",
  "Xa_Tan_Nhuan_Dong": "Tan Nhuan Dong commune",
  "Xa_Tan_Phu_Trung": "Tan Phu Trung commune",
  "Xa_Phu_Long": "Phu Long commune",
  "Xa_An_Phu_Thuan": "An Phu Thuan commune",
  "Xa_Phu_Huu": "Phu Huu commune",
  "Xa_An_Khanh": "An Khanh commune",
  "Xa_Hoa_Tan": "Hoa Tan commune"
}