{
  "Thai_Nguyen": "Thai Nguyen",
  "Thanh_pho_Thai_Nguyen": "Thai Nguyen city",
  "Phuong_Quan_Trieu": "Quan Trieu Ward",
  "Phuong_Quang_Vinh": "Quang Vinh Ward",
  "Phuong_Tuc_Duyen": "Tuc Duyen Ward",
  "Phuong_Hoang_Van_Thu": "Hoang Van Thu Ward",
  "Phuong_Trung_Vuong": "Trung Vuong Ward",
  "Phuong_Quang_Trung": "Quang Trung Ward",
  "Phuong_Phan_Dinh_Phung": "Phan Dinh Phung Ward",
  "Phuong_Tan_Thinh": "Tan Thinh Ward",
  "Phuong_Thinh_Dan": "Thinh Dan Ward",
  "Phuong_Dong_Quang": "Dong Quang Ward",
  "Phuong_Gia_Sang": "Gia Sang Ward",
  "Phuong_Tan_Lap": "Tan Lap Ward",
  "Phuong_Cam_Gia": "Cam Gia Ward",
  "Phuong_Phu_Xa": "Phu Xa Ward",
  "Phuong_Huong_Son": "Huong Son Ward",
  "Phuong_Trung_Thanh": "Trung Thanh Ward",
  "Phuong_Tan_Thanh": "Tan Thanh Ward",
  "Phuong_Tan_Long": "Tan Long Ward",
  "Xa_Phuc_Ha": "Phuc Ha commune",
  "Xa_Phuc_Xuan": "Phuc Xuan commune",
  "Xa_Quyet_Thang": "Quyet Thang commune",
  "Xa_Phuc_Triu": "Phuc Triu commune",
  "Xa_Thinh_Duc": "Thinh Duc commune",
  "Phuong_Tich_Luong": "Tich Luong Ward",
  "Xa_Tan_Cuong": "Tan Cuong commune",
  "Xa_Son_Cam": "Son Cam commune",
  "Phuong_Chua_Hang": "Chua Hang Ward",
  "Xa_Cao_Ngan": "Cao Ngan commune",
  "Xa_Linh_Son": "Linh Son commune",
  "Phuong_Dong_Bam": "Dong Bam Ward",
  "Xa_Huong_Thuong": "Huong Thuong Commune",
  "Xa_Dong_Lien": "Dong Lien commune",
  "Thanh_pho_Song_Cong": "Song Cong City",
  "Phuong_Luong_Son": "Luong Son Ward",
  "Phuong_Chau_Son": "Chau Son Ward",
  "Phuong_Mo_Che": "Mo Che Ward",
  "Phuong_Cai_Dan": "Cai Dan Ward",
  "Phuong_Thang_Loi": "Thang Loi Ward",
  "Phuong_Pho_Co": "Pho Co Ward",
  "Xa_Tan_Quang": "Tan Quang commune",
  "Phuong_Bach_Quang": "Bach Quang Ward",
  "Xa_Binh_Son": "Binh Son commune",
  "Xa_Ba_Xuyen": "Ba Xuyen commune",
  "Huyen_Dinh_Hoa": "Dinh Hoa district",
  "Thi_tran_Cho_Chu": "Cho Chu town",
  "Xa_Linh_Thong": "Linh Thong commune",
  "Xa_Lam_Vy": "Lam Vy commune",
  "Xa_Quy_Ky": "Quy Ky commune",
  "Xa_Tan_Thinh": "Tan Thinh commune",
  "Xa_Kim_Phuong": "Kim Phuong commune",
  "Xa_Bao_Linh": "Bao Linh commune",
  "Xa_Phuc_Chu": "Phuc Chu commune",
  "Xa_Tan_Duong": "Tan Duong commune",
  "Xa_Phuong_Tien": "Phuong Tien Commune",
  "Xa_Bao_Cuong": "Bao Cuong commune",
  "Xa_Dong_Thinh": "Dong Thinh commune",
  "Xa_Dinh_Bien": "Dinh Bien Commune",
  "Xa_Thanh_Dinh": "Thanh Dinh commune",
  "Xa_Trung_Hoi": "Trung Hoi Commune",
  "Xa_Trung_Luong": "Trung Luong commune",
  "Xa_Binh_Yen": "Binh Yen commune",
  "Xa_Diem_Mac": "Diem Mac commune",
  "Xa_Phu_Tien": "Phu Tien Commune",
  "Xa_Boc_Nhieu": "Boc Nhieu commune",
  "Xa_Son_Phu": "Son Phu commune",
  "Xa_Phu_Dinh": "Phu Dinh commune",
  "Xa_Binh_Thanh": "Binh Thanh commune",
  "Huyen_Phu_Luong": "Phu Luong district",
  "Thi_tran_Giang_Tien": "Giang Tien town",
  "Thi_tran_Du": "Du town",
  "Xa_Yen_Ninh": "Yen Ninh commune",
  "Xa_Yen_Trach": "Yen Trach commune",
  "Xa_Yen_Do": "Yen Do commune",
  "Xa_Yen_Lac": "Yen Lac commune",
  "Xa_On_Luong": "On Luong commune",
  "Xa_Dong_Dat": "Dong Dat Commune",
  "Xa_Phu_Ly": "Phu Ly commune",
  "Xa_Phu_Do": "Phu Do commune",
  "Xa_Hop_Thanh": "Hop Thanh Commune",
  "Xa_Tuc_Tranh": "Tuc Tranh Commune",
  "Xa_Phan_Me": "Phan Me Commune",
  "Xa_Vo_Tranh": "Vo Tranh Commune",
  "Xa_Co_Lung": "Co Lung commune",
  "Huyen_Dong_Hy": "Dong Hy district",
  "Thi_tran_Song_Cau": "Song Cau town",
  "Thi_tran_Trai_Cau": "Trai Cau town",
  "Xa_Van_Lang": "Van Lang commune",
  "Xa_Tan_Long": "Tan Long commune",
  "Xa_Hoa_Binh": "Hoa Binh Commune",
  "Xa_Quang_Son": "Quang Son commune",
  "Xa_Minh_Lap": "Minh Lap commune",
  "Xa_Van_Han": "Van Han commune",
  "Xa_Hoa_Trung": "Hoa Trung commune",
  "Xa_Khe_Mo": "Khe Mo commune",
  "Xa_Cay_Thi": "Cay Thi Commune",
  "Xa_Hoa_Thuong": "Hoa Thuong commune",
  "Xa_Hop_Tien": "Hop Tien Commune",
  "Xa_Tan_Loi": "Tan Loi commune",
  "Xa_Nam_Hoa": "Nam Hoa commune",
  "Huyen_Vo_Nhai": "Vo Nhai district",
  "Thi_tran_Dinh_Ca": "Dinh Ca town",
  "Xa_Sang_Moc": "Sang Moc commune",
  "Xa_Nghinh_Tuong": "Nghinh Tuong commune",
  "Xa_Than_Xa": "Than Xa commune",
  "Xa_Vu_Chan": "Vu Chan commune",
  "Xa_Thuong_Nung": "Thuong Nung commune",
  "Xa_Phu_Thuong": "Phu Thuong commune",
  "Xa_Cuc_Duong": "Cuc Duong commune",
  "Xa_La_Hien": "La Hien commune",
  "Xa_Lau_Thuong": "Lau Thuong commune",
  "Xa_Trang_Xa": "Trang Xa commune",
  "Xa_Phuong_Giao": "Phuong Giao Commune",
  "Xa_Lien_Minh": "Lien Minh Commune",
  "Xa_Dan_Tien": "Dan Tien Commune",
  "Xa_Binh_Long": "Binh Long commune",
  "Huyen_Dai_Tu": "Dai Tu District",
  "Thi_tran_Hung_Son": "Hung Son town",
  "Thi_tran_Quan_Chu": "Quan Chu town",
  "Xa_Phuc_Luong": "Phuc Luong commune",
  "Xa_Minh_Tien": "Minh Tien Commune",
  "Xa_Yen_Lang": "Yen Lang commune",
  "Xa_Duc_Luong": "Duc Luong commune",
  "Xa_Phu_Cuong": "Phu Cuong commune",
  "Xa_Na_Mao": "Na Mao commune",
  "Xa_Phu_Lac": "Phu Lac commune",
  "Xa_Tan_Linh": "Tan Linh commune",
  "Xa_Phu_Thinh": "Phu Thinh commune",
  "Xa_Phuc_Linh": "Phuc Linh commune",
  "Xa_Phu_Xuyen": "Phu Xuyen commune",
  "Xa_Ban_Ngoai": "Ban Ngoai Commune",
  "Xa_Tien_Hoi": "Tien Hoi Commune",
  "Xa_Cu_Van": "Cu Van commune",
  "Xa_Ha_Thuong": "Ha Thuong commune",
  "Xa_La_Bang": "La Bang commune",
  "Xa_Hoang_Nong": "Hoang Nong commune",
  "Xa_Khoi_Ky": "Khoi Ky commune",
  "Xa_An_Khanh": "An Khanh commune",
  "Xa_Tan_Thai": "Tan Thai commune",
  "Xa_Binh_Thuan": "Binh Thuan commune",
  "Xa_Luc_Ba": "Luc Ba Commune",
  "Xa_My_Yen": "My Yen commune",
  "Xa_Van_Tho": "Van Tho commune",
  "Xa_Van_Yen": "Van Yen commune",
  "Xa_Ky_Phu": "Ky Phu Commune",
  "Xa_Cat_Ne": "Cat Ne commune",
  "Xa_Quan_Chu": "Quan Chu Commune",
  "Thi_xa_Pho_Yen": "Pho Yen town",
  "Phuong_Bai_Bong": "Bai Bong Ward",
  "Phuong_Bac_Son": "Bac Son Ward",
  "Phuong_Ba_Hang": "Ba Hang Ward",
  "Xa_Phuc_Tan": "Phuc Tan commune",
  "Xa_Phuc_Thuan": "Phuc Thuan commune",
  "Xa_Hong_Tien": "Hong Tien commune",
  "Xa_Minh_Duc": "Minh Duc commune",
  "Xa_Dac_Son": "Dac Son commune",
  "Phuong_Dong_Tien": "Dong Tien Ward",
  "Xa_Thanh_Cong": "Thanh Cong Commune",
  "Xa_Tien_Phong": "Tien Phong commune",
  "Xa_Van_Phai": "Van Phai commune",
  "Xa_Nam_Tien": "Nam Tien Commune",
  "Xa_Tan_Huong": "Tan Huong commune",
  "Xa_Dong_Cao": "Dong Cao commune",
  "Xa_Trung_Thanh": "Trung Thanh Commune",
  "Xa_Tan_Phu": "Tan Phu commune",
  "Xa_Thuan_Thanh": "Thuan Thanh Commune",
  "Huyen_Phu_Binh": "Phu Binh district",
  "Thi_tran_Huong_Son": "Huong Son town",
  "Xa_Ban_Dat": "Ban Dat commune",
  "Xa_Tan_Khanh": "Tan Khanh commune",
  "Xa_Tan_Kim": "Tan Kim commune",
  "Xa_Tan_Thanh": "Tan Thanh commune",
  "Xa_Dao_Xa": "Dao Xa Commune",
  "Xa_Bao_Ly": "Bao Ly commune",
  "Xa_Thuong_Dinh": "Thuong Dinh commune",
  "Xa_Tan_Hoa": "Tan Hoa commune",
  "Xa_Nha_Long": "Nha Long commune",
  "Xa_Diem_Thuy": "Diem Thuy commune",
  "Xa_Xuan_Phuong": "Xuan Phuong commune",
  "Xa_Tan_Duc": "Tan Duc commune",
  "Xa_Uc_Ky": "Uc Ky commune",
  "Xa_Luong_Phu": "Luong Phu commune",
  "Xa_Nga_My": "Nga My commune",
  "Xa_Kha_Son": "Kha Son commune",
  "Xa_Thanh_Ninh": "Thanh Ninh commune",
  "Xa_Duong_Thanh": "Duong Thanh commune",
  "Xa_Ha_Chau": "Ha Chau commune"
}