{
  "Ha_Tinh": "Hà Tĩnh",
  "Thanh_pho_Ha_Tinh": "Thành phố Hà Tĩnh",
  "Phuong_Tran_Phu": "Phường Trần Phú",
  "Phuong_Nam_Ha": "Phường Nam Hà",
  "Phuong_Bac_Ha": "Phường Bắc Hà",
  "Phuong_Nguyen_Du": "Phường Nguyễn Du",
  "Phuong_Tan_Giang": "Phường Tân Giang",
  "Phuong_Dai_Nai": "Phường Đại Nài",
  "Phuong_Ha_Huy_Tap": "Phường Hà Huy Tập",
  "Xa_Thach_Trung": "Xã Thạch Trung",
  "Phuong_Thach_Quy": "Phường Thạch Quý",
  "Phuong_Thach_Linh": "Phường Thạch Linh",
  "Phuong_Van_Yen": "Phường Văn Yên",
  "Xa_Thach_Ha": "Xã Thạch Hạ",
  "Xa_Dong_Mon": "Xã Đồng Môn",
  "Xa_Thach_Hung": "Xã Thạch Hưng",
  "Xa_Thach_Binh": "Xã Thạch Bình",
  "Huyen_Huong_Son": "Huyện Hương Sơn",
  "Thi_tran_Pho_Chau": "Thị trấn Phố Châu",
  "Thi_tran_Tay_Son": "Thị trấn Tây Sơn",
  "Xa_Son_Hong": "Xã Sơn Hồng",
  "Xa_Son_Tien": "Xã Sơn Tiến",
  "Xa_Son_Lam": "Xã Sơn Lâm",
  "Xa_Son_Le": "Xã Sơn Lễ",
  "Xa_Son_Giang": "Xã Sơn Giang",
  "Xa_Son_Linh": "Xã Sơn Lĩnh",
  "Xa_An_Hoa_Thinh": "Xã An Hòa Thịnh",
  "Xa_Son_Tay": "Xã Sơn Tây",
  "Xa_Son_Ninh": "Xã Sơn Ninh",
  "Xa_Son_Chau": "Xã Sơn Châu",
  "Xa_Tan_My_Ha": "Xã Tân Mỹ Hà",
  "Xa_Quang_Diem": "Xã Quang Diệm",
  "Xa_Son_Trung": "Xã Sơn Trung",
  "Xa_Son_Bang": "Xã Sơn Bằng",
  "Xa_Son_Binh": "Xã Sơn Bình",
  "Xa_Son_Kim_1": "Xã Sơn Kim 1",
  "Xa_Son_Kim_2": "Xã Sơn Kim 2",
  "Xa_Son_Tra": "Xã Sơn Trà",
  "Xa_Son_Long": "Xã Sơn Long",
  "Xa_Kim_Hoa": "Xã Kim Hoa",
  "Xa_Son_Ham": "Xã Sơn Hàm",
  "Xa_Son_Phu": "Xã Sơn Phú",
  "Xa_Son_Truong": "Xã Sơn Trường",
  "Huyen_Duc_Tho": "Huyện Đức Thọ",
  "Xa_Quang_Vinh": "Xã Quang Vĩnh",
  "Xa_Tung_Chau": "Xã Tùng Châu",
  "Xa_Truong_Son": "Xã Trường Sơn",
  "Xa_Lien_Minh": "Xã Liên Minh",
  "Xa_Yen_Ho": "Xã Yên Hồ",
  "Xa_Tung_Anh": "Xã Tùng Ảnh",
  "Xa_Bui_La_Nhan": "Xã Bùi La Nhân",
  "Xa_Thanh_Binh_Thinh": "Xã Thanh Bình Thịnh",
  "Xa_Lam_Trung_Thuy": "Xã Lâm Trung Thủy",
  "Xa_Hoa_Lac": "Xã Hòa Lạc",
  "Xa_Tan_Dan": "Xã Tân Dân",
  "Xa_An_Dung": "Xã An Dũng",
  "Xa_Duc_Dong": "Xã Đức Đồng",
  "Xa_Duc_Lang": "Xã Đức Lạng",
  "Xa_Tan_Huong": "Xã Tân Hương",
  "Huyen_Vu_Quang": "Huyện Vũ Quang",
  "Xa_An_Phu": "Xã Ân Phú",
  "Xa_Duc_Giang": "Xã Đức Giang",
  "Xa_Duc_Linh": "Xã Đức Lĩnh",
  "Xa_Tho_Dien": "Xã Thọ Điền",
  "Xa_Duc_Huong": "Xã Đức Hương",
  "Xa_Duc_Bong": "Xã Đức Bồng",
  "Xa_Duc_Lien": "Xã Đức Liên",
  "Xa_Huong_Minh": "Xã Hương Minh",
  "Xa_Quang_Tho": "Xã Quang Thọ",
  "Huyen_Nghi_Xuan": "Huyện Nghi Xuân",
  "Thi_tran_Xuan_An": "Thị trấn Xuân An",
  "Xa_Xuan_Hoi": "Xã Xuân Hội",
  "Xa_Dan_Truong": "Xã Đan Trường",
  "Xa_Xuan_Pho": "Xã Xuân Phổ",
  "Xa_Xuan_Hai": "Xã Xuân Hải",
  "Xa_Xuan_Giang": "Xã Xuân Giang",
  "Thi_tran_Tien_Dien": "Thị trấn Tiên Điền",
  "Xa_Xuan_Yen": "Xã Xuân Yên",
  "Xa_Xuan_My": "Xã Xuân Mỹ",
  "Xa_Xuan_Thanh": "Xã Xuân Thành",
  "Xa_Xuan_Vien": "Xã Xuân Viên",
  "Xa_Xuan_Hong": "Xã Xuân Hồng",
  "Xa_Co_Dam": "Xã Cỗ Đạm",
  "Xa_Xuan_Lien": "Xã Xuân Liên",
  "Xa_Xuan_Linh": "Xã Xuân Lĩnh",
  "Xa_Xuan_Lam": "Xã Xuân Lam",
  "Xa_Cuong_Gian": "Xã Cương Gián",
  "Huyen_Can_Loc": "Huyện Can Lộc",
  "Thi_tran_Nghen": "Thị trấn Nghèn",
  "Xa_Thien_Loc": "Xã Thiên Lộc",
  "Xa_Thuan_Thien": "Xã Thuần Thiện",
  "Xa_Vuong_Loc": "Xã Vượng Lộc",
  "Xa_Thanh_Loc": "Xã Thanh Lộc",
  "Xa_Kim_Song_Truong": "Xã Kim Song Trường",
  "Xa_Thuong_Nga": "Xã Thường Nga",
  "Xa_Tung_Loc": "Xã Tùng Lộc",
  "Xa_Phu_Loc": "Xã Phú Lộc",
  "Xa_Gia_Hanh": "Xã Gia Hanh",
  "Xa_Khanh_Vinh_Yen": "Xã Khánh Vĩnh Yên",
  "Xa_Trung_Loc": "Xã Trung Lộc",
  "Xa_Xuan_Loc": "Xã Xuân Lộc",
  "Xa_Thuong_Loc": "Xã Thượng Lộc",
  "Xa_Quang_Loc": "Xã Quang Lộc",
  "Thi_tran_Dong_Loc": "Thị trấn Đồng Lộc",
  "Xa_My_Loc": "Xã Mỹ Lộc",
  "Xa_Son_Loc": "Xã Sơn Lộc",
  "Huyen_Huong_Khe": "Huyện Hương Khê",
  "Xa_Dien_My": "Xã Điền Mỹ",
  "Xa_Ha_Linh": "Xã Hà Linh",
  "Xa_Huong_Thuy": "Xã Hương Thủy",
  "Xa_Hoa_Hai": "Xã Hòa Hải",
  "Xa_Phuc_Dong": "Xã Phúc Đồng",
  "Xa_Huong_Giang": "Xã Hương Giang",
  "Xa_Loc_Yen": "Xã Lộc Yên",
  "Xa_Huong_Binh": "Xã Hương Bình",
  "Xa_Huong_Long": "Xã Hương Long",
  "Xa_Phu_Gia": "Xã Phú Gia",
  "Xa_Gia_Pho": "Xã Gia Phố",
  "Xa_Phu_Phong": "Xã Phú Phong",
  "Xa_Huong_Do": "Xã Hương Đô",
  "Xa_Huong_Vinh": "Xã Hương Vĩnh",
  "Xa_Huong_Xuan": "Xã Hương Xuân",
  "Xa_Phuc_Trach": "Xã Phúc Trạch",
  "Xa_Huong_Tra": "Xã Hương Trà",
  "Xa_Huong_Trach": "Xã Hương Trạch",
  "Xa_Huong_Lam": "Xã Hương Lâm",
  "Xa_Huong_Lien": "Xã Hương Liên",
  "Huyen_Thach_Ha": "Huyện Thạch Hà",
  "Xa_Ngoc_Son": "Xã Ngọc Sơn",
  "Xa_Thach_Hai": "Xã Thạch Hải",
  "Xa_Thach_Kenh": "Xã Thạch Kênh",
  "Xa_Thach_Son": "Xã Thạch Sơn",
  "Xa_Thach_Lien": "Xã Thạch Liên",
  "Xa_Dinh_Ban": "Xã Đỉnh Bàn",
  "Xa_Viet_Tien": "Xã Việt Tiến",
  "Xa_Thach_Khe": "Xã Thạch Khê",
  "Xa_Thach_Long": "Xã Thạch Long",
  "Xa_Thach_Tri": "Xã Thạch Trị",
  "Xa_Thach_Lac": "Xã Thạch Lạc",
  "Xa_Thach_Ngoc": "Xã Thạch Ngọc",
  "Xa_Tuong_Son": "Xã Tượng Sơn",
  "Xa_Thach_Van": "Xã Thạch Văn",
  "Xa_Luu_Vinh_Son": "Xã Lưu Vĩnh Sơn",
  "Xa_Thach_Thang": "Xã Thạch Thắng",
  "Xa_Thach_Dai": "Xã Thạch Đài",
  "Xa_Thach_Hoi": "Xã Thạch Hội",
  "Xa_Tan_Lam_Huong": "Xã Tân Lâm Hương",
  "Xa_Thach_Xuan": "Xã Thạch Xuân",
  "Xa_Nam_Dien": "Xã Nam Điền",
  "Huyen_Cam_Xuyen": "Huyện Cẩm Xuyên",
  "Thi_tran_Thien_Cam": "Thị trấn Thiên Cầm",
  "Xa_Yen_Hoa": "Xã Yên Hòa",
  "Xa_Cam_Duong": "Xã Cẩm Dương",
  "Xa_Cam_Binh": "Xã Cẩm Bình",
  "Xa_Cam_Vinh": "Xã Cẩm Vĩnh",
  "Xa_Cam_Thanh": "Xã Cẩm Thành",
  "Xa_Cam_Quang": "Xã Cẩm Quang",
  "Xa_Cam_Thach": "Xã Cẩm Thạch",
  "Xa_Cam_Nhuong": "Xã Cẩm Nhượng",
  "Xa_Nam_Phuc_Thang": "Xã Nam Phúc Thăng",
  "Xa_Cam_Due": "Xã Cẩm Duệ",
  "Xa_Cam_Linh": "Xã Cẩm Lĩnh",
  "Xa_Cam_Quan": "Xã Cẩm Quan",
  "Xa_Cam_Ha": "Xã Cẩm Hà",
  "Xa_Cam_Loc": "Xã Cẩm Lộc",
  "Xa_Cam_Hung": "Xã Cẩm Hưng",
  "Xa_Cam_Thinh": "Xã Cẩm Thịnh",
  "Xa_Cam_My": "Xã Cẩm Mỹ",
  "Xa_Cam_Trung": "Xã Cẩm Trung",
  "Xa_Cam_Son": "Xã Cẩm Sơn",
  "Xa_Cam_Lac": "Xã Cẩm Lạc",
  "Xa_Cam_Minh": "Xã Cẩm Minh",
  "Huyen_Ky_Anh": "Huyện Kỳ Anh",
  "Xa_Ky_Xuan": "Xã Kỳ Xuân",
  "Xa_Ky_Bac": "Xã Kỳ Bắc",
  "Xa_Ky_Phu": "Xã Kỳ Phú",
  "Xa_Ky_Phong": "Xã Kỳ Phong",
  "Xa_Ky_Tien": "Xã Kỳ Tiến",
  "Xa_Ky_Giang": "Xã Kỳ Giang",
  "Xa_Ky_Dong": "Xã Kỳ Đồng",
  "Xa_Ky_Khang": "Xã Kỳ Khang",
  "Xa_Ky_Van": "Xã Kỳ Văn",
  "Xa_Ky_Trung": "Xã Kỳ Trung",
  "Xa_Ky_Tho": "Xã Kỳ Thọ",
  "Xa_Ky_Tay": "Xã Kỳ Tây",
  "Xa_Ky_Thuong": "Xã Kỳ Thượng",
  "Xa_Ky_Hai": "Xã Kỳ Hải",
  "Xa_Ky_Thu": "Xã Kỳ Thư",
  "Xa_Ky_Chau": "Xã Kỳ Châu",
  "Xa_Ky_Tan": "Xã Kỳ Tân",
  "Xa_Lam_Hop": "Xã Lâm Hợp",
  "Xa_Ky_Son": "Xã Kỳ Sơn",
  "Xa_Ky_Lac": "Xã Kỳ Lạc",
  "Huyen_Loc_Ha": "Huyện Lộc Hà",
  "Xa_Tan_Loc": "Xã Tân Lộc",
  "Xa_Hong_Loc": "Xã Hồng Lộc",
  "Xa_Thinh_Loc": "Xã Thịnh Lộc",
  "Xa_Binh_An": "Xã Bình An",
  "Xa_Ich_Hau": "Xã Ích Hậu",
  "Xa_Phu_Luu": "Xã Phù Lưu",
  "Xa_Thach_My": "Xã Thạch Mỹ",
  "Xa_Thach_Kim": "Xã Thạch Kim",
  "Xa_Thach_Chau": "Xã Thạch Châu",
  "Xa_Ho_Do": "Xã Hộ Độ",
  "Xa_Mai_Phu": "Xã Mai Phụ",
  "Thi_xa_Ky_Anh": "Thị xã Kỳ Anh",
  "Phuong_Ky_Long": "Phường Kỳ Long",
  "Phuong_Ky_Lien": "Phường Kỳ Liên",
  "Phuong_Ky_Phuong": "Phường Kỳ Phương",
  "Phuong_Ky_Thinh": "Phường Kỳ Thịnh",
  "Phuong_Song_Tri": "Phường Sông Trí",
  "Xa_Ky_Ha": "Xã Kỳ Hà",
  "Xa_Ky_Hoa": "Xã Kỳ Hoa",
  "Xa_Ky_Hung": "Xã Kỳ Hưng",
  "Xa_Ky_Loi": "Xã Kỳ Lợi",
  "Xa_Ky_Nam": "Xã Kỳ Nam",
  "Xa_Ky_Ninh": "Xã Kỳ Ninh"
}