{
  "Dong_Nai": "Dong Nai",
  "Thanh_pho_Bien_Hoa": "Bien Hoa City",
  "Phuong_An_Binh": "An Binh Ward",
  "Phuong_An_Hoa": "An Hoa Ward",
  "Phuong_Binh_Da": "Binh Da Ward",
  "Phuong_Buu_Hoa": "Buu Hoa Ward",
  "Phuong_Buu_Long": "Buu Long Ward",
  "Phuong_Hiep_Hoa": "Hiep Hoa Ward",
  "Phuong_Hoa_An": "Hoa An Ward",
  "Phuong_Hoa_Binh": "Hoa Binh Ward",
  "Phuong_Ho_Nai": "Ho Nai Ward",
  "Phuong_Long_Binh": "Long Binh Ward",
  "Phuong_Long_Binh_Tan": "Long Binh Tan Ward",
  "Phuong_Phuoc_Tan": "Phuoc Tan Ward",
  "Phuong_Quang_Vinh": "Quang Vinh Ward",
  "Phuong_Quyet_Thang": "Quyet Thang Ward",
  "Phuong_Tam_Hiep": "Tam Hiep Ward",
  "Phuong_Tam_Hoa": "Tam Hoa Ward",
  "Phuong_Tam_Phuoc": "Tam Phuoc Ward",
  "Phuong_Tan_Bien": "Tan Bien Ward",
  "Phuong_Tan_Hanh": "Tan Hanh Ward",
  "Phuong_Tan_Hiep": "Tan Hiep Ward",
  "Phuong_Tan_Hoa": "Tan Hoa Ward",
  "Phuong_Tan_Mai": "Tan Mai Ward",
  "Phuong_Tan_Phong": "Tan Phong Ward",
  "Phuong_Tan_Tien": "Tan Tien Ward",
  "Phuong_Tan_Van": "Tan Van Ward",
  "Phuong_Thanh_Binh": "Thanh Binh Ward",
  "Phuong_Thong_Nhat": "Thong Nhat Ward",
  "Phuong_Trang_Dai": "Trang Dai Ward",
  "Phuong_Trung_Dung": "Trung Dung Ward",
  "Xa_Long_Hung": "Long Hung commune",
  "Thanh_pho_Long_Khanh": "Long Khanh City",
  "Phuong_Bao_Vinh": "Bao Vinh Ward",
  "Phuong_Bau_Sen": "Bau Sen Ward",
  "Phuong_Phu_Binh": "Phu Binh Ward",
  "Phuong_Suoi_Tre": "Suoi Tre Ward",
  "Phuong_Xuan_An": "Xuan An Ward",
  "Phuong_Xuan_Binh": "Xuan Binh Ward",
  "Phuong_Xuan_Hoa": "Xuan Hoa Ward",
  "Phuong_Xuan_Lap": "Xuan Lap Ward",
  "Phuong_Xuan_Tan": "Xuan Tan Ward",
  "Phuong_Xuan_Thanh": "Xuan Thanh Ward",
  "Phuong_Xuan_Trung": "Xuan Trung Ward",
  "Xa_Bao_Quang": "Bao Quang commune",
  "Xa_Bau_Tram": "Bau Tram commune",
  "Xa_Binh_Loc": "Binh Loc commune",
  "Xa_Hang_Gon": "Hang Gon commune",
  "Huyen_Cam_My": "Cam My district",
  "Thi_tran_Long_Giao": "Long Giao town",
  "Xa_Bao_Binh": "Bao Binh commune",
  "Xa_Lam_San": "Lam San Commune",
  "Xa_Nhan_Nghia": "Nhan Nghia Commune",
  "Xa_Song_Nhan": "Song Nhan commune",
  "Xa_Song_Ray": "Song Ray commune",
  "Xa_Thua_Duc": "Thua Duc Commune",
  "Xa_Xuan_Bao": "Xuan Bao commune",
  "Xa_Xuan_Dong": "Xuan Dong commune",
  "Xa_Xuan_Duong": "Xuan Duong commune",
  "Xa_Xuan_My": "Xuan My commune",
  "Xa_Xuan_Que": "Xuan Que commune",
  "Xa_Xuan_Tay": "Xuan Tay commune",
  "Huyen_Dinh_Quan": "Dinh Quan district",
  "Thi_tran_Dinh_Quan": "Dinh Quan town",
  "Xa_Gia_Canh": "Gia Canh commune",
  "Xa_La_Nga": "La Nga commune",
  "Xa_Ngoc_Dinh": "Ngoc Dinh commune",
  "Xa_Phu_Cuong": "Phu Cuong commune",
  "Xa_Phu_Hoa": "Phu Hoa Commune",
  "Xa_Phu_Loi": "Phu Loi commune",
  "Xa_Phu_Ngoc": "Phu Ngoc commune",
  "Xa_Phu_Tan": "Phu Tan commune",
  "Xa_Phu_Tuc": "Phu Tuc commune",
  "Xa_Phu_Vinh": "Phu Vinh commune",
  "Xa_Suoi_Nho": "Suoi Nho Commune",
  "Xa_Thanh_Son": "Thanh Son commune",
  "Xa_Tuc_Trung": "Tuc Trung commune",
  "Huyen_Long_Thanh": "Long Thanh district",
  "Thi_tran_Long_Thanh": "Long Thanh town",
  "Xa_An_Phuoc": "An Phuoc commune",
  "Xa_Bau_Can": "Bau Can commune",
  "Xa_Binh_An": "Binh An commune",
  "Xa_Binh_Son": "Binh Son commune",
  "Xa_Cam_Duong": "Cam Duong commune",
  "Xa_Loc_An": "Loc An commune",
  "Xa_Long_An": "Long An commune",
  "Xa_Long_Duc": "Long Duc commune",
  "Xa_Long_Phuoc": "Long Phuoc commune",
  "Xa_Phuoc_Binh": "Phuoc Binh commune",
  "Xa_Phuoc_Thai": "Phuoc Thai commune",
  "Xa_Tam_An": "Tam An commune",
  "_Xa_Tan_Hiep": "Tan Hiep commune",
  "Huyen_Nhon_Trach": "Nhon Trach District",
  "Thi_tran_Hiep_Phuoc": "Hiep Phuoc town",
  "Xa_Dai_Phuoc": "Dai Phuoc commune",
  "Xa_Long_Tan": "Long Tan commune",
  "Xa_Long_Tho": "Long Tho commune",
  "Xa_Phu_Dong": "Phu Dong commune",
  "Xa_Phu_Huu": "Phu Huu commune",
  "Xa_Phu_Hoi": "Phu Hoi commune",
  "Xa_Phu_Thanh": "Phu Thanh commune",
  "Xa_Phuoc_An": "Phuoc An commune",
  "Xa_Phuoc_Khanh": "Phuoc Khanh commune",
  "Xa_Phuoc_Thien": "Phuoc Thien commune",
  "Xa_Vinh_Thanh": "Vinh Thanh commune",
  "Huyen_Tan_Phu": "Tan Phu district",
  "Thi_tran_Tan_Phu": "Tan Phu town",
  "Xa_Dac_Lua": "Dac Lua Commune",
  "Xa_Nam_Cat_Tien": "Nam Cat Tien commune",
  "Xa_Nui_Tuong": "Nui Tuong Commune",
  "Xa_Phu_An": "Phu An commune",
  "Xa_Phu_Binh": "Phu Binh commune",
  "Xa_Phu_Dien": "Phu Dien commune",
  "Xa_Phu_Lam": "Phu Lam commune",
  "Xa_Phu_Lap": "Phu Lap commune",
  "Xa_Phu_Loc": "Phu Loc commune",
  "Xa_Phu_Son": "Phu Son commune",
  "Xa_Phu_Thinh": "Phu Thinh commune",
  "Xa_Phu_Trung": "Phu Trung commune",
  "Xa_Phu_Xuan": "Phu Xuan commune",
  "Xa_Ta_Lai": "Ta Lai commune",
  "Xa_Tra_Co": "Tra Co commune",
  "Huyen_Thong_Nhat": "Thong Nhat District",
  "Thi_tran_Dau_Giay": "Dau Giay town",
  "Xa_Bau_Ham_2": "Bau Ham Commune 2",
  "Xa_Gia_Kiem": "Gia Kiem commune",
  "Xa_Gia_Tan_1": "Gia Tan Commune 1",
  "Xa_Gia_Tan_2": "Gia Tan commune 2",
  "Xa_Gia_Tan_3": "Gia Tan commune 3",
  "Xa_Hung_Loc": "Hung Loc commune",
  "Xa_Lo_25": "Commune Lo 25",
  "Xa_Quang_Trung": "Quang Trung commune",
  "Xa_Xuan_Thien": "Xuan Thien commune",
  "Huyen_Trang_Bom": "Trang Bom district",
  "Thi_tran_Trang_Bom": "Trang Bom town",
  "Xa_An_Vien": "An Vien commune",
  "Xa_Bac_Son": "Bac Son commune",
  "Xa_Bau_Ham": "Bau Ham commune",
  "Xa_Cay_Gao": "Cay Gao Commune",
  "Xa_Doi_61": "Hill 61 Commune",
  "Xa_Dong_Hoa": "Dong Hoa commune",
  "Xa_Giang_Dien": "Giang Dien commune",
  "Xa_Ho_Nai_3": "Ho Nai commune 3",
  "Xa_Hung_Thinh": "Hung Thinh commune",
  "Xa_Quang_Tien": "Quang Tien Commune",
  "Xa_Song_Thao": "Song Thao commune",
  "Xa_Song_Trau": "Song Trau commune",
  "Xa_Tay_Hoa": "Tay Hoa commune",
  "Xa_Thanh_Binh": "Thanh Binh commune",
  "Huyen_Vinh_Cuu": "Vinh Cuu district",
  "Thi_tran_Vinh_An": "Vinh An town",
  "Xa_Binh_Hoa": "Binh Hoa commune",
  "Xa_Binh_Loi": "Binh Loi commune",
  "Xa_Hieu_Liem": "Hieu Liem commune",
  "Xa_Ma_Da": "Ma Da commune",
  "Xa_Phu_Ly": "Phu Ly commune",
  "Xa_Tan_An": "Tan An commune",
  "Xa_Thanh_Phu": "Thanh Phu commune",
  "Xa_Thien_Tan": "Thien Tan commune",
  "Xa_Tri_An": "Tri An commune",
  "Xa_Vinh_Tan": "Vinh Tan commune",
  "Huyen_Xuan_Loc": "Xuan Loc district",
  "Thi_tran_Gia_Ray": "Gia Ray town",
  "Xa_Bao_Hoa": "Bao Hoa commune",
  "Xa_Lang_Minh": "Lang Minh commune",
  "Xa_Suoi_Cao": "Suoi Cao Commune",
  "Xa_Suoi_Cat": "Suoi Cat commune",
  "Xa_Xuan_Bac": "Xuan Bac commune",
  "Xa_Xuan_Dinh": "Xuan Dinh commune",
  "Xa_Xuan_Hiep": "Xuan Hiep commune",
  "Xa_Xuan_Hoa": "Xuan Hoa Commune",
  "Xa_Xuan_Hung": "Xuan Hung commune",
  "Xa_Xuan_Phu": "Xuan Phu commune",
  "Xa_Xuan_Tam": "Xuan Tam commune",
  "Xa_Xuan_Tho": "Xuan Tho commune",
  "Xa_Xuan_Truong": "Xuan Truong commune"
}