{
  "Hai_Duong": "Hải Dương",
  "Thanh_pho_Hai_Duong": "Thành phố Hải Dương",
  "Phuong_Cam_Thuong": "Phường Cẩm Thượng",
  "Phuong_Binh_Han": "Phường Bình Hàn",
  "Phuong_Ngoc_Chau": "Phường Ngọc Châu",
  "Phuong_Nhi_Chau": "Phường Nhị Châu",
  "Phuong_Quang_Trung": "Phường Quang Trung",
  "Phuong_Nguyen_Trai": "Phường Nguyễn Trãi",
  "Phuong_Pham_Ngu_Lao": "Phường Phạm Ngũ Lão",
  "Phuong_Tran_Hung_Dao": "Phường Trần Hưng Đạo",
  "Phuong_Tran_Phu": "Phường Trần Phú",
  "Phuong_Thanh_Binh": "Phường Thanh Bình",
  "Phuong_Tan_Binh": "Phường Tân Bình",
  "Phuong_Le_Thanh_Nghi": "Phường Lê Thanh Nghị",
  "Phuong_Hai_Tan": "Phường Hải Tân",
  "Phuong_Tu_Minh": "Phường Tứ Minh",
  "Phuong_Viet_Hoa": "Phường Việt Hoà",
  "Phuong_Ai_Quoc": "Phường Ái Quốc",
  "Xa_An_Thuong": "Xã An Thượng",
  "Phuong_Nam_Dong": "Phường Nam Đồng",
  "Xa_Quyet_Thang": "Xã Quyết Thắng",
  "Xa_Tien_Tien": "Xã Tiền Tiến",
  "Phuong_Thach_Khoi": "Phường Thạch Khôi",
  "Xa_Lien_Hong": "Xã Liên Hồng",
  "Phuong_Tan_Hung": "Phường Tân Hưng",
  "Xa_Gia_Xuyen": "Xã Gia Xuyên",
  "Xa_Ngoc_Son": "Xã Ngọc Sơn",
  "Thanh_pho_Chi_Linh": "Thành phố Chí Linh",
  "Phuong_Pha_Lai": "Phường Phả Lại",
  "Phuong_Sao_Do": "Phường Sao Đỏ",
  "Phuong_Ben_Tam": "Phường Bến Tắm",
  "Xa_Hoang_Hoa_Tham": "Xã Hoàng Hoa Thám",
  "Xa_Bac_An": "Xã Bắc An",
  "Xa_Hung_Dao": "Xã Hưng Đạo",
  "Xa_Le_Loi": "Xã Lê Lợi",
  "Phuong_Hoang_Tien": "Phường Hoàng Tiến",
  "Phuong_Cong_Hoa": "Phường Cộng Hoà",
  "Phuong_Hoang_Tan": "Phường Hoàng Tân",
  "Phuong_Co_Thanh": "Phường Cổ Thành",
  "Phuong_Van_An": "Phường Văn An",
  "Phuong_Chi_Minh": "Phường Chí Minh",
  "Phuong_Van_Duc": "Phường Văn Đức",
  "Phuong_Thai_Hoc": "Phường Thái Học",
  "Xa_Nhan_Hue": "Xã Nhân Huệ",
  "Phuong_An_Lac": "Phường An Lạc",
  "Phuong_Dong_Lac": "Phường Đồng Lạc",
  "Phuong_Tan_Dan": "Phường Tân Dân",
  "Huyen_Nam_Sach": "Huyện Nam Sách",
  "Xa_Nam_Hung": "Xã Nam Hưng",
  "Xa_Nam_Tan": "Xã Nam Tân",
  "Xa_Hop_Tien": "Xã Hợp Tiến",
  "Xa_Hiep_Cat": "Xã Hiệp Cát",
  "Xa_Thanh_Quang": "Xã Thanh Quang",
  "Xa_Quoc_Tuan": "Xã Quốc Tuấn",
  "Xa_Nam_Chinh": "Xã Nam Chính",
  "Xa_An_Binh": "Xã An Bình",
  "Xa_Nam_Trung": "Xã Nam Trung",
  "Xa_An_Son": "Xã An Sơn",
  "Xa_Cong_Hoa": "Xã Cộng Hòa",
  "Xa_Thai_Tan": "Xã Thái Tân",
  "Xa_An_Lam": "Xã An Lâm",
  "Xa_Phu_Dien": "Xã Phú Điền",
  "Xa_Nam_Hong": "Xã Nam Hồng",
  "Xa_Hong_Phong": "Xã Hồng Phong",
  "Xa_Dong_Lac": "Xã Đồng Lạc",
  "Xa_Minh_Tan": "Xã Minh Tân",
  "Thi_xa_Kinh_Mon": "Thị xã Kinh Môn",
  "Phuong_An_Luu": "Phường An Lưu",
  "Xa_Bach_Dang": "Xã Bạch Đằng",
  "Phuong_That_Hung": "Phường Thất Hùng",
  "Xa_Le_Ninh": "Xã Lê Ninh",
  "Xa_Hoanh_Son": "Xã Hoành Sơn",
  "Phuong_Pham_Thai": "Phường Phạm Thái",
  "Phuong_Duy_Tan": "Phường Duy Tân",
  "Phuong_Minh_Tan": "Phường Minh Tân",
  "Xa_Quang_Thanh": "Xã Quang Thành",
  "Xa_Hiep_Hoa": "Xã Hiệp Hòa",
  "Phuong_Phu_Thu": "Phường Phú Thứ",
  "Xa_Thang_Long": "Xã Thăng Long",
  "Xa_Lac_Long": "Xã Lạc Long",
  "Phuong_An_Sinh": "Phường An Sinh",
  "Phuong_Hiep_Son": "Phường Hiệp Sơn",
  "Xa_Thuong_Quan": "Xã Thượng Quận",
  "Phuong_An_Phu": "Phường An Phụ",
  "Phuong_Hiep_An": "Phường Hiệp An",
  "Phuong_Long_Xuyen": "Phường Long Xuyên",
  "Phuong_Thai_Thinh": "Phường Thái Thịnh",
  "Phuong_Hien_Thanh": "Phường Hiến Thành",
  "Xa_Minh_Hoa": "Xã Minh Hòa",
  "Huyen_Kim_Thanh": "Huyện Kim Thành",
  "Thi_tran_Phu_Thai": "Thị trấn Phú Thái",
  "Xa_Lai_Vu": "Xã Lai Vu",
  "Xa_Thuong_Vu": "Xã Thượng Vũ",
  "Xa_Co_Dung": "Xã Cổ Dũng",
  "Xa_Tuan_Viet": "Xã Tuấn Việt",
  "Xa_Kim_Xuyen": "Xã Kim Xuyên",
  "Xa_Phuc_Thanh_A": "Xã Phúc Thành A",
  "Xa_Ngu_Phuc": "Xã Ngũ Phúc",
  "Xa_Kim_Anh": "Xã Kim Anh",
  "Xa_Kim_Lien": "Xã Kim Liên",
  "Xa_Kim_Tan": "Xã Kim Tân",
  "Xa_Kim_Dinh": "Xã Kim Đính",
  "Xa_Binh_Dan": "Xã Bình Dân",
  "Xa_Tam_Ky": "Xã Tam Kỳ",
  "Xa_Dong_Cam": "Xã Đồng Cẩm",
  "Xa_Lien_Hoa": "Xã Liên Hòa",
  "Xa_Dai_Duc": "Xã Đại Đức",
  "Huyen_Thanh_Ha": "Huyện Thanh Hà",
  "Xa_Hong_Lac": "Xã Hồng Lạc",
  "Xa_Viet_Hong": "Xã Việt Hồng",
  "Xa_Tan_Viet": "Xã Tân Việt",
  "Xa_Cam_Che": "Xã Cẩm Chế",
  "Xa_Thanh_An": "Xã Thanh An",
  "Xa_Thanh_Lang": "Xã Thanh Lang",
  "Xa_Tan_An": "Xã Tân An",
  "Xa_Lien_Mac": "Xã Liên Mạc",
  "Xa_Thanh_Hai": "Xã Thanh Hải",
  "Xa_Thanh_Khe": "Xã Thanh Khê",
  "Xa_Thanh_Xa": "Xã Thanh Xá",
  "Xa_Thanh_Xuan": "Xã Thanh Xuân",
  "Xa_Thanh_Thuy": "Xã Thanh Thủy",
  "Xa_An_Phuong": "Xã An Phượng",
  "Xa_Thanh_Son": "Xã Thanh Sơn",
  "Xa_Thanh_Hong": "Xã Thanh Hồng",
  "Xa_Thanh_Cuong": "Xã Thanh Cường",
  "Xa_Vinh_Lap": "Xã Vĩnh Lập",
  "Huyen_Cam_Giang": "Huyện Cẩm Giàng",
  "Thi_tran_Lai_Cach": "Thị trấn Lai Cách",
  "Xa_Cam_Hung": "Xã Cẩm Hưng",
  "Xa_Cam_Hoang": "Xã Cẩm Hoàng",
  "Xa_Cam_Van": "Xã Cẩm Văn",
  "Xa_Ngoc_Lien": "Xã Ngọc Liên",
  "Xa_Thach_Loi": "Xã Thạch Lỗi",
  "Xa_Cam_Vu": "Xã Cẩm Vũ",
  "Xa_Duc_Chinh": "Xã Đức Chính",
  "Xa_Dinh_Son": "Xã Định Sơn",
  "Xa_Luong_Dien": "Xã Lương Điền",
  "Xa_Cao_An": "Xã Cao An",
  "Xa_Tan_Truong": "Xã Tân Trường",
  "Xa_Cam_Phuc": "Xã Cẩm Phúc",
  "Xa_Cam_Dien": "Xã Cẩm Điền",
  "Xa_Cam_Dong": "Xã Cẩm Đông",
  "Xa_Cam_Doai": "Xã Cẩm Đoài",
  "Huyen_Binh_Giang": "Huyện Bình Giang",
  "Thi_tran_Ke_Sat": "Thị trấn Kẻ Sặt",
  "Xa_Vinh_Hung": "Xã Vĩnh Hưng",
  "Xa_Hung_Thang": "Xã Hùng Thắng",
  "Xa_Vinh_Hong": "Xã Vĩnh Hồng",
  "Xa_Long_Xuyen": "Xã Long Xuyên",
  "Xa_Thuc_Khang": "Xã Thúc Kháng",
  "Xa_Tan_Hong": "Xã Tân Hồng",
  "Xa_Binh_Minh": "Xã Bình Minh",
  "Xa_Hong_Khe": "Xã Hồng Khê",
  "Xa_Thai_Hoc": "Xã Thái Học",
  "Xa_Co_Bi": "Xã Cổ Bì",
  "Xa_Nhan_Quyen": "Xã Nhân Quyền",
  "Xa_Thai_Duong": "Xã Thái Dương",
  "Xa_Thai_Hoa": "Xã Thái Hòa",
  "Xa_Binh_Xuyen": "Xã Bình Xuyên",
  "Huyen_Gia_Loc": "Huyện Gia Lộc",
  "Xa_Thong_Nhat": "Xã Thống Nhất",
  "Xa_Yet_Kieu": "Xã Yết Kiêu",
  "Xa_Gia_Tan": "Xã Gia Tân",
  "Xa_Tan_Tien": "Xã Tân Tiến",
  "Xa_Gia_Khanh": "Xã Gia Khánh",
  "Xa_Gia_Luong": "Xã Gia Lương",
  "Xa_Toan_Thang": "Xã Toàn Thắng",
  "Xa_Hoang_Dieu": "Xã Hoàng Diệu",
  "Xa_Hong_Hung": "Xã Hồng Hưng",
  "Xa_Pham_Tran": "Xã Phạm Trấn",
  "Xa_Doan_Thuong": "Xã Đoàn Thượng",
  "Xa_Thong_Kenh": "Xã Thống Kênh",
  "Xa_Quang_Minh": "Xã Quang Minh",
  "Xa_Dong_Quang": "Xã Đồng Quang",
  "Xa_Nhat_Tan": "Xã Nhật Tân",
  "Xa_Duc_Xuong": "Xã Đức Xương",
  "Huyen_Tu_Ky": "Huyện Tứ Kỳ",
  "Xa_Dai_Son": "Xã Đại Sơn",
  "Xa_Ngoc_Ky": "Xã Ngọc Kỳ",
  "Xa_Binh_Lang": "Xã Bình Lăng",
  "Xa_Chi_Minh": "Xã Chí Minh",
  "Xa_Tai_Son": "Xã Tái Sơn",
  "Xa_Quang_Phuc": "Xã Quang Phục",
  "Xa_Dan_Chu": "Xã Dân Chủ",
  "Xa_Tan_Ky": "Xã Tân Kỳ",
  "Xa_Quang_Khai": "Xã Quang Khải",
  "Xa_Dai_Hop": "Xã Đại Hợp",
  "Xa_Quang_Nghiep": "Xã Quảng Nghiệp",
  "Xa_An_Thanh": "Xã An Thanh",
  "Xa_Minh_Duc": "Xã Minh Đức",
  "Xa_Van_To": "Xã Văn Tố",
  "Xa_Quang_Trung": "Xã Quang Trung",
  "Xa_Phuong_Ky": "Xã Phượng Kỳ",
  "Xa_Cong_Lac": "Xã Cộng Lạc",
  "Xa_Tien_Dong": "Xã Tiên Động",
  "Xa_Nguyen_Giap": "Xã Nguyên Giáp",
  "Xa_Ha_Ky": "Xã Hà Kỳ",
  "Xa_Ha_Thanh": "Xã Hà Thanh",
  "Huyen_Ninh_Giang": "Huyện Ninh Giang",
  "Xa_Ung_Hoe": "Xã Ứng Hoè",
  "Xa_Nghia_An": "Xã Nghĩa An",
  "Xa_Hong_Duc": "Xã Hồng Đức",
  "Xa_An_Duc": "Xã An Đức",
  "Xa_Van_Phuc": "Xã Vạn Phúc",
  "Xa_Tan_Huong": "Xã Tân Hương",
  "Xa_Vinh_Hoa": "Xã Vĩnh Hòa",
  "Xa_Dong_Xuyen": "Xã Đông Xuyên",
  "Xa_Tan_Phong": "Xã Tân Phong",
  "Xa_Ninh_Hai": "Xã Ninh Hải",
  "Xa_Dong_Tam": "Xã Đồng Tâm",
  "Xa_Tan_Quang": "Xã Tân Quang",
  "Xa_Kien_Quoc": "Xã Kiến Quốc",
  "Xa_Hong_Du": "Xã Hồng Dụ",
  "Xa_Van_Hoi": "Xã Văn Hội",
  "Xa_Hiep_Luc": "Xã Hiệp Lực",
  "Xa_Hong_Phuc": "Xã Hồng Phúc",
  "Xa_Hung_Long": "Xã Hưng Long",
  "Huyen_Thanh_Mien": "Huyện Thanh Miện",
  "Xa_Thanh_Tung": "Xã Thanh Tùng",
  "Xa_Pham_Kha": "Xã Phạm Kha",
  "Xa_Ngo_Quyen": "Xã Ngô Quyền",
  "Xa_Doan_Tung": "Xã Đoàn Tùng",
  "Xa_Hong_Quang": "Xã Hồng Quang",
  "Xa_Tan_Trao": "Xã Tân Trào",
  "Xa_Lam_Son": "Xã Lam Sơn",
  "Xa_Doan_Ket": "Xã Đoàn Kết",
  "Xa_Le_Hong": "Xã Lê Hồng",
  "Xa_Tu_Cuong": "Xã Tứ Cường",
  "Xa_Ngu_Hung": "Xã Ngũ Hùng",
  "Xa_Cao_Thang": "Xã Cao Thắng",
  "Xa_Chi_Lang_Bac": "Xã Chi Lăng Bắc",
  "Xa_Chi_Lang_Nam": "Xã Chi Lăng Nam",
  "Xa_Thanh_Giang": "Xã Thanh Giang"
}