{
  "Hai_Duong": "Hai Duong",
  "Thanh_pho_Hai_Duong": "Hai Duong City",
  "Phuong_Cam_Thuong": "Cam Thuong Ward",
  "Phuong_Binh_Han": "Binh Han Ward",
  "Phuong_Ngoc_Chau": "Ngoc Chau Ward",
  "Phuong_Nhi_Chau": "Nhi Chau Ward",
  "Phuong_Quang_Trung": "Quang Trung Ward",
  "Phuong_Nguyen_Trai": "Nguyen Trai Ward",
  "Phuong_Pham_Ngu_Lao": "Pham Ngu Lao Ward",
  "Phuong_Tran_Hung_Dao": "Tran Hung Dao Ward",
  "Phuong_Tran_Phu": "Tran Phu Ward",
  "Phuong_Thanh_Binh": "Thanh Binh Ward",
  "Phuong_Tan_Binh": "Tan Binh Ward",
  "Phuong_Le_Thanh_Nghi": "Le Thanh Nghi Ward",
  "Phuong_Hai_Tan": "Hai Tan Ward",
  "Phuong_Tu_Minh": "Tu Minh Ward",
  "Phuong_Viet_Hoa": "Viet Hoa Ward",
  "Phuong_Ai_Quoc": "Ai Quoc Ward",
  "Xa_An_Thuong": "An Thuong commune",
  "Phuong_Nam_Dong": "Nam Dong Ward",
  "Xa_Quyet_Thang": "Quyet Thang commune",
  "Xa_Tien_Tien": "Tien Tien Commune",
  "Phuong_Thach_Khoi": "Thach Khoi Ward",
  "Xa_Lien_Hong": "Lien Hong commune",
  "Phuong_Tan_Hung": "Tan Hung Ward",
  "Xa_Gia_Xuyen": "Gia Xuyen commune",
  "Xa_Ngoc_Son": "Ngoc Son commune",
  "Thanh_pho_Chi_Linh": "Chi Linh City",
  "Phuong_Pha_Lai": "Pha Lai Ward",
  "Phuong_Sao_Do": "Sao Do Ward",
  "Phuong_Ben_Tam": "Ben Tam Ward",
  "Xa_Hoang_Hoa_Tham": "Hoang Hoa Tham commune",
  "Xa_Bac_An": "Bac An commune",
  "Xa_Hung_Dao": "Hung Dao Commune",
  "Xa_Le_Loi": "Le Loi commune",
  "Phuong_Hoang_Tien": "Hoang Tien Ward",
  "Phuong_Cong_Hoa": "Cong Hoa Ward",
  "Phuong_Hoang_Tan": "Hoang Tan Ward",
  "Phuong_Co_Thanh": "Co Thanh Ward",
  "Phuong_Van_An": "Van An Ward",
  "Phuong_Chi_Minh": "Chi Minh Ward",
  "Phuong_Van_Duc": "Van Duc Ward",
  "Phuong_Thai_Hoc": "Thai Hoc Ward",
  "Xa_Nhan_Hue": "Nhan Hue Commune",
  "Phuong_An_Lac": "An Lac Ward",
  "Phuong_Dong_Lac": "Dong Lac Ward",
  "Phuong_Tan_Dan": "Tan Dan Ward",
  "Huyen_Nam_Sach": "Nam Sach district",
  "Xa_Nam_Hung": "Nam Hung commune",
  "Xa_Nam_Tan": "Nam Tan commune",
  "Xa_Hop_Tien": "Hop Tien Commune",
  "Xa_Hiep_Cat": "Hiep Cat commune",
  "Xa_Thanh_Quang": "Thanh Quang commune",
  "Xa_Quoc_Tuan": "Quoc Tuan Commune",
  "Xa_Nam_Chinh": "Nam Chinh Commune",
  "Xa_An_Binh": "An Binh commune",
  "Xa_Nam_Trung": "Nam Trung commune",
  "Xa_An_Son": "An Son commune",
  "Xa_Cong_Hoa": "Cong Hoa commune",
  "Xa_Thai_Tan": "Thai Tan commune",
  "Xa_An_Lam": "An Lam commune",
  "Xa_Phu_Dien": "Phu Dien commune",
  "Xa_Nam_Hong": "Nam Hong commune",
  "Xa_Hong_Phong": "Hong Phong commune",
  "Xa_Dong_Lac": "Dong Lac commune",
  "Xa_Minh_Tan": "Minh Tan commune",
  "Thi_xa_Kinh_Mon": "Kinh Mon town",
  "Phuong_An_Luu": "An Luu Ward",
  "Xa_Bach_Dang": "Bach Dang commune",
  "Phuong_That_Hung": "That Hung Ward",
  "Xa_Le_Ninh": "Le Ninh commune",
  "Xa_Hoanh_Son": "Hoanh Son commune",
  "Phuong_Pham_Thai": "Pham Thai Ward",
  "Phuong_Duy_Tan": "Duy Tan Ward",
  "Phuong_Minh_Tan": "Minh Tan Ward",
  "Xa_Quang_Thanh": "Quang Thanh commune",
  "Xa_Hiep_Hoa": "Hiep Hoa Commune",
  "Phuong_Phu_Thu": "Phu Thu Ward",
  "Xa_Thang_Long": "Thang Long commune",
  "Xa_Lac_Long": "Lac Long commune",
  "Phuong_An_Sinh": "An Sinh Ward",
  "Phuong_Hiep_Son": "Hiep Son Ward",
  "Xa_Thuong_Quan": "Thuong District Commune",
  "Phuong_An_Phu": "An Phu Ward",
  "Phuong_Hiep_An": "Hiep An Ward",
  "Phuong_Long_Xuyen": "Long Xuyen Ward",
  "Phuong_Thai_Thinh": "Thai Thinh Ward",
  "Phuong_Hien_Thanh": "Hien Thanh Ward",
  "Xa_Minh_Hoa": "Minh Hoa Commune",
  "Huyen_Kim_Thanh": "Kim Thanh district",
  "Thi_tran_Phu_Thai": "Phu Thai town",
  "Xa_Lai_Vu": "Lai Vu Commune",
  "Xa_Thuong_Vu": "Thuong Vu commune",
  "Xa_Co_Dung": "Co Dung commune",
  "Xa_Tuan_Viet": "Tuan Viet commune",
  "Xa_Kim_Xuyen": "Kim Xuyen commune",
  "Xa_Phuc_Thanh_A": "Phuc Thanh A commune",
  "Xa_Ngu_Phuc": "Ngu Phuc Commune",
  "Xa_Kim_Anh": "Kim Anh commune",
  "Xa_Kim_Lien": "Kim Lien commune",
  "Xa_Kim_Tan": "Kim Tan commune",
  "Xa_Kim_Dinh": "Kim Dinh commune",
  "Xa_Binh_Dan": "Binh Dan commune",
  "Xa_Tam_Ky": "Tam Ky commune",
  "Xa_Dong_Cam": "Dong Cam commune",
  "Xa_Lien_Hoa": "Lien Hoa Commune",
  "Xa_Dai_Duc": "Dai Duc commune",
  "Huyen_Thanh_Ha": "Thanh Ha district",
  "Xa_Hong_Lac": "Hong Lac commune",
  "Xa_Viet_Hong": "Viet Hong commune",
  "Xa_Tan_Viet": "Tan Viet commune",
  "Xa_Cam_Che": "Cam Che commune",
  "Xa_Thanh_An": "Thanh An commune",
  "Xa_Thanh_Lang": "Thanh Lang commune",
  "Xa_Tan_An": "Tan An commune",
  "Xa_Lien_Mac": "Lien Mac Commune",
  "Xa_Thanh_Hai": "Thanh Hai commune",
  "Xa_Thanh_Khe": "Thanh Khe commune",
  "Xa_Thanh_Xa": "Thanh Xa commune",
  "Xa_Thanh_Xuan": "Thanh Xuan Commune",
  "Xa_Thanh_Thuy": "Thanh Thuy commune",
  "Xa_An_Phuong": "An Phuong commune",
  "Xa_Thanh_Son": "Thanh Son commune",
  "Xa_Thanh_Hong": "Thanh Hong commune",
  "Xa_Thanh_Cuong": "Thanh Cuong commune",
  "Xa_Vinh_Lap": "Vinh Lap commune",
  "Huyen_Cam_Giang": "Cam Giang district",
  "Thi_tran_Lai_Cach": "Lai Cach town",
  "Xa_Cam_Hung": "Cam Hung commune",
  "Xa_Cam_Hoang": "Cam Hoang commune",
  "Xa_Cam_Van": "Cam Van commune",
  "Xa_Ngoc_Lien": "Ngoc Lien commune",
  "Xa_Thach_Loi": "Thach Loi commune",
  "Xa_Cam_Vu": "Cam Vu commune",
  "Xa_Duc_Chinh": "Duc Chinh commune",
  "Xa_Dinh_Son": "Dinh Son commune",
  "Xa_Luong_Dien": "Luong Dien commune",
  "Xa_Cao_An": "Cao An commune",
  "Xa_Tan_Truong": "Tan Truong commune",
  "Xa_Cam_Phuc": "Cam Phuc commune",
  "Xa_Cam_Dien": "Cam Dien commune",
  "Xa_Cam_Dong": "Cam Dong commune",
  "Xa_Cam_Doai": "Cam Doai commune",
  "Huyen_Binh_Giang": "Binh Giang district",
  "Thi_tran_Ke_Sat": "Ke Sat town",
  "Xa_Vinh_Hung": "Vinh Hung commune",
  "Xa_Hung_Thang": "Hung Thang commune",
  "Xa_Vinh_Hong": "Vinh Hong commune",
  "Xa_Long_Xuyen": "Long Xuyen commune",
  "Xa_Thuc_Khang": "Thuc Khang commune",
  "Xa_Tan_Hong": "Tan Hong commune",
  "Xa_Binh_Minh": "Binh Minh Commune",
  "Xa_Hong_Khe": "Hong Khe commune",
  "Xa_Thai_Hoc": "Thai Hoc Commune",
  "Xa_Co_Bi": "Co Bi commune",
  "Xa_Nhan_Quyen": "Human Rights Society",
  "Xa_Thai_Duong": "Thai Duong commune",
  "Xa_Thai_Hoa": "Thai Hoa commune",
  "Xa_Binh_Xuyen": "Binh Xuyen commune",
  "Huyen_Gia_Loc": "Gia Loc district",
  "Xa_Thong_Nhat": "Thong Nhat Commune",
  "Xa_Yet_Kieu": "Yet Kieu commune",
  "Xa_Gia_Tan": "Gia Tan commune",
  "Xa_Tan_Tien": "Tan Tien Commune",
  "Xa_Gia_Khanh": "Gia Khanh Commune",
  "Xa_Gia_Luong": "Gia Luong commune",
  "Xa_Toan_Thang": "Toan Thang commune",
  "Xa_Hoang_Dieu": "Hoang Dieu commune",
  "Xa_Hong_Hung": "Hong Hung commune",
  "Xa_Pham_Tran": "Pham Tran commune",
  "Xa_Doan_Thuong": "Doan Thuong commune",
  "Xa_Thong_Kenh": "Thong Kenh Commune",
  "Xa_Quang_Minh": "Quang Minh commune",
  "Xa_Dong_Quang": "Dong Quang commune",
  "Xa_Nhat_Tan": "Nhat Tan commune",
  "Xa_Duc_Xuong": "Duc Xuong commune",
  "Huyen_Tu_Ky": "Tu Ky district",
  "Xa_Dai_Son": "Dai Son commune",
  "Xa_Ngoc_Ky": "Ngoc Ky commune",
  "Xa_Binh_Lang": "Binh Lang commune",
  "Xa_Chi_Minh": "Chi Minh commune",
  "Xa_Tai_Son": "Tay Son commune",
  "Xa_Quang_Phuc": "Quang Phuc commune",
  "Xa_Dan_Chu": "Democratic Commune",
  "Xa_Tan_Ky": "Tan Ky commune",
  "Xa_Quang_Khai": "Quang Khai commune",
  "Xa_Dai_Hop": "Dai Hop commune",
  "Xa_Quang_Nghiep": "Quang Nghiep commune",
  "Xa_An_Thanh": "An Thanh commune",
  "Xa_Minh_Duc": "Minh Duc commune",
  "Xa_Van_To": "Van To commune",
  "Xa_Quang_Trung": "Quang Trung commune",
  "Xa_Phuong_Ky": "Phuong Ky commune",
  "Xa_Cong_Lac": "Cong Lac Commune",
  "Xa_Tien_Dong": "Tien Dong commune",
  "Xa_Nguyen_Giap": "Nguyen Giap commune",
  "Xa_Ha_Ky": "Ha Ky commune",
  "Xa_Ha_Thanh": "Ha Thanh commune",
  "Huyen_Ninh_Giang": "Ninh Giang district",
  "Xa_Ung_Hoe": "Ung Hoe commune",
  "Xa_Nghia_An": "Nghia An commune",
  "Xa_Hong_Duc": "Hong Duc commune",
  "Xa_An_Duc": "An Duc commune",
  "Xa_Van_Phuc": "Van Phuc commune",
  "Xa_Tan_Huong": "Tan Huong commune",
  "Xa_Vinh_Hoa": "Vinh Hoa commune",
  "Xa_Dong_Xuyen": "Dong Xuyen commune",
  "Xa_Tan_Phong": "Tan Phong commune",
  "Xa_Ninh_Hai": "Ninh Hai commune",
  "Xa_Dong_Tam": "Dong Tam commune",
  "Xa_Tan_Quang": "Tan Quang commune",
  "Xa_Kien_Quoc": "Kien Quoc commune",
  "Xa_Hong_Du": "Hong Du commune",
  "Xa_Van_Hoi": "Van Hoi Commune",
  "Xa_Hiep_Luc": "Hiep Luc Commune",
  "Xa_Hong_Phuc": "Hong Phuc Commune",
  "Xa_Hung_Long": "Hung Long commune",
  "Huyen_Thanh_Mien": "Thanh Mien District",
  "Xa_Thanh_Tung": "Thanh Tung commune",
  "Xa_Pham_Kha": "Pham Kha commune",
  "Xa_Ngo_Quyen": "Ngo Quyen commune",
  "Xa_Doan_Tung": "Doan Tung commune",
  "Xa_Hong_Quang": "Hong Quang commune",
  "Xa_Tan_Trao": "Tan Trao commune",
  "Xa_Lam_Son": "Lam Son commune",
  "Xa_Doan_Ket": "Doan Ket Commune",
  "Xa_Le_Hong": "Le Hong commune",
  "Xa_Tu_Cuong": "Tu Cuong commune",
  "Xa_Ngu_Hung": "Ngu Hung commune",
  "Xa_Cao_Thang": "Cao Thang commune",
  "Xa_Chi_Lang_Bac": "Chi Lang Bac commune",
  "Xa_Chi_Lang_Nam": "Chi Lang Nam commune",
  "Xa_Thanh_Giang": "Thanh Giang commune"
}