{
  "Dak_Nong": "Đắk Nông",
  "Thanh_pho_Gia_Nghia": "Thành phố Gia Nghĩa",
  "Phuong_Nghia_Duc": "Phường Nghĩa Đức",
  "Phuong_Nghia_Thanh": "Phường Nghĩa Thành",
  "Phuong_Nghia_Phu": "Phường Nghĩa Phú",
  "Phuong_Nghia_Tan": "Phường Nghĩa Tân",
  "Phuong_Nghia_Trung": "Phường Nghĩa Trung",
  "Xa_Dak_R_Moan": "Xã Đăk R'Moan",
  "Phuong_Quang_Thanh": "Phường Quảng Thành",
  "Xa_Dak_Nia": "Xã Đắk Nia",
  "Huyen_Dak_Glong": "Huyện Đăk Glong",
  "Xa_Quang_Son": "Xã Quảng Sơn",
  "Xa_Quang_Hoa": "Xã Quảng Hoà",
  "Xa_Dak_Ha": "Xã Đắk Ha",
  "Xa_Dak_R_Mang": "Xã Đắk R'Măng",
  "Xa_Quang_Khe": "Xã Quảng Khê",
  "Xa_Dak_Plao": "Xã Đắk Plao",
  "Xa_Dak_Som": "Xã Đắk Som",
  "Huyen_Cu_Jut": "Huyện Cư Jút",
  "Thi_tran_Ea_T_Ling": "Thị trấn Ea T'Ling",
  "Xa_Dak_Wil": "Xã Đắk Wil",
  "Xa_Ea_Po": "Xã Ea Pô",
  "Xa_Nam_Dong": "Xã Nam Dong",
  "Xa_Dak_DRong": "Xã Đắk DRông",
  "Xa_Tam_Thang": "Xã Tâm Thắng",
  "Xa_Cu_Knia": "Xã Cư Knia",
  "Xa_Truc_Son": "Xã Trúc Sơn",
  "Huyen_Dak_Mil": "Huyện Đắk Mil",
  "Xa_Dak_Lao": "Xã Đắk Lao",
  "Xa_Dak_R_La": "Xã Đắk R'La",
  "Xa_Dak_Gan": "Xã Đắk Gằn",
  "Xa_Duc_Manh": "Xã Đức Mạnh",
  "Xa_Dak_N_Drot": "Xã Đắk N'Drót",
  "Xa_Long_Son": "Xã Long Sơn",
  "Xa_Dak_Sak": "Xã Đắk Sắk",
  "Xa_Thuan_An": "Xã Thuận An",
  "Xa_Duc_Minh": "Xã Đức Minh",
  "Huyen_Krong_No": "Huyện Krông Nô",
  "Thi_tran_Dak_Mam": "Thị trấn Đắk Mâm",
  "Xa_Dak_Sor": "Xã Đắk Sôr",
  "Xa_Nam_Xuan": "Xã Nam Xuân",
  "Xa_Buon_Choah": "Xã Buôn Choah",
  "Xa_Nam_Da": "Xã Nam Đà",
  "Xa_Tan_Thanh": "Xã Tân Thành",
  "Xa_Dak_Dro": "Xã Đắk Drô",
  "Xa_Nam_Nung": "Xã Nâm Nung",
  "Xa_Duc_Xuyen": "Xã Đức Xuyên",
  "Xa_Dak_Nang": "Xã Đắk Nang",
  "Xa_Quang_Phu": "Xã Quảng Phú",
  "Xa_Nam_N_Dir": "Xã Nâm N'Đir",
  "Huyen_Dak_Song": "Huyện Đắk Song",
  "Thi_tran_Duc_An": "Thị trấn Đức An",
  "Xa_Dak_Mol": "Xã Đắk Môl",
  "Xa_Dak_Hoa": "Xã Đắk Hòa",
  "Xa_Nam_Binh": "Xã Nam Bình",
  "Xa_Thuan_Ha": "Xã Thuận Hà",
  "Xa_Thuan_Hanh": "Xã Thuận Hạnh",
  "Xa_Dak_N_Dung": "Xã Đắk N'Dung",
  "Xa_Nam_N_Jang": "Xã Nâm N'Jang",
  "Xa_Truong_Xuan": "Xã Trường Xuân",
  "Huyen_Dak_R_Lap": "Huyện Đắk R'Lấp",
  "Thi_tran_Kien_Duc": "Thị trấn Kiến Đức",
  "Xa_Quang_Tin": "Xã Quảng Tín",
  "Xa_Dak_Wer": "Xã Đắk Wer",
  "Xa_Nhan_Co": "Xã Nhân Cơ",
  "Xa_Kien_Thanh": "Xã Kiến Thành",
  "Xa_Nghia_Thang": "Xã Nghĩa Thắng",
  "Xa_Dao_Nghia": "Xã Đạo Nghĩa",
  "Xa_Dak_Sin": "Xã Đắk Sin",
  "Xa_Hung_Binh": "Xã Hưng Bình",
  "Xa_Dak_Ru": "Xã Đắk Ru",
  "Xa_Nhan_Dao": "Xã Nhân Đạo",
  "Huyen_Tuy_Duc": "Huyện Tuy Đức",
  "Xa_Quang_Truc": "Xã Quảng Trực",
  "Xa_Dak_Buk_So": "Xã Đắk Búk So",
  "Xa_Quang_Tam": "Xã Quảng Tâm",
  "Xa_Dak_R_Tih": "Xã Đắk R'Tíh",
  "Xa_Dak_Ngo": "Xã Đắk Ngo",
  "Xa_Quang_Tan": "Xã Quảng Tân"
}