{
  "Thua_Thien_Hue": "Thừa Thiên Huế",
  "Thanh_pho_Hue": "Thành phố Huế",
  "Phuong_Phu_Thuan": "Phường Phú Thuận",
  "Phuong_Phu_Binh": "Phường Phú Bình",
  "Phuong_Tay_Loc": "Phường Tây Lộc",
  "Phuong_Thuan_Loc": "Phường Thuận Lộc",
  "Phuong_Phu_Hiep": "Phường Phú Hiệp",
  "Phuong_Phu_Hau": "Phường Phú Hậu",
  "Phuong_Thuan_Hoa": "Phường Thuận Hòa",
  "Phuong_Thuan_Thanh": "Phường Thuận Thành",
  "Phuong_Phu_Hoa": "Phường Phú Hòa",
  "Phuong_Phu_Cat": "Phường Phú Cát",
  "Phuong_Kim_Long": "Phường Kim Long",
  "Phuong_Vi_Da": "Phường Vĩ Dạ",
  "Phuong_Phuong_Duc": "Phường Phường Đúc",
  "Phuong_Vinh_Ninh": "Phường Vĩnh Ninh",
  "Phuong_Phu_Hoi": "Phường Phú Hội",
  "Phuong_Phu_Nhuan": "Phường Phú Nhuận",
  "Phuong_Xuan_Phu": "Phường Xuân Phú",
  "Phuong_Truong_An": "Phường Trường An",
  "Phuong_Phuoc_Vinh": "Phường Phước Vĩnh",
  "Phuong_An_Cuu": "Phường An Cựu",
  "Phuong_An_Hoa": "Phường An Hòa",
  "Phuong_Huong_So": "Phường Hương Sơ",
  "Phuong_Thuy_Bieu": "Phường Thuỷ Biều",
  "Phuong_Huong_Long": "Phường Hương Long",
  "Phuong_Thuy_Xuan": "Phường Thuỷ Xuân",
  "Phuong_An_Dong": "Phường An Đông",
  "Phuong_An_Tay": "Phường An Tây",
  "Huyen_Phong_Dien": "Huyện Phong Điền",
  "Xa_Dien_Huong": "Xã Điền Hương",
  "Xa_Dien_Mon": "Xã Điền Môn",
  "Xa_Dien_Loc": "Xã Điền Lộc",
  "Xa_Phong_Binh": "Xã Phong Bình",
  "Xa_Dien_Hoa": "Xã Điền Hòa",
  "Xa_Phong_Chuong": "Xã Phong Chương",
  "Xa_Phong_Hai": "Xã Phong Hải",
  "Xa_Dien_Hai": "Xã Điền Hải",
  "Xa_Phong_Hoa": "Xã Phong Hòa",
  "Xa_Phong_Thu": "Xã Phong Thu",
  "Xa_Phong_Hien": "Xã Phong Hiền",
  "Xa_Phong_My": "Xã Phong Mỹ",
  "Xa_Phong_An": "Xã Phong An",
  "Xa_Phong_Xuan": "Xã Phong Xuân",
  "Xa_Phong_Son": "Xã Phong Sơn",
  "Huyen_Quang_Dien": "Huyện Quảng Điền",
  "Thi_tran_Sia": "Thị trấn Sịa",
  "Xa_Quang_Thai": "Xã Quảng Thái",
  "Xa_Quang_Ngan": "Xã Quảng Ngạn",
  "Xa_Quang_Loi": "Xã Quảng Lợi",
  "Xa_Quang_Cong": "Xã Quảng Công",
  "Xa_Quang_Phuoc": "Xã Quảng Phước",
  "Xa_Quang_Vinh": "Xã Quảng Vinh",
  "Xa_Quang_An": "Xã Quảng An",
  "Xa_Quang_Thanh": "Xã Quảng Thành",
  "Xa_Quang_Tho": "Xã Quảng Thọ",
  "Xa_Quang_Phu": "Xã Quảng Phú",
  "Huyen_Phu_Vang": "Huyện Phú Vang",
  "Thi_tran_Thuan_An": "Thị trấn Thuận An",
  "Xa_Phu_Thuan": "Xã Phú Thuận",
  "Xa_Phu_Duong": "Xã Phú Dương",
  "Xa_Phu_Mau": "Xã Phú Mậu",
  "Xa_Phu_An": "Xã Phú An",
  "Xa_Phu_Hai": "Xã Phú Hải",
  "Xa_Phu_Xuan": "Xã Phú Xuân",
  "Xa_Phu_Dien": "Xã Phú Diên",
  "Xa_Phu_Thanh": "Xã Phú Thanh",
  "Xa_Phu_My": "Xã Phú Mỹ",
  "Xa_Phu_Thuong": "Xã Phú Thượng",
  "Xa_Phu_Ho": "Xã Phú Hồ",
  "Xa_Vinh_Xuan": "Xã Vinh Xuân",
  "Xa_Phu_Luong": "Xã Phú Lương",
  "Thi_tran_Phu_Da": "Thị trấn Phú Đa",
  "Xa_Vinh_Thanh": "Xã Vinh Thanh",
  "Xa_Vinh_An": "Xã Vinh An",
  "Xa_Phu_Gia": "Xã Phú Gia",
  "Xa_Vinh_Ha": "Xã Vinh Hà",
  "Thi_xa_Huong_Thuy": "Thị xã Hương Thủy",
  "Phuong_Phu_Bai": "Phường Phú Bài",
  "Xa_Thuy_Van": "Xã Thủy Vân",
  "Xa_Thuy_Thanh": "Xã Thủy Thanh",
  "Phuong_Thuy_Duong": "Phường Thủy Dương",
  "Phuong_Thuy_Phuong": "Phường Thủy Phương",
  "Phuong_Thuy_Chau": "Phường Thủy Châu",
  "Phuong_Thuy_Luong": "Phường Thủy Lương",
  "Xa_Thuy_Bang": "Xã Thủy Bằng",
  "Xa_Thuy_Tan": "Xã Thủy Tân",
  "Xa_Thuy_Phu": "Xã Thủy Phù",
  "Xa_Phu_Son": "Xã Phú Sơn",
  "Xa_Duong_Hoa": "Xã Dương Hòa",
  "Thi_xa_Huong_Tra": "Thị xã Hương Trà",
  "Phuong_Tu_Ha": "Phường Tứ Hạ",
  "Xa_Hai_Duong": "Xã Hải Dương",
  "Xa_Huong_Phong": "Xã Hương Phong",
  "Xa_Huong_Toan": "Xã Hương Toàn",
  "Phuong_Huong_Van": "Phường Hương Văn",
  "Xa_Huong_Vinh": "Xã Hương Vinh",
  "Phuong_Huong_Xuan": "Phường Hương Xuân",
  "Phuong_Huong_Chu": "Phường Hương Chữ",
  "Phuong_Huong_An": "Phường Hương An",
  "Xa_Huong_Binh": "Xã Hương Bình",
  "Phuong_Huong_Ho": "Phường Hương Hồ",
  "Xa_Huong_Tho": "Xã Hương Thọ",
  "Xa_Binh_Tien": "Xã Bình Tiến",
  "Xa_Binh_Thanh": "Xã Bình Thành",
  "Huyen_A_Luoi": "Huyện A Lưới",
  "Xa_Hong_Van": "Xã Hồng Vân",
  "Xa_Hong_Ha": "Xã Hồng Hạ",
  "Xa_Hong_Kim": "Xã Hồng Kim",
  "Xa_Trung_Son": "Xã Trung Sơn",
  "Xa_Huong_Nguyen": "Xã Hương Nguyên",
  "Xa_Hong_Bac": "Xã Hồng Bắc",
  "Xa_A_Ngo": "Xã A Ngo",
  "Xa_Son_Thuy": "Xã Sơn Thủy",
  "Xa_Phu_Vinh": "Xã Phú Vinh",
  "Xa_Quang_Nham": "Xã Quảng Nhâm",
  "Xa_Hong_Thuong": "Xã Hồng Thượng",
  "Xa_Hong_Thai": "Xã Hồng Thái",
  "Xa_A_Roang": "Xã A Roằng",
  "Xa_Dong_Son": "Xã Đông Sơn",
  "Xa_Lam_Dot": "Xã Lâm Đớt",
  "Xa_Hong_Thuy": "Xã Hồng Thủy",
  "Huyen_Phu_Loc": "Huyện Phú Lộc",
  "Thi_tran_Lang_Co": "Thị trấn Lăng Cô",
  "Xa_Vinh_My": "Xã Vinh Mỹ",
  "Xa_Vinh_Hung": "Xã Vinh Hưng",
  "Xa_Giang_Hai": "Xã Giang Hải",
  "Xa_Vinh_Hien": "Xã Vinh Hiền",
  "Xa_Loc_Bon": "Xã Lộc Bổn",
  "Xa_Loc_Son": "Xã Lộc Sơn",
  "Xa_Loc_Binh": "Xã Lộc Bình",
  "Xa_Loc_Vinh": "Xã Lộc Vĩnh",
  "Xa_Loc_An": "Xã Lộc An",
  "Xa_Loc_Dien": "Xã Lộc Điền",
  "Xa_Loc_Thuy": "Xã Lộc Thủy",
  "Xa_Loc_Tri": "Xã Lộc Trì",
  "Xa_Loc_Tien": "Xã Lộc Tiến",
  "Xa_Loc_Hoa": "Xã Lộc Hòa",
  "Xa_Xuan_Loc": "Xã Xuân Lộc",
  "Huyen_Nam_Dong": "Huyện Nam Đông",
  "Thi_tran_Khe_Tre": "Thị trấn Khe Tre",
  "Xa_Huong_Phu": "Xã Hương Phú",
  "Xa_Huong_Son": "Xã Hương Sơn",
  "Xa_Huong_Loc": "Xã Hương Lộc",
  "Xa_Thuong_Quang": "Xã Thượng Quảng",
  "Xa_Huong_Xuan": "Xã Hương Xuân",
  "Xa_Huong_Huu": "Xã Hương Hữu",
  "Xa_Thuong_Lo": "Xã Thượng Lộ",
  "Xa_Thuong_Long": "Xã Thượng Long",
  "Xa_Thuong_Nhat": "Xã Thượng Nhật"
}