{
  "Thua_Thien_Hue": "Thua Thien Hue",
  "Thanh_pho_Hue": "Hue City",
  "Phuong_Phu_Thuan": "Phu Thuan Ward",
  "Phuong_Phu_Binh": "Phu Binh Ward",
  "Phuong_Tay_Loc": "Tay Loc Ward",
  "Phuong_Thuan_Loc": "Thuan Loc Ward",
  "Phuong_Phu_Hiep": "Phu Hiep Ward",
  "Phuong_Phu_Hau": "Phu Hau Ward",
  "Phuong_Thuan_Hoa": "Thuan Hoa Ward",
  "Phuong_Thuan_Thanh": "Thuan Thanh Ward",
  "Phuong_Phu_Hoa": "Phu Hoa Ward",
  "Phuong_Phu_Cat": "Phu Cat Ward",
  "Phuong_Kim_Long": "Kim Long Ward",
  "Phuong_Vi_Da": "Vi Da Ward",
  "Phuong_Phuong_Duc": "Phuong Duc Ward",
  "Phuong_Vinh_Ninh": "Vinh Ninh Ward",
  "Phuong_Phu_Hoi": "Phu Hoi Ward",
  "Phuong_Phu_Nhuan": "Phu Nhuan Ward",
  "Phuong_Xuan_Phu": "Xuan Phu Ward",
  "Phuong_Truong_An": "Truong An Ward",
  "Phuong_Phuoc_Vinh": "Phuoc Vinh Ward",
  "Phuong_An_Cuu": "An Cuu Ward",
  "Phuong_An_Hoa": "An Hoa Ward",
  "Phuong_Huong_So": "Huong So Ward",
  "Phuong_Thuy_Bieu": "Thuy Bieu Ward",
  "Phuong_Huong_Long": "Huong Long Ward",
  "Phuong_Thuy_Xuan": "Thuy Xuan Ward",
  "Phuong_An_Dong": "An Dong Ward",
  "Phuong_An_Tay": "An Tay Ward",
  "Huyen_Phong_Dien": "Phong Dien district",
  "Xa_Dien_Huong": "Dien Huong commune",
  "Xa_Dien_Mon": "Dien Mon commune",
  "Xa_Dien_Loc": "Dien Loc commune",
  "Xa_Phong_Binh": "Phong Binh commune",
  "Xa_Dien_Hoa": "Dien Hoa Commune",
  "Xa_Phong_Chuong": "Phong Chuong commune",
  "Xa_Phong_Hai": "Phong Hai commune",
  "Xa_Dien_Hai": "Dien Hai commune",
  "Xa_Phong_Hoa": "Phong Hoa commune",
  "Xa_Phong_Thu": "Phong Thu commune",
  "Xa_Phong_Hien": "Phong Hien commune",
  "Xa_Phong_My": "Phong My commune",
  "Xa_Phong_An": "Phong An commune",
  "Xa_Phong_Xuan": "Phong Xuan Commune",
  "Xa_Phong_Son": "Phong Son commune",
  "Huyen_Quang_Dien": "Quang Dien District",
  "Thi_tran_Sia": "Sia town",
  "Xa_Quang_Thai": "Quang Thai commune",
  "Xa_Quang_Ngan": "Quang Ngan commune",
  "Xa_Quang_Loi": "Quang Loi commune",
  "Xa_Quang_Cong": "Quang Cong commune",
  "Xa_Quang_Phuoc": "Quang Phuoc commune",
  "Xa_Quang_Vinh": "Quang Vinh commune",
  "Xa_Quang_An": "Quang An commune",
  "Xa_Quang_Thanh": "Quang Thanh commune",
  "Xa_Quang_Tho": "Quang Tho commune",
  "Xa_Quang_Phu": "Quang Phu commune",
  "Huyen_Phu_Vang": "Phu Vang district",
  "Thi_tran_Thuan_An": "Thuan An town",
  "Xa_Phu_Thuan": "Phu Thuan commune",
  "Xa_Phu_Duong": "Phu Duong commune",
  "Xa_Phu_Mau": "Phu Mau commune",
  "Xa_Phu_An": "Phu An commune",
  "Xa_Phu_Hai": "Phu Hai commune",
  "Xa_Phu_Xuan": "Phu Xuan commune",
  "Xa_Phu_Dien": "Phu Dien commune",
  "Xa_Phu_Thanh": "Phu Thanh commune",
  "Xa_Phu_My": "Phu My commune",
  "Xa_Phu_Thuong": "Phu Thuong commune",
  "Xa_Phu_Ho": "Phu Ho commune",
  "Xa_Vinh_Xuan": "Vinh Xuan commune",
  "Xa_Phu_Luong": "Phu Luong commune",
  "Thi_tran_Phu_Da": "Phu Da town",
  "Xa_Vinh_Thanh": "Vinh Thanh commune",
  "Xa_Vinh_An": "Vinh An commune",
  "Xa_Phu_Gia": "Phu Gia commune",
  "Xa_Vinh_Ha": "Vinh Ha commune",
  "Thi_xa_Huong_Thuy": "Huong Thuy town",
  "Phuong_Phu_Bai": "Phu Bai Ward",
  "Xa_Thuy_Van": "Thuy Van commune",
  "Xa_Thuy_Thanh": "Thuy Thanh commune",
  "Phuong_Thuy_Duong": "Thuy Duong Ward",
  "Phuong_Thuy_Phuong": "Thuy Phuong Ward",
  "Phuong_Thuy_Chau": "Thuy Chau Ward",
  "Phuong_Thuy_Luong": "Thuy Luong Ward",
  "Xa_Thuy_Bang": "Thuy Bang commune",
  "Xa_Thuy_Tan": "Thuy Tan commune",
  "Xa_Thuy_Phu": "Thuy Phu commune",
  "Xa_Phu_Son": "Phu Son commune",
  "Xa_Duong_Hoa": "Duong Hoa commune",
  "Thi_xa_Huong_Tra": "Huong Tra town",
  "Phuong_Tu_Ha": "Tu Ha Ward",
  "Xa_Hai_Duong": "Hai Duong commune",
  "Xa_Huong_Phong": "Huong Phong commune",
  "Xa_Huong_Toan": "Huong Toan commune",
  "Phuong_Huong_Van": "Huong Van Ward",
  "Xa_Huong_Vinh": "Huong Vinh Commune",
  "Phuong_Huong_Xuan": "Huong Xuan Ward",
  "Phuong_Huong_Chu": "Huong Chu Ward",
  "Phuong_Huong_An": "Huong An Ward",
  "Xa_Huong_Binh": "Huong Binh commune",
  "Phuong_Huong_Ho": "Huong Ho Ward",
  "Xa_Huong_Tho": "Huong Tho Commune",
  "Xa_Binh_Tien": "Binh Tien Commune",
  "Xa_Binh_Thanh": "Binh Thanh commune",
  "Huyen_A_Luoi": "A Luoi district",
  "Xa_Hong_Van": "Hong Van commune",
  "Xa_Hong_Ha": "Hong Ha Commune",
  "Xa_Hong_Kim": "Hong Kim commune",
  "Xa_Trung_Son": "Trung Son commune",
  "Xa_Huong_Nguyen": "Huong Nguyen commune",
  "Xa_Hong_Bac": "Hong Bac Commune",
  "Xa_A_Ngo": "A Ngo commune",
  "Xa_Son_Thuy": "Son Thuy commune",
  "Xa_Phu_Vinh": "Phu Vinh commune",
  "Xa_Quang_Nham": "Quang Nham commune",
  "Xa_Hong_Thuong": "Hong Thuong commune",
  "Xa_Hong_Thai": "Hong Thai commune",
  "Xa_A_Roang": "A Roang commune",
  "Xa_Dong_Son": "Dong Son commune",
  "Xa_Lam_Dot": "Lam Dot commune",
  "Xa_Hong_Thuy": "Hong Thuy commune",
  "Huyen_Phu_Loc": "Phu Loc District",
  "Thi_tran_Lang_Co": "Lang Co town",
  "Xa_Vinh_My": "Vinh My commune",
  "Xa_Vinh_Hung": "Vinh Hung commune",
  "Xa_Giang_Hai": "Giang Hai commune",
  "Xa_Vinh_Hien": "Vinh Hien commune",
  "Xa_Loc_Bon": "Loc Bon commune",
  "Xa_Loc_Son": "Loc Son commune",
  "Xa_Loc_Binh": "Loc Binh commune",
  "Xa_Loc_Vinh": "Loc Vinh commune",
  "Xa_Loc_An": "Loc An commune",
  "Xa_Loc_Dien": "Loc Dien commune",
  "Xa_Loc_Thuy": "Loc Thuy commune",
  "Xa_Loc_Tri": "Loc Tri commune",
  "Xa_Loc_Tien": "Loc Tien Commune",
  "Xa_Loc_Hoa": "Loc Hoa Commune",
  "Xa_Xuan_Loc": "Xuan Loc commune",
  "Huyen_Nam_Dong": "Nam Dong district",
  "Thi_tran_Khe_Tre": "Khe Tre town",
  "Xa_Huong_Phu": "Huong Phu Commune",
  "Xa_Huong_Son": "Huong Son commune",
  "Xa_Huong_Loc": "Huong Loc commune",
  "Xa_Thuong_Quang": "Thuong Quang commune",
  "Xa_Huong_Xuan": "Huong Xuan Commune",
  "Xa_Huong_Huu": "Huong Huu Commune",
  "Xa_Thuong_Lo": "Thuong Lo commune",
  "Xa_Thuong_Long": "Thuong Long commune",
  "Xa_Thuong_Nhat": "Thuong Nhat commune"
}