{
  "Ninh_Thuan": "Ninh Thuận",
  "Thanh_pho_Phan_Rang-Thap_Cham": "Thành phố Phan Rang-Tháp Chàm",
  "Phuong_Do_Vinh": "Phường Đô Vinh",
  "Phuong_Phuoc_My": "Phường Phước Mỹ",
  "Phuong_Bao_An": "Phường Bảo An",
  "Phuong_Phu_Ha": "Phường Phủ Hà",
  "Phuong_Thanh_Son": "Phường Thanh Sơn",
  "Phuong_My_Huong": "Phường Mỹ Hương",
  "Phuong_Tan_Tai": "Phường Tấn Tài",
  "Phuong_Kinh_Dinh": "Phường Kinh Dinh",
  "Phuong_Dao_Long": "Phường Đạo Long",
  "Phuong_Dai_Son": "Phường Đài Sơn",
  "Phuong_Dong_Hai": "Phường Đông Hải",
  "Phuong_My_Dong": "Phường Mỹ Đông",
  "Xa_Thanh_Hai": "Xã Thanh Hải",
  "Phuong_Van_Hai": "Phường Văn Hải",
  "Phuong_My_Binh": "Phường Mỹ Bình",
  "Phuong_My_Hai": "Phường Mỹ Hải",
  "Huyen_Bac_Ai": "Huyện Bác Ái",
  "Xa_Phuoc_Binh": "Xã Phước Bình",
  "Xa_Phuoc_Hoa": "Xã Phước Hòa",
  "Xa_Phuoc_Tan": "Xã Phước Tân",
  "Xa_Phuoc_Tien": "Xã Phước Tiến",
  "Xa_Phuoc_Thang": "Xã Phước Thắng",
  "Xa_Phuoc_Thanh": "Xã Phước Thành",
  "Xa_Phuoc_Dai": "Xã Phước Đại",
  "Xa_Phuoc_Chinh": "Xã Phước Chính",
  "Xa_Phuoc_Trung": "Xã Phước Trung",
  "Huyen_Ninh_Son": "Huyện Ninh Sơn",
  "Thi_tran_Tan_Son": "Thị trấn Tân Sơn",
  "Xa_Lam_Son": "Xã Lâm Sơn",
  "Xa_Luong_Son": "Xã Lương Sơn",
  "Xa_Quang_Son": "Xã Quảng Sơn",
  "Xa_My_Son": "Xã Mỹ Sơn",
  "Xa_Hoa_Son": "Xã Hòa Sơn",
  "Xa_Ma_Noi": "Xã Ma Nới",
  "Xa_Nhon_Son": "Xã Nhơn Sơn",
  "Huyen_Ninh_Hai": "Huyện Ninh Hải",
  "Thi_tran_Khanh_Hai": "Thị trấn Khánh Hải",
  "Xa_Vinh_Hai": "Xã Vĩnh Hải",
  "Xa_Phuong_Hai": "Xã Phương Hải",
  "Xa_Tan_Hai": "Xã Tân Hải",
  "Xa_Xuan_Hai": "Xã Xuân Hải",
  "Xa_Ho_Hai": "Xã Hộ Hải",
  "Xa_Tri_Hai": "Xã Tri Hải",
  "Xa_Nhon_Hai": "Xã Nhơn Hải",
  "Huyen_Ninh_Phuoc": "Huyện Ninh Phước",
  "Thi_tran_Phuoc_Dan": "Thị trấn Phước Dân",
  "Xa_Phuoc_Son": "Xã Phước Sơn",
  "Xa_Phuoc_Thai": "Xã Phước Thái",
  "Xa_Phuoc_Hau": "Xã Phước Hậu",
  "Xa_Phuoc_Thuan": "Xã Phước Thuận",
  "Xa_An_Hai": "Xã An Hải",
  "Xa_Phuoc_Huu": "Xã Phước Hữu",
  "Xa_Phuoc_Hai": "Xã Phước Hải",
  "Xa_Phuoc_Vinh": "Xã Phước Vinh",
  "Huyen_Thuan_Bac": "Huyện Thuận Bắc",
  "Xa_Phuoc_Chien": "Xã Phước Chiến",
  "Xa_Cong_Hai": "Xã Công Hải",
  "Xa_Phuoc_Khang": "Xã Phước Kháng",
  "Xa_Loi_Hai": "Xã Lợi Hải",
  "Xa_Bac_Son": "Xã Bắc Sơn",
  "Xa_Bac_Phong": "Xã Bắc Phong",
  "Huyen_Thuan_Nam": "Huyện Thuận Nam",
  "Xa_Phuoc_Ha": "Xã Phước Hà",
  "Xa_Phuoc_Nam": "Xã Phước Nam",
  "Xa_Phuoc_Ninh": "Xã Phước Ninh",
  "Xa_Nhi_Ha": "Xã Nhị Hà",
  "Xa_Phuoc_Dinh": "Xã Phước Dinh",
  "Xa_Phuoc_Minh": "Xã Phước Minh",
  "Xa_Phuoc_Diem": "Xã Phước Diêm",
  "Xa_Ca_Na": "Xã Cà Ná"
}