{
  "Bac_Ninh": "Bắc Ninh",
  "Thanh_pho_Bac_Ninh": "Thành phố Bắc Ninh",
  "Phuong_Vu_Ninh": "Phường Vũ Ninh",
  "Phuong_Dap_Cau": "Phường Đáp Cầu",
  "Phuong_Thi_Cau": "Phường Thị Cầu",
  "Phuong_Kinh_Bac": "Phường Kinh Bắc",
  "Phuong_Ve_An": "Phường Vệ An",
  "Phuong_Tien_An": "Phường Tiền An",
  "Phuong_Dai_Phuc": "Phường Đại Phúc",
  "Phuong_Ninh_Xa": "Phường Ninh Xá",
  "Phuong_Suoi_Hoa": "Phường Suối Hoa",
  "Phuong_Vo_Cuong": "Phường Võ Cường",
  "Phuong_Hoa_Long": "Phường Hòa Long",
  "Phuong_Van_An": "Phường Vạn An",
  "Phuong_Khuc_Xuyen": "Phường Khúc Xuyên",
  "Phuong_Phong_Khe": "Phường Phong Khê",
  "Phuong_Kim_Chan": "Phường Kim Chân",
  "Phuong_Van_Duong": "Phường Vân Dương",
  "Phuong_Nam_Son": "Phường Nam Sơn",
  "Phuong_Khac_Niem": "Phường Khắc Niệm",
  "Phuong_Hap_Linh": "Phường Hạp Lĩnh",
  "Huyen_Yen_Phong": "Huyện Yên Phong",
  "Thi_tran_Cho": "Thị trấn Chờ",
  "Xa_Dung_Liet": "Xã Dũng Liệt",
  "Xa_Tam_Da": "Xã Tam Đa",
  "Xa_Tam_Giang": "Xã Tam Giang",
  "Xa_Yen_Trung": "Xã Yên Trung",
  "Xa_Thuy_Hoa": "Xã Thụy Hòa",
  "Xa_Hoa_Tien": "Xã Hòa Tiến",
  "Xa_Dong_Tien": "Xã Đông Tiến",
  "Xa_Yen_Phu": "Xã Yên Phụ",
  "Xa_Trung_Nghia": "Xã Trung Nghĩa",
  "Xa_Dong_Phong": "Xã Đông Phong",
  "Xa_Long_Chau": "Xã Long Châu",
  "Xa_Van_Mon": "Xã Văn Môn",
  "Xa_Dong_Tho": "Xã Đông Thọ",
  "Huyen_Que_Vo": "Huyện Quế Võ",
  "Thi_tran_Pho_Moi": "Thị trấn Phố Mới",
  "Xa_Viet_Thong": "Xã Việt Thống",
  "Xa_Dai_Xuan": "Xã Đại Xuân",
  "Xa_Nhan_Hoa": "Xã Nhân Hòa",
  "Xa_Bang_An": "Xã Bằng An",
  "Xa_Phuong_Lieu": "Xã Phương Liễu",
  "Xa_Que_Tan": "Xã Quế Tân",
  "Xa_Phu_Luong": "Xã Phú Lương",
  "Xa_Phu_Lang": "Xã Phù Lãng",
  "Xa_Phuong_Mao": "Xã Phượng Mao",
  "Xa_Viet_Hung": "Xã Việt Hùng",
  "Xa_Ngoc_Xa": "Xã Ngọc Xá",
  "Xa_Chau_Phong": "Xã Châu Phong",
  "Xa_Bong_Lai": "Xã Bồng Lai",
  "Xa_Cach_Bi": "Xã Cách Bi",
  "Xa_Dao_Vien": "Xã Đào Viên",
  "Xa_Yen_Gia": "Xã Yên Giả",
  "Xa_Mo_Dao": "Xã Mộ Đạo",
  "Xa_Duc_Long": "Xã Đức Long",
  "Xa_Chi_Lang": "Xã Chi Lăng",
  "Xa_Han_Quang": "Xã Hán Quảng",
  "Huyen_Tien_Du": "Huyện Tiên Du",
  "Thi_tran_Lim": "Thị trấn Lim",
  "Xa_Phu_Lam": "Xã Phú Lâm",
  "Xa_Noi_Due": "Xã Nội Duệ",
  "Xa_Lien_Bao": "Xã Liên Bão",
  "Xa_Hien_Van": "Xã Hiên Vân",
  "Xa_Hoan_Son": "Xã Hoàn Sơn",
  "Xa_Lac_Ve": "Xã Lạc Vệ",
  "Xa_Viet_Doan": "Xã Việt Đoàn",
  "Xa_Phat_Tich": "Xã Phật Tích",
  "Xa_Tan_Chi": "Xã Tân Chi",
  "Xa_Dai_Dong": "Xã Đại Đồng",
  "Xa_Tri_Phuong": "Xã Tri Phương",
  "Xa_Minh_Dao": "Xã Minh Đạo",
  "Xa_Canh_Hung": "Xã Cảnh Hưng",
  "Thanh_pho_Tu_Son": "Thành phố Từ Sơn",
  "Phuong_Dong_Ngan": "Phường Đông Ngàn",
  "Xa_Tam_Son": "Xã Tam Sơn",
  "Xa_Huong_Mac": "Xã Hương Mạc",
  "Xa_Tuong_Giang": "Xã Tương Giang",
  "Xa_Phu_Khe": "Xã Phù Khê",
  "Phuong_Dong_Ky": "Phường Đồng Kỵ",
  "Phuong_Trang_Ha": "Phường Trang Hạ",
  "Phuong_Dong_Nguyen": "Phường Đồng Nguyên",
  "Phuong_Chau_Khe": "Phường Châu Khê",
  "Phuong_Tan_Hong": "Phường Tân Hồng",
  "Phuong_Dinh_Bang": "Phường Đình Bảng",
  "Xa_Phu_Chan": "Xã Phù Chẩn",
  "Huyen_Thuan_Thanh": "Huyện Thuận Thành",
  "Thi_tran_Ho": "Thị trấn Hồ",
  "Xa_Hoai_Thuong": "Xã Hoài Thượng",
  "Xa_Dai_Dong_Thanh": "Xã Đại Đồng Thành",
  "Xa_Mao_Dien": "Xã Mão Điền",
  "Xa_Song_Ho": "Xã Song Hồ",
  "Xa_Dinh_To": "Xã Đình Tổ",
  "Xa_An_Binh": "Xã An Bình",
  "Xa_Tri_Qua": "Xã Trí Quả",
  "Xa_Gia_Dong": "Xã Gia Đông",
  "Xa_Thanh_Khuong": "Xã Thanh Khương",
  "Xa_Tram_Lo": "Xã Trạm Lộ",
  "Xa_Xuan_Lam": "Xã Xuân Lâm",
  "Xa_Ha_Man": "Xã Hà Mãn",
  "Xa_Ngu_Thai": "Xã Ngũ Thái",
  "Xa_Nguyet_Duc": "Xã Nguyệt Đức",
  "Xa_Ninh_Xa": "Xã Ninh Xá",
  "Xa_Nghia_Dao": "Xã Nghĩa Đạo",
  "Xa_Song_Lieu": "Xã Song Liễu",
  "Huyen_Gia_Binh": "Huyện Gia Bình",
  "Xa_Van_Ninh": "Xã Vạn Ninh",
  "Xa_Thai_Bao": "Xã Thái Bảo",
  "Xa_Giang_Son": "Xã Giang Sơn",
  "Xa_Cao_Duc": "Xã Cao Đức",
  "Xa_Dai_Lai": "Xã Đại Lai",
  "Xa_Song_Giang": "Xã Song Giang",
  "Xa_Binh_Duong": "Xã Bình Dương",
  "Xa_Lang_Ngam": "Xã Lãng Ngâm",
  "Xa_Nhan_Thang": "Xã Nhân Thắng",
  "Xa_Xuan_Lai": "Xã Xuân Lai",
  "Xa_Dong_Cuu": "Xã Đông Cứu",
  "Xa_Dai_Bai": "Xã Đại Bái",
  "Xa_Quynh_Phu": "Xã Quỳnh Phú",
  "Huyen_Luong_Tai": "Huyện Lương Tài",
  "Thi_tran_Thua": "Thị trấn Thứa",
  "Xa_An_Thinh": "Xã An Thịnh",
  "Xa_Trung_Kenh": "Xã Trung Kênh",
  "Xa_Phu_Hoa": "Xã Phú Hòa",
  "Xa_My_Huong": "Xã Mỹ Hương",
  "Xa_Tan_Lang": "Xã Tân Lãng",
  "Xa_Quang_Phu": "Xã Quảng Phú",
  "Xa_Trung_Xa": "Xã Trừng Xá",
  "Xa_Lai_Ha": "Xã Lai Hạ",
  "Xa_Trung_Chinh": "Xã Trung Chính",
  "Xa_Minh_Tan": "Xã Minh Tân",
  "Xa_Binh_Dinh": "Xã Bình Định",
  "Xa_Lam_Thao": "Xã Lâm Thao"
}