{
  "Thanh_Hoa": "Thanh Hóa",
  "Thanh_pho_Thanh_Hoa": "Thành phố Thanh Hóa",
  "Phuong_Ham_Rong": "Phường Hàm Rồng",
  "Phuong_Dong_Tho": "Phường Đông Thọ",
  "Phuong_Nam_Ngan": "Phường Nam Ngạn",
  "Phuong_Truong_Thi": "Phường Trường Thi",
  "Phuong_Dien_Bien": "Phường Điện Biên",
  "Phuong_Phu_Son": "Phường Phú Sơn",
  "Phuong_Lam_Son": "Phường Lam Sơn",
  "Phuong_Ba_Dinh": "Phường Ba Đình",
  "Phuong_Ngoc_Trao": "Phường Ngọc Trạo",
  "Phuong_Dong_Ve": "Phường Đông Vệ",
  "Phuong_Dong_Son": "Phường Đông Sơn",
  "Phuong_Tan_Son": "Phường Tân Sơn",
  "Phuong_Dong_Cuong": "Phường Đông Cương",
  "Phuong_Dong_Huong": "Phường Đông Hương",
  "Phuong_Dong_Hai": "Phường Đông Hải",
  "Phuong_Quang_Hung": "Phường Quảng Hưng",
  "Phuong_Quang_Thang": "Phường Quảng Thắng",
  "Phuong_Quang_Thanh": "Phường Quảng Thành",
  "Xa_Thieu_Van": "Xã Thiệu Vận",
  "Xa_Thieu_Khanh": "Xã Thiệu Khánh",
  "Xa_Thieu_Duong": "Xã Thiệu Dương",
  "Phuong_Tao_Xuyen": "Phường Tào Xuyên",
  "Xa_Long_Anh": "Xã Long Anh",
  "Xa_Hoang_Quang": "Xã Hoằng Quang",
  "Xa_Hoang_Dai": "Xã Hoằng Đại",
  "Xa_Dong_Linh": "Xã Đông Lĩnh",
  "Xa_Dong_Vinh": "Xã Đông Vinh",
  "Xa_Dong_Tan": "Xã Đông Tân",
  "Phuong_An_Hung": "Phường An Hưng",
  "Xa_Quang_Thinh": "Xã Quảng Thịnh",
  "Xa_Quang_Dong": "Xã Quảng Đông",
  "Xa_Quang_Cat": "Xã Quảng Cát",
  "Xa_Quang_Phu": "Xã Quảng Phú",
  "Xa_Quang_Tam": "Xã Quảng Tâm",
  "Thi_xa_Bim_Son": "Thị xã Bỉm Sơn",
  "Phuong_Bac_Son": "Phường Bắc Sơn",
  "Xa_Quang_Trung": "Xã Quảng Trung",
  "Thanh_pho_Sam_Son": "Thành phố Sầm Sơn",
  "Phuong_Trung_Son": "Phường Trung Sơn",
  "Phuong_Truong_Son": "Phường Trường Sơn",
  "Phuong_Quang_Cu": "Phường Quảng Cư",
  "Phuong_Quang_Tien": "Phường Quảng Tiến",
  "Xa_Quang_Minh": "Xã Quảng Minh",
  "Xa_Quang_Hung": "Xã Quảng Hùng",
  "Phuong_Quang_Tho": "Phường Quảng Thọ",
  "Phuong_Quang_Chau": "Phường Quảng Châu",
  "Phuong_Quang_Vinh": "Phường Quảng Vinh",
  "Xa_Quang_Dai": "Xã Quảng Đại",
  "Huyen_Muong_Lat": "Huyện Mường Lát",
  "Xa_Tam_Chung": "Xã Tam Chung",
  "Xa_Muong_Ly": "Xã Mường Lý",
  "Xa_Trung_Ly": "Xã Trung Lý",
  "Xa_Quang_Chieu": "Xã Quang Chiểu",
  "Xa_Pu_Nhi": "Xã Pù Nhi",
  "Xa_Nhi_Son": "Xã Nhi Sơn",
  "Xa_Muong_Chanh": "Xã Mường Chanh",
  "Huyen_Quan_Hoa": "Huyện Quan Hóa",
  "Thi_tran_Hoi_Xuan": "Thị trấn Hồi Xuân",
  "Xa_Thanh_Son": "Xã Thanh Sơn",
  "Xa_Trung_Son": "Xã Trung Sơn",
  "Xa_Phu_Thanh": "Xã Phú Thanh",
  "Xa_Trung_Thanh": "Xã Trung Thành",
  "Xa_Phu_Le": "Xã Phú Lệ",
  "Xa_Phu_Son": "Xã Phú Sơn",
  "Xa_Phu_Xuan": "Xã Phú Xuân",
  "Xa_Hien_Chung": "Xã Hiền Chung",
  "Xa_Hien_Kiet": "Xã Hiền Kiệt",
  "Xa_Nam_Tien": "Xã Nam Tiến",
  "Xa_Thien_Phu": "Xã Thiên Phủ",
  "Xa_Phu_Nghiem": "Xã Phú Nghiêm",
  "Xa_Nam_Xuan": "Xã Nam Xuân",
  "Xa_Nam_Dong": "Xã Nam Động",
  "Huyen_Ba_Thuoc": "Huyện Bá Thước",
  "Thi_tran_Canh_Nang": "Thị trấn Cành Nàng",
  "Xa_Dien_Thuong": "Xã Điền Thượng",
  "Xa_Dien_Ha": "Xã Điền Hạ",
  "Xa_Dien_Quang": "Xã Điền Quang",
  "Xa_Dien_Trung": "Xã Điền Trung",
  "Xa_Luong_Ngoai": "Xã Lương Ngoại",
  "Xa_Ai_Thuong": "Xã Ái Thượng",
  "Xa_Luong_Noi": "Xã Lương Nội",
  "Xa_Dien_Lu": "Xã Điền Lư",
  "Xa_Luong_Trung": "Xã Lương Trung",
  "Xa_Lung_Niem": "Xã Lũng Niêm",
  "Xa_Lung_Cao": "Xã Lũng Cao",
  "Xa_Ha_Trung": "Xã Hạ Trung",
  "Xa_Co_Lung": "Xã Cổ Lũng",
  "Xa_Thanh_Lam": "Xã Thanh Lâm",
  "Xa_Ban_Cong": "Xã Ban Công",
  "Xa_Ky_Tan": "Xã Kỳ Tân",
  "Xa_Van_Nho": "Xã Văn Nho",
  "Xa_Thiet_Ong": "Xã Thiết Ống",
  "Xa_Thiet_Ke": "Xã Thiết Kế",
  "Huyen_Quan_Son": "Huyện Quan Sơn",
  "Xa_Trung_Xuan": "Xã Trung Xuân",
  "Xa_Trung_Thuong": "Xã Trung Thượng",
  "Xa_Trung_Tien": "Xã Trung Tiến",
  "Xa_Trung_Ha": "Xã Trung Hạ",
  "Xa_Son_Ha": "Xã Sơn Hà",
  "Xa_Tam_Thanh": "Xã Tam Thanh",
  "Xa_Son_Thuy": "Xã Sơn Thủy",
  "Xa_Na_Meo": "Xã Na Mèo",
  "Thi_tran_Son_Lu": "Thị trấn Sơn Lư",
  "Xa_Tam_Lu": "Xã Tam Lư",
  "Xa_Son_Dien": "Xã Sơn Điện",
  "Xa_Muong_Min": "Xã Mường Mìn",
  "Huyen_Lang_Chanh": "Huyện Lang Chánh",
  "Xa_Yen_Khuong": "Xã Yên Khương",
  "Xa_Yen_Thang": "Xã Yên Thắng",
  "Xa_Tri_Nang": "Xã Trí Nang",
  "Xa_Giao_An": "Xã Giao An",
  "Xa_Giao_Thien": "Xã Giao Thiện",
  "Xa_Tan_Phuc": "Xã Tân Phúc",
  "Xa_Tam_Van": "Xã Tam Văn",
  "Xa_Lam_Phu": "Xã Lâm Phú",
  "Thi_tran_Lang_Chanh": "Thị trấn Lang Chánh",
  "Xa_Dong_Luong": "Xã Đồng Lương",
  "Huyen_Ngoc_Lac": "Huyện Ngọc Lặc",
  "Xa_Lam_Son": "Xã Lam Sơn",
  "Xa_My_Tan": "Xã Mỹ Tân",
  "Xa_Thuy_Son": "Xã Thúy Sơn",
  "Xa_Thach_Lap": "Xã Thạch Lập",
  "Xa_Van_Am": "Xã Vân Âm",
  "Xa_Cao_Ngoc": "Xã Cao Ngọc",
  "Xa_Dong_Thinh": "Xã Đông Thịnh",
  "Xa_Ngoc_Lien": "Xã Ngọc Liên",
  "Xa_Ngoc_Son": "Xã Ngọc Sơn",
  "Xa_Loc_Thinh": "Xã Lộc Thịnh",
  "Xa_Cao_Thinh": "Xã Cao Thịnh",
  "Xa_Ngoc_Trung": "Xã Ngọc Trung",
  "Xa_Phung_Giao": "Xã Phùng Giáo",
  "Xa_Phung_Minh": "Xã Phùng Minh",
  "Xa_Phuc_Thinh": "Xã Phúc Thịnh",
  "Xa_Nguyet_An": "Xã Nguyệt Ấn",
  "Xa_Kien_Tho": "Xã Kiên Thọ",
  "Xa_Minh_Tien": "Xã Minh Tiến",
  "Xa_Minh_Son": "Xã Minh Sơn",
  "Huyen_Cam_Thuy": "Huyện Cẩm Thủy",
  "Thi_tran_Phong_Son": "Thị trấn Phong Sơn",
  "Xa_Cam_Thanh": "Xã Cẩm Thành",
  "Xa_Cam_Quy": "Xã Cẩm Quý",
  "Xa_Cam_Luong": "Xã Cẩm Lương",
  "Xa_Cam_Thach": "Xã Cẩm Thạch",
  "Xa_Cam_Lien": "Xã Cẩm Liên",
  "Xa_Cam_Giang": "Xã Cẩm Giang",
  "Xa_Cam_Binh": "Xã Cẩm Bình",
  "Xa_Cam_Tu": "Xã Cẩm Tú",
  "Xa_Cam_Chau": "Xã Cẩm Châu",
  "Xa_Cam_Tam": "Xã Cẩm Tâm",
  "Xa_Cam_Ngoc": "Xã Cẩm Ngọc",
  "Xa_Cam_Long": "Xã Cẩm Long",
  "Xa_Cam_Yen": "Xã Cẩm Yên",
  "Xa_Cam_Tan": "Xã Cẩm Tân",
  "Xa_Cam_Phu": "Xã Cẩm Phú",
  "Xa_Cam_Van": "Xã Cẩm Vân",
  "Huyen_Thach_Thanh": "Huyện Thạch Thành",
  "Thi_tran_Kim_Tan": "Thị trấn Kim Tân",
  "Thi_tran_Van_Du": "Thị trấn Vân Du",
  "Xa_Thach_Lam": "Xã Thạch Lâm",
  "Xa_Thach_Quang": "Xã Thạch Quảng",
  "Xa_Thach_Tuong": "Xã Thạch Tượng",
  "Xa_Thach_Cam": "Xã Thạch Cẩm",
  "Xa_Thach_Son": "Xã Thạch Sơn",
  "Xa_Thach_Binh": "Xã Thạch Bình",
  "Xa_Thach_Dinh": "Xã Thạch Định",
  "Xa_Thach_Dong": "Xã Thạch Đồng",
  "Xa_Thach_Long": "Xã Thạch Long",
  "Xa_Thanh_My": "Xã Thành Mỹ",
  "Xa_Thanh_Yen": "Xã Thành Yên",
  "Xa_Thanh_Vinh": "Xã Thành Vinh",
  "Xa_Thanh_Minh": "Xã Thành Minh",
  "Xa_Thanh_Cong": "Xã Thành Công",
  "Xa_Thanh_Tan": "Xã Thanh Tân",
  "Xa_Thanh_Truc": "Xã Thành Trực",
  "Xa_Thanh_Tam": "Xã Thành Tâm",
  "Xa_Thanh_An": "Xã Thành An",
  "Xa_Thanh_Tho": "Xã Thành Thọ",
  "Xa_Thanh_Tien": "Xã Thành Tiến",
  "Xa_Thanh_Long": "Xã Thành Long",
  "Xa_Thanh_Hung": "Xã Thành Hưng",
  "Xa_Ngoc_Trao": "Xã Ngọc Trạo",
  "Huyen_Ha_Trung": "Huyện Hà Trung",
  "Xa_Ha_Long": "Xã Hà Long",
  "Xa_Ha_Vinh": "Xã Hà Vinh",
  "Xa_Ha_Bac": "Xã Hà Bắc",
  "Xa_Hoat_Giang": "Xã Hoạt Giang",
  "Xa_Yen_Duong": "Xã Yên Dương",
  "Xa_Ha_Giang": "Xã Hà Giang",
  "Xa_Linh_Toai": "Xã Lĩnh Toại",
  "Xa_Ha_Ngoc": "Xã Hà Ngọc",
  "Xa_Yen_Son": "Xã Yến Sơn",
  "Xa_Ha_Son": "Xã Hà Sơn",
  "Xa_Ha_Linh": "Xã Hà Lĩnh",
  "Xa_Ha_Dong": "Xã Hà Đông",
  "Xa_Ha_Tan": "Xã Hà Tân",
  "Xa_Ha_Tien": "Xã Hà Tiến",
  "Xa_Ha_Binh": "Xã Hà Bình",
  "Xa_Ha_Lai": "Xã Hà Lai",
  "Xa_Ha_Chau": "Xã Hà Châu",
  "Xa_Ha_Thai": "Xã Hà Thái",
  "Xa_Ha_Hai": "Xã Hà Hải",
  "Huyen_Vinh_Loc": "Huyện Vĩnh Lộc",
  "Xa_Vinh_Quang": "Xã Vĩnh Quang",
  "Xa_Vinh_Yen": "Xã Vĩnh Yên",
  "Xa_Vinh_Tien": "Xã Vĩnh Tiến",
  "Xa_Vinh_Long": "Xã Vĩnh Long",
  "Xa_Vinh_Phuc": "Xã Vĩnh Phúc",
  "Xa_Vinh_Hung": "Xã Vĩnh Hùng",
  "Xa_Vinh_Hoa": "Xã Vĩnh Hòa",
  "Xa_Minh_Tan": "Xã Minh Tân",
  "Xa_Ninh_Khang": "Xã Ninh Khang",
  "Xa_Vinh_Thinh": "Xã Vĩnh Thịnh",
  "Xa_Vinh_An": "Xã Vĩnh An",
  "Huyen_Yen_Dinh": "Huyện Yên Định",
  "Thi_tran_Thong_Nhat": "Thị trấn Thống Nhất",
  "Xa_Yen_Lam": "Xã Yên Lâm",
  "Xa_Yen_Tam": "Xã Yên Tâm",
  "Xa_Yen_Phu": "Xã Yên Phú",
  "Xa_Qui_Loc": "Xã Quí Lộc",
  "Xa_Yen_Tho": "Xã Yên Thọ",
  "Xa_Yen_Trung": "Xã Yên Trung",
  "Xa_Yen_Truong": "Xã Yên Trường",
  "Xa_Yen_Phong": "Xã Yên Phong",
  "Xa_Yen_Thai": "Xã Yên Thái",
  "Xa_Yen_Hung": "Xã Yên Hùng",
  "Xa_Yen_Thinh": "Xã Yên Thịnh",
  "Xa_Yen_Ninh": "Xã Yên Ninh",
  "Xa_Yen_Lac": "Xã Yên Lạc",
  "Xa_Dinh_Tang": "Xã Định Tăng",
  "Xa_Dinh_Hoa": "Xã Định Hòa",
  "Xa_Dinh_Thanh": "Xã Định Thành",
  "Xa_Dinh_Cong": "Xã Định Công",
  "Xa_Dinh_Tan": "Xã Định Tân",
  "Xa_Dinh_Tien": "Xã Định Tiến",
  "Xa_Dinh_Long": "Xã Định Long",
  "Xa_Dinh_Lien": "Xã Định Liên",
  "Thi_tran_Quan_Lao": "Thị trấn Quán Lào",
  "Xa_Dinh_Hung": "Xã Định Hưng",
  "Xa_Dinh_Hai": "Xã Định Hải",
  "Xa_Dinh_Binh": "Xã Định Bình",
  "Huyen_Tho_Xuan": "Huyện Thọ Xuân",
  "Xa_Xuan_Hong": "Xã Xuân Hồng",
  "Xa_Bac_Luong": "Xã Bắc Lương",
  "Xa_Nam_Giang": "Xã Nam Giang",
  "Xa_Xuan_Phong": "Xã Xuân Phong",
  "Xa_Tho_Loc": "Xã Thọ Lộc",
  "Xa_Xuan_Truong": "Xã Xuân Trường",
  "Xa_Xuan_Hoa": "Xã Xuân Hòa",
  "Xa_Tho_Hai": "Xã Thọ Hải",
  "Xa_Tay_Ho": "Xã Tây Hồ",
  "Xa_Xuan_Giang": "Xã Xuân Giang",
  "Xa_Xuan_Sinh": "Xã Xuân Sinh",
  "Xa_Xuan_Hung": "Xã Xuân Hưng",
  "Xa_Tho_Dien": "Xã Thọ Diên",
  "Xa_Tho_Lam": "Xã Thọ Lâm",
  "Xa_Tho_Xuong": "Xã Thọ Xương",
  "Xa_Xuan_Bai": "Xã Xuân Bái",
  "Xa_Xuan_Phu": "Xã Xuân Phú",
  "Thi_tran_Sao_Vang": "Thị trấn Sao Vàng",
  "Thi_tran_Lam_Son": "Thị trấn Lam Sơn",
  "Xa_Xuan_Thien": "Xã Xuân Thiên",
  "Xa_Thuan_Minh": "Xã Thuận Minh",
  "Xa_Tho_Lap": "Xã Thọ Lập",
  "Xa_Xuan_Tin": "Xã Xuân Tín",
  "Xa_Xuan_Lai": "Xã Xuân Lai",
  "Xa_Xuan_Lap": "Xã Xuân Lập",
  "Xa_Xuan_Minh": "Xã Xuân Minh",
  "Xa_Truong_Xuan": "Xã Trường Xuân",
  "Huyen_Thuong_Xuan": "Huyện Thường Xuân",
  "Xa_Bat_Mot": "Xã Bát Mọt",
  "Xa_Yen_Nhan": "Xã Yên Nhân",
  "Xa_Xuan_Le": "Xã Xuân Lẹ",
  "Xa_Van_Xuan": "Xã Vạn Xuân",
  "Xa_Luong_Son": "Xã Lương Sơn",
  "Xa_Xuan_Cao": "Xã Xuân Cao",
  "Xa_Luan_Thanh": "Xã Luận Thành",
  "Xa_Luan_Khe": "Xã Luận Khê",
  "Xa_Xuan_Thang": "Xã Xuân Thắng",
  "Xa_Xuan_Loc": "Xã Xuân Lộc",
  "Xa_Xuan_Duong": "Xã Xuân Dương",
  "Xa_Tho_Thanh": "Xã Thọ Thanh",
  "Xa_Ngoc_Phung": "Xã Ngọc Phụng",
  "Xa_Xuan_Chinh": "Xã Xuân Chinh",
  "Xa_Tan_Thanh": "Xã Tân Thành",
  "Huyen_Trieu_Son": "Huyện Triệu Sơn",
  "Xa_Tho_Son": "Xã Thọ Sơn",
  "Xa_Tho_Binh": "Xã Thọ Bình",
  "Xa_Tho_Tien": "Xã Thọ Tiến",
  "Xa_Hop_Ly": "Xã Hợp Lý",
  "Xa_Hop_Tien": "Xã Hợp Tiến",
  "Xa_Hop_Thanh": "Xã Hợp Thành",
  "Xa_Trieu_Thanh": "Xã Triệu Thành",
  "Xa_Hop_Thang": "Xã Hợp Thắng",
  "Xa_Dan_Luc": "Xã Dân Lực",
  "Xa_Dan_Ly": "Xã Dân Lý",
  "Xa_Dan_Quyen": "Xã Dân Quyền",
  "Xa_An_Nong": "Xã An Nông",
  "Xa_Van_Son": "Xã Văn Sơn",
  "Xa_Thai_Hoa": "Xã Thái Hòa",
  "Thi_tran_Nua": "Thị trấn Nưa",
  "Xa_Dong_Loi": "Xã Đồng Lợi",
  "Xa_Dong_Tien": "Xã Đông Tiến",
  "Xa_Dong_Thang": "Xã Đồng Thắng",
  "Xa_Tien_Nong": "Xã Tiến Nông",
  "Xa_Khuyen_Nong": "Xã Khuyến Nông",
  "Xa_Xuan_Thinh": "Xã Xuân Thịnh",
  "Xa_Tho_Dan": "Xã Thọ Dân",
  "Xa_Xuan_Tho": "Xã Xuân Thọ",
  "Xa_Tho_Tan": "Xã Thọ Tân",
  "Xa_Tho_Ngoc": "Xã Thọ Ngọc",
  "Xa_Tho_Cuong": "Xã Thọ Cường",
  "Xa_Tho_Phu": "Xã Thọ Phú",
  "Xa_Tho_Vuc": "Xã Thọ Vực",
  "Xa_Tho_The": "Xã Thọ Thế",
  "Xa_Nong_Truong": "Xã Nông Trường",
  "Xa_Binh_Son": "Xã Bình Sơn",
  "Huyen_Thieu_Hoa": "Huyện Thiệu Hóa",
  "Xa_Thieu_Ngoc": "Xã Thiệu Ngọc",
  "Xa_Thieu_Vu": "Xã Thiệu Vũ",
  "Xa_Thieu_Phuc": "Xã Thiệu Phúc",
  "Xa_Thieu_Tien": "Xã Thiệu Tiến",
  "Xa_Thieu_Cong": "Xã Thiệu Công",
  "Xa_Thieu_Phu": "Xã Thiệu Phú",
  "Xa_Thieu_Long": "Xã Thiệu Long",
  "Xa_Thieu_Giang": "Xã Thiệu Giang",
  "Xa_Thieu_Duy": "Xã Thiệu Duy",
  "Xa_Thieu_Nguyen": "Xã Thiệu Nguyên",
  "Xa_Thieu_Hop": "Xã Thiệu Hợp",
  "Xa_Thieu_Thinh": "Xã Thiệu Thịnh",
  "Xa_Thieu_Quang": "Xã Thiệu Quang",
  "Xa_Thieu_Thanh": "Xã Thiệu Thành",
  "Xa_Thieu_Toan": "Xã Thiệu Toán",
  "Xa_Thieu_Chinh": "Xã Thiệu Chính",
  "Xa_Thieu_Hoa": "Xã Thiệu Hòa",
  "Xa_Minh_Tam": "Xã Minh Tâm",
  "Xa_Thieu_Vien": "Xã Thiệu Viên",
  "Xa_Thieu_Ly": "Xã Thiệu Lý",
  "Xa_Thieu_Trung": "Xã Thiệu Trung",
  "Xa_Tan_Chau": "Xã Tân Châu",
  "Xa_Thieu_Giao": "Xã Thiệu Giao",
  "Huyen_Hoang_Hoa": "Huyện Hoằng Hóa",
  "Thi_tran_But_Son": "Thị trấn Bút Sơn",
  "Xa_Hoang_Giang": "Xã Hoàng Giang",
  "Xa_Hoang_Xuan": "Xã Hoằng Xuân",
  "Xa_Hoang_Phuong": "Xã Hoằng Phượng",
  "Xa_Hoang_Phu": "Xã Hoằng Phụ",
  "Xa_Hoang_Quy": "Xã Hoằng Quý",
  "Xa_Hoang_Kim": "Xã Hoằng Kim",
  "Xa_Hoang_Trung": "Xã Hoằng Trung",
  "Xa_Hoang_Trinh": "Xã Hoằng Trinh",
  "Xa_Hoang_Son": "Xã Hoàng Sơn",
  "Xa_Hoang_Cat": "Xã Hoằng Cát",
  "Xa_Hoang_Xuyen": "Xã Hoằng Xuyên",
  "Xa_Hoang_Hop": "Xã Hoằng Hợp",
  "Xa_Hoang_Duc": "Xã Hoằng Đức",
  "Xa_Hoang_Ha": "Xã Hoằng Hà",
  "Xa_Hoang_Dat": "Xã Hoằng Đạt",
  "Xa_Hoang_Dao": "Xã Hoằng Đạo",
  "Xa_Hoang_Thang": "Xã Hoằng Thắng",
  "Xa_Hoang_Dong": "Xã Hoằng Đông",
  "Xa_Hoang_Thai": "Xã Hoằng Thái",
  "Xa_Hoang_Thinh": "Xã Hoằng Thịnh",
  "Xa_Hoang_Thanh": "Xã Hoằng Thanh",
  "Xa_Hoang_Loc": "Xã Hoằng Lộc",
  "Xa_Hoang_Trach": "Xã Hoằng Trạch",
  "Xa_Hoang_Phong": "Xã Hoằng Phong",
  "Xa_Hoang_Luu": "Xã Hoằng Lưu",
  "Xa_Hoang_Chau": "Xã Hoằng Châu",
  "Xa_Hoang_Tan": "Xã Hoằng Tân",
  "Xa_Hoang_Yen": "Xã Hoằng Yến",
  "Xa_Hoang_Tien": "Xã Hoằng Tiến",
  "Xa_Hoang_Hai": "Xã Hoằng Hải",
  "Xa_Hoang_Ngoc": "Xã Hoằng Ngọc",
  "Xa_Hoang_Truong": "Xã Hoằng Trường",
  "Huyen_Hau_Loc": "Huyện Hậu Lộc",
  "Xa_Dong_Loc": "Xã Đồng Lộc",
  "Xa_Dai_Loc": "Xã Đại Lộc",
  "Xa_Trieu_Loc": "Xã Triệu Lộc",
  "Xa_Tien_Loc": "Xã Tiến Lộc",
  "Xa_Loc_Son": "Xã Lộc Sơn",
  "Xa_Cau_Loc": "Xã Cầu Lộc",
  "Xa_Thanh_Loc": "Xã Thành Lộc",
  "Xa_Tuy_Loc": "Xã Tuy Lộc",
  "Xa_Phong_Loc": "Xã Phong Lộc",
  "Xa_My_Loc": "Xã Mỹ Lộc",
  "Xa_Thuan_Loc": "Xã Thuần Lộc",
  "Xa_Hoa_Loc": "Xã Hòa Lộc",
  "Xa_Lien_Loc": "Xã Liên Lộc",
  "Xa_Quang_Loc": "Xã Quảng Lộc",
  "Xa_Phu_Loc": "Xã Phú Lộc",
  "Xa_Minh_Loc": "Xã Minh Lộc",
  "Xa_Hung_Loc": "Xã Hưng Lộc",
  "Xa_Hai_Loc": "Xã Hải Lộc",
  "Xa_Da_Loc": "Xã Đa Lộc",
  "Xa_Ngu_Loc": "Xã Ngư Lộc",
  "Huyen_Nga_Son": "Huyện Nga Sơn",
  "Xa_Ba_Dinh": "Xã Ba Đình",
  "Xa_Nga_Vinh": "Xã Nga Vịnh",
  "Xa_Nga_Van": "Xã Nga Văn",
  "Xa_Nga_Thien": "Xã Nga Thiện",
  "Xa_Nga_Tien": "Xã Nga Tiến",
  "Xa_Nga_Phuong": "Xã Nga Phượng",
  "Xa_Nga_Trung": "Xã Nga Trung",
  "Xa_Nga_Bach": "Xã Nga Bạch",
  "Xa_Nga_Thanh": "Xã Nga Thành",
  "Xa_Nga_Yen": "Xã Nga Yên",
  "Xa_Nga_Giap": "Xã Nga Giáp",
  "Xa_Nga_Hai": "Xã Nga Hải",
  "Xa_Nga_An": "Xã Nga An",
  "Xa_Nga_Phu": "Xã Nga Phú",
  "Xa_Nga_Dien": "Xã Nga Điền",
  "Xa_Nga_Tan": "Xã Nga Tân",
  "Xa_Nga_Thuy": "Xã Nga Thủy",
  "Xa_Nga_Lien": "Xã Nga Liên",
  "Xa_Nga_Thai": "Xã Nga Thái",
  "Xa_Nga_Thach": "Xã Nga Thạch",
  "Xa_Nga_Thang": "Xã Nga Thắng",
  "Xa_Nga_Truong": "Xã Nga Trường",
  "Huyen_Nhu_Xuan": "Huyện Như Xuân",
  "Thi_tran_Yen_Cat": "Thị trấn Yên Cát",
  "Xa_Bai_Tranh": "Xã Bãi Trành",
  "Xa_Xuan_Binh": "Xã Xuân Bình",
  "Xa_Hoa_Quy": "Xã Hóa Quỳ",
  "Xa_Cat_Van": "Xã Cát Vân",
  "Xa_Cat_Tan": "Xã Cát Tân",
  "Xa_Tan_Binh": "Xã Tân Bình",
  "Xa_Binh_Luong": "Xã Bình Lương",
  "Xa_Thanh_Quan": "Xã Thanh Quân",
  "Xa_Thanh_Xuan": "Xã Thanh Xuân",
  "Xa_Thanh_Hoa": "Xã Thanh Hòa",
  "Xa_Thanh_Phong": "Xã Thanh Phong",
  "Xa_Thuong_Ninh": "Xã Thượng Ninh",
  "Huyen_Nhu_Thanh": "Huyện Như Thanh",
  "Thi_tran_Ben_Sung": "Thị trấn Bến Sung",
  "Xa_Can_Khe": "Xã Cán Khê",
  "Xa_Xuan_Du": "Xã Xuân Du",
  "Xa_Phuong_Nghi": "Xã Phượng Nghi",
  "Xa_Mau_Lam": "Xã Mậu Lâm",
  "Xa_Xuan_Khang": "Xã Xuân Khang",
  "Xa_Phu_Nhuan": "Xã Phú Nhuận",
  "Xa_Hai_Long": "Xã Hải Long",
  "Xa_Xuan_Thai": "Xã Xuân Thái",
  "Xa_Xuan_Phuc": "Xã Xuân Phúc",
  "Xa_Thanh_Ky": "Xã Thanh Kỳ",
  "Huyen_Nong_Cong": "Huyện Nông Cống",
  "Xa_Tan_Tho": "Xã Tân Thọ",
  "Xa_Tan_Khang": "Xã Tân Khang",
  "Xa_Trung_Chinh": "Xã Trung Chính",
  "Xa_Te_Thang": "Xã Tế Thắng",
  "Xa_Te_Loi": "Xã Tế Lợi",
  "Xa_Te_Nong": "Xã Tế Nông",
  "Xa_Minh_Nghia": "Xã Minh Nghĩa",
  "Xa_Minh_Khoi": "Xã Minh Khôi",
  "Xa_Van_Hoa": "Xã Vạn Hòa",
  "Xa_Truong_Trung": "Xã Trường Trung",
  "Xa_Van_Thang": "Xã Vạn Thắng",
  "Xa_Truong_Giang": "Xã Trường Giang",
  "Xa_Van_Thien": "Xã Vạn Thiện",
  "Xa_Thang_Long": "Xã Thăng Long",
  "Xa_Truong_Minh": "Xã Trường Minh",
  "Xa_Truong_Son": "Xã Trường Sơn",
  "Xa_Thang_Binh": "Xã Thăng Bình",
  "Xa_Cong_Liem": "Xã Công Liêm",
  "Xa_Tuong_Van": "Xã Tượng Văn",
  "Xa_Thang_Tho": "Xã Thăng Thọ",
  "Xa_Tuong_Linh": "Xã Tượng Lĩnh",
  "Xa_Tuong_Son": "Xã Tượng Sơn",
  "Xa_Cong_Chinh": "Xã Công Chính",
  "Xa_Yen_My": "Xã Yên Mỹ",
  "Huyen_Dong_Son": "Huyện Đông Sơn",
  "Thi_tran_Rung_Thong": "Thị trấn Rừng Thông",
  "Xa_Dong_Hoang": "Xã Đông Hoàng",
  "Xa_Dong_Ninh": "Xã Đông Ninh",
  "Xa_Dong_Hoa": "Xã Đông Hòa",
  "Xa_Dong_Yen": "Xã Đông Yên",
  "Xa_Dong_Minh": "Xã Đông Minh",
  "Xa_Dong_Thanh": "Xã Đông Thanh",
  "Xa_Dong_Khe": "Xã Đông Khê",
  "Xa_Dong_Van": "Xã Đông Văn",
  "Xa_Dong_Phu": "Xã Đông Phú",
  "Xa_Dong_Nam": "Xã Đông Nam",
  "Xa_Dong_Quang": "Xã Đông Quang",
  "Huyen_Quang_Xuong": "Huyện Quảng Xương",
  "Thi_tran_Tan_Phong": "Thị trấn Tân Phong",
  "Xa_Quang_Trach": "Xã Quảng Trạch",
  "Xa_Quang_Duc": "Xã Quảng Đức",
  "Xa_Quang_Dinh": "Xã Quảng Định",
  "Xa_Quang_Nhan": "Xã Quảng Nhân",
  "Xa_Quang_Ninh": "Xã Quảng Ninh",
  "Xa_Quang_Binh": "Xã Quảng Bình",
  "Xa_Quang_Hop": "Xã Quảng Hợp",
  "Xa_Quang_Van": "Xã Quảng Văn",
  "Xa_Quang_Long": "Xã Quảng Long",
  "Xa_Quang_Yen": "Xã Quảng Yên",
  "Xa_Quang_Hoa": "Xã Quảng Hòa",
  "Xa_Quang_Khe": "Xã Quảng Khê",
  "Xa_Quang_Chinh": "Xã Quảng Chính",
  "Xa_Quang_Ngoc": "Xã Quảng Ngọc",
  "Xa_Quang_Truong": "Xã Quảng Trường",
  "Xa_Quang_Phuc": "Xã Quảng Phúc",
  "Xa_Quang_Giao": "Xã Quảng Giao",
  "Xa_Quang_Hai": "Xã Quảng Hải",
  "Xa_Quang_Luu": "Xã Quảng Lưu",
  "Xa_Tien_Trang": "Xã Tiên Trang",
  "Xa_Quang_Nham": "Xã Quảng Nham",
  "Xa_Quang_Thach": "Xã Quảng Thạch",
  "Xa_Quang_Thai": "Xã Quảng Thái",
  "Thi_xa_Nghi_Son": "Thị xã Nghi Sơn",
  "Phuong_Hai_Hoa": "Phường Hải Hòa",
  "Phuong_Hai_Chau": "Phường Hải Châu",
  "Xa_Thanh_Thuy": "Xã Thanh Thủy",
  "Phuong_Hai_Ninh": "Phường Hải Ninh",
  "Xa_Anh_Son": "Xã Anh Sơn",
  "Xa_Ngoc_Linh": "Xã Ngọc Lĩnh",
  "Phuong_Hai_An": "Phường Hải An",
  "Xa_Cac_Son": "Xã Các Sơn",
  "Phuong_Tan_Dan": "Phường Tân Dân",
  "Phuong_Hai_Linh": "Phường Hải Lĩnh",
  "Phuong_Ninh_Hai": "Phường Ninh Hải",
  "Phuong_Nguyen_Binh": "Phường Nguyên Bình",
  "Xa_Hai_Nhan": "Xã Hải Nhân",
  "Phuong_Binh_Minh": "Phường Bình Minh",
  "Phuong_Hai_Thanh": "Phường Hải Thanh",
  "Xa_Phu_Lam": "Xã Phú Lâm",
  "Phuong_Xuan_Lam": "Phường Xuân Lâm",
  "Phuong_Truc_Lam": "Phường Trúc Lâm",
  "Phuong_Hai_Binh": "Phường Hải Bình",
  "Xa_Tan_Truong": "Xã Tân Trường",
  "Xa_Tung_Lam": "Xã Tùng Lâm",
  "Phuong_Tinh_Hai": "Phường Tĩnh Hải",
  "Phuong_Mai_Lam": "Phường Mai Lâm",
  "Xa_Truong_Lam": "Xã Trường Lâm",
  "Xa_Hai_Yen": "Xã Hải Yến",
  "Phuong_Hai_Thuong": "Phường Hải Thượng",
  "Xa_Hai_Ha": "Xã Hải Hà"
}