{
  "Thanh_Hoa": "Thanh Hoa",
  "Thanh_pho_Thanh_Hoa": "Thanh Hoa city",
  "Phuong_Ham_Rong": "Ham Rong Ward",
  "Phuong_Dong_Tho": "Dong Tho Ward",
  "Phuong_Nam_Ngan": "Nam Ngan Ward",
  "Phuong_Truong_Thi": "Truong Thi Ward",
  "Phuong_Dien_Bien": "Dien Bien Ward",
  "Phuong_Phu_Son": "Phu Son Ward",
  "Phuong_Lam_Son": "Lam Son Ward",
  "Phuong_Ba_Dinh": "Ba Dinh Ward",
  "Phuong_Ngoc_Trao": "Ngoc Trao Ward",
  "Phuong_Dong_Ve": "Dong Ve Ward",
  "Phuong_Dong_Son": "Dong Son Ward",
  "Phuong_Tan_Son": "Tan Son Ward",
  "Phuong_Dong_Cuong": "Dong Cuong Ward",
  "Phuong_Dong_Huong": "Dong Huong Ward",
  "Phuong_Dong_Hai": "Dong Hai Ward",
  "Phuong_Quang_Hung": "Quang Hung Ward",
  "Phuong_Quang_Thang": "Quang Thang Ward",
  "Phuong_Quang_Thanh": "Quang Thanh Ward",
  "Xa_Thieu_Van": "Thieu Van commune",
  "Xa_Thieu_Khanh": "Thieu Khanh commune",
  "Xa_Thieu_Duong": "Thieu Duong commune",
  "Phuong_Tao_Xuyen": "Tao Xuyen Ward",
  "Xa_Long_Anh": "Long Anh commune",
  "Xa_Hoang_Quang": "Hoang Quang commune",
  "Xa_Hoang_Dai": "Hoang Dai commune",
  "Xa_Dong_Linh": "Dong Linh commune",
  "Xa_Dong_Vinh": "Dong Vinh commune",
  "Xa_Dong_Tan": "Dong Tan commune",
  "Phuong_An_Hung": "An Hung Ward",
  "Xa_Quang_Thinh": "Quang Thinh commune",
  "Xa_Quang_Dong": "Quang Dong Commune",
  "Xa_Quang_Cat": "Quang Cat commune",
  "Xa_Quang_Phu": "Quang Phu commune",
  "Xa_Quang_Tam": "Quang Tam commune",
  "Thi_xa_Bim_Son": "Bim Son town",
  "Phuong_Bac_Son": "Bac Son Ward",
  "Xa_Quang_Trung": "Quang Trung commune",
  "Thanh_pho_Sam_Son": "Sam Son City",
  "Phuong_Trung_Son": "Trung Son Ward",
  "Phuong_Truong_Son": "Truong Son Ward",
  "Phuong_Quang_Cu": "Quang Cu Ward",
  "Phuong_Quang_Tien": "Quang Tien Ward",
  "Xa_Quang_Minh": "Quang Minh commune",
  "Xa_Quang_Hung": "Quang Hung commune",
  "Phuong_Quang_Tho": "Quang Tho Ward",
  "Phuong_Quang_Chau": "Guangzhou Ward",
  "Phuong_Quang_Vinh": "Quang Vinh Ward",
  "Xa_Quang_Dai": "Quang Dai commune",
  "Huyen_Muong_Lat": "Muong Lat District",
  "Xa_Tam_Chung": "Tam Chung commune",
  "Xa_Muong_Ly": "Muong Ly commune",
  "Xa_Trung_Ly": "Trung Ly commune",
  "Xa_Quang_Chieu": "Quang Chieu commune",
  "Xa_Pu_Nhi": "Pu Nhi commune",
  "Xa_Nhi_Son": "Nhi Son commune",
  "Xa_Muong_Chanh": "Muong Chanh commune",
  "Huyen_Quan_Hoa": "Quan Hoa district",
  "Thi_tran_Hoi_Xuan": "Hoi Xuan town",
  "Xa_Thanh_Son": "Thanh Son commune",
  "Xa_Trung_Son": "Trung Son commune",
  "Xa_Phu_Thanh": "Phu Thanh commune",
  "Xa_Trung_Thanh": "Trung Thanh Commune",
  "Xa_Phu_Le": "Phu Le commune",
  "Xa_Phu_Son": "Phu Son commune",
  "Xa_Phu_Xuan": "Phu Xuan commune",
  "Xa_Hien_Chung": "Hien Chung commune",
  "Xa_Hien_Kiet": "Hien Kiet commune",
  "Xa_Nam_Tien": "Nam Tien Commune",
  "Xa_Thien_Phu": "Thien Phu commune",
  "Xa_Phu_Nghiem": "Phu Nghiem commune",
  "Xa_Nam_Xuan": "Nam Xuan commune",
  "Xa_Nam_Dong": "Nam Dong commune",
  "Huyen_Ba_Thuoc": "Ba Thuoc district",
  "Thi_tran_Canh_Nang": "Canh Nang town",
  "Xa_Dien_Thuong": "Dien Thuong commune",
  "Xa_Dien_Ha": "Dien Ha Commune",
  "Xa_Dien_Quang": "Dien Quang commune",
  "Xa_Dien_Trung": "Dien Trung commune",
  "Xa_Luong_Ngoai": "Luong Ngoai commune",
  "Xa_Ai_Thuong": "Ai Thuong commune",
  "Xa_Luong_Noi": "Luong Noi Commune",
  "Xa_Dien_Lu": "Dien Lu commune",
  "Xa_Luong_Trung": "Luong Trung commune",
  "Xa_Lung_Niem": "Lung Niem commune",
  "Xa_Lung_Cao": "Lung Cao commune",
  "Xa_Ha_Trung": "Ha Trung commune",
  "Xa_Co_Lung": "Co Lung commune",
  "Xa_Thanh_Lam": "Thanh Lam commune",
  "Xa_Ban_Cong": "Ban Cong commune",
  "Xa_Ky_Tan": "Ky Tan commune",
  "Xa_Van_Nho": "Van Nho commune",
  "Xa_Thiet_Ong": "Thiet Ong Commune",
  "Xa_Thiet_Ke": "Design Commune",
  "Huyen_Quan_Son": "Quan Son district",
  "Xa_Trung_Xuan": "Trung Xuan commune",
  "Xa_Trung_Thuong": "Trung Thuong commune",
  "Xa_Trung_Tien": "Trung Tien Commune",
  "Xa_Trung_Ha": "Trung Ha Commune",
  "Xa_Son_Ha": "Son Ha commune",
  "Xa_Tam_Thanh": "Tam Thanh commune",
  "Xa_Son_Thuy": "Son Thuy commune",
  "Xa_Na_Meo": "Na Meo Commune",
  "Thi_tran_Son_Lu": "Son Lu town",
  "Xa_Tam_Lu": "Tam Lu commune",
  "Xa_Son_Dien": "Son Dien commune",
  "Xa_Muong_Min": "Muong Min commune",
  "Huyen_Lang_Chanh": "Lang Chanh district",
  "Xa_Yen_Khuong": "Yen Khuong commune",
  "Xa_Yen_Thang": "Yen Thang commune",
  "Xa_Tri_Nang": "Tri Nang Commune",
  "Xa_Giao_An": "Giao An Commune",
  "Xa_Giao_Thien": "Giao Thien Commune",
  "Xa_Tan_Phuc": "Tan Phuc commune",
  "Xa_Tam_Van": "Tam Van commune",
  "Xa_Lam_Phu": "Lam Phu commune",
  "Thi_tran_Lang_Chanh": "Lang Chanh town",
  "Xa_Dong_Luong": "Dong Luong commune",
  "Huyen_Ngoc_Lac": "Ngoc Lac district",
  "Xa_Lam_Son": "Lam Son commune",
  "Xa_My_Tan": "My Tan commune",
  "Xa_Thuy_Son": "Thuy Son commune",
  "Xa_Thach_Lap": "Thach Lap commune",
  "Xa_Van_Am": "Van Am commune",
  "Xa_Cao_Ngoc": "Cao Ngoc commune",
  "Xa_Dong_Thinh": "Dong Thinh commune",
  "Xa_Ngoc_Lien": "Ngoc Lien commune",
  "Xa_Ngoc_Son": "Ngoc Son commune",
  "Xa_Loc_Thinh": "Loc Thinh commune",
  "Xa_Cao_Thinh": "Cao Thinh commune",
  "Xa_Ngoc_Trung": "Ngoc Trung commune",
  "Xa_Phung_Giao": "Phung Giao commune",
  "Xa_Phung_Minh": "Phung Minh commune",
  "Xa_Phuc_Thinh": "Phuc Thinh commune",
  "Xa_Nguyet_An": "Nguyet An Commune",
  "Xa_Kien_Tho": "Kien Tho commune",
  "Xa_Minh_Tien": "Minh Tien Commune",
  "Xa_Minh_Son": "Minh Son commune",
  "Huyen_Cam_Thuy": "Cam Thuy district",
  "Thi_tran_Phong_Son": "Phong Son town",
  "Xa_Cam_Thanh": "Cam Thanh commune",
  "Xa_Cam_Quy": "Cam Quy commune",
  "Xa_Cam_Luong": "Cam Luong commune",
  "Xa_Cam_Thach": "Cam Thach commune",
  "Xa_Cam_Lien": "Cam Lien commune",
  "Xa_Cam_Giang": "Cam Giang commune",
  "Xa_Cam_Binh": "Cam Binh commune",
  "Xa_Cam_Tu": "Cam Tu commune",
  "Xa_Cam_Chau": "Cam Chau commune",
  "Xa_Cam_Tam": "Cam Tam commune",
  "Xa_Cam_Ngoc": "Cam Ngoc commune",
  "Xa_Cam_Long": "Cam Long commune",
  "Xa_Cam_Yen": "Cam Yen commune",
  "Xa_Cam_Tan": "Cam Tan commune",
  "Xa_Cam_Phu": "Cam Phu commune",
  "Xa_Cam_Van": "Cam Van commune",
  "Huyen_Thach_Thanh": "Thach Thanh district",
  "Thi_tran_Kim_Tan": "Kim Tan town",
  "Thi_tran_Van_Du": "Van Du town",
  "Xa_Thach_Lam": "Thach Lam commune",
  "Xa_Thach_Quang": "Thach Quang commune",
  "Xa_Thach_Tuong": "Thach Tuong commune",
  "Xa_Thach_Cam": "Thach Cam commune",
  "Xa_Thach_Son": "Thach Son commune",
  "Xa_Thach_Binh": "Thach Binh commune",
  "Xa_Thach_Dinh": "Thach Dinh commune",
  "Xa_Thach_Dong": "Thach Dong commune",
  "Xa_Thach_Long": "Thach Long commune",
  "Xa_Thanh_My": "Thanh My commune",
  "Xa_Thanh_Yen": "Thanh Yen commune",
  "Xa_Thanh_Vinh": "Thanh Vinh commune",
  "Xa_Thanh_Minh": "Thanh Minh commune",
  "Xa_Thanh_Cong": "Thanh Cong Commune",
  "Xa_Thanh_Tan": "Thanh Tan commune",
  "Xa_Thanh_Truc": "Thanh Truc commune",
  "Xa_Thanh_Tam": "Thanh Tam commune",
  "Xa_Thanh_An": "Thanh An commune",
  "Xa_Thanh_Tho": "Thanh Tho commune",
  "Xa_Thanh_Tien": "Thanh Tien commune",
  "Xa_Thanh_Long": "Thanh Long commune",
  "Xa_Thanh_Hung": "Thanh Hung commune",
  "Xa_Ngoc_Trao": "Ngoc Trao commune",
  "Huyen_Ha_Trung": "Ha Trung district",
  "Xa_Ha_Long": "Ha Long commune",
  "Xa_Ha_Vinh": "Ha Vinh commune",
  "Xa_Ha_Bac": "Ha Bac Commune",
  "Xa_Hoat_Giang": "Hoat Giang commune",
  "Xa_Yen_Duong": "Yen Duong commune",
  "Xa_Ha_Giang": "Ha Giang commune",
  "Xa_Linh_Toai": "Linh Toai commune",
  "Xa_Ha_Ngoc": "Ha Ngoc commune",
  "Xa_Yen_Son": "Yen Son commune",
  "Xa_Ha_Son": "Ha Son commune",
  "Xa_Ha_Linh": "Ha Linh commune",
  "Xa_Ha_Dong": "Ha Dong commune",
  "Xa_Ha_Tan": "Ha Tan commune",
  "Xa_Ha_Tien": "Ha Tien Commune",
  "Xa_Ha_Binh": "Ha Binh commune",
  "Xa_Ha_Lai": "Ha Lai commune",
  "Xa_Ha_Chau": "Ha Chau commune",
  "Xa_Ha_Thai": "Ha Thai commune",
  "Xa_Ha_Hai": "Ha Hai commune",
  "Huyen_Vinh_Loc": "Vinh Loc district",
  "Xa_Vinh_Quang": "Vinh Quang commune",
  "Xa_Vinh_Yen": "Vinh Yen commune",
  "Xa_Vinh_Tien": "Vinh Tien commune",
  "Xa_Vinh_Long": "Vinh Long commune",
  "Xa_Vinh_Phuc": "Vinh Phuc commune",
  "Xa_Vinh_Hung": "Vinh Hung commune",
  "Xa_Vinh_Hoa": "Vinh Hoa commune",
  "Xa_Minh_Tan": "Minh Tan commune",
  "Xa_Ninh_Khang": "Ninh Khang commune",
  "Xa_Vinh_Thinh": "Vinh Thinh commune",
  "Xa_Vinh_An": "Vinh An commune",
  "Huyen_Yen_Dinh": "Yen Dinh District",
  "Thi_tran_Thong_Nhat": "Thong Nhat town",
  "Xa_Yen_Lam": "Yen Lam commune",
  "Xa_Yen_Tam": "Yen Tam commune",
  "Xa_Yen_Phu": "Yen Phu commune",
  "Xa_Qui_Loc": "Qui Loc commune",
  "Xa_Yen_Tho": "Yen Tho commune",
  "Xa_Yen_Trung": "Yen Trung commune",
  "Xa_Yen_Truong": "Yen Truong commune",
  "Xa_Yen_Phong": "Yen Phong commune",
  "Xa_Yen_Thai": "Yen Thai commune",
  "Xa_Yen_Hung": "Yen Hung commune",
  "Xa_Yen_Thinh": "Yen Thinh commune",
  "Xa_Yen_Ninh": "Yen Ninh commune",
  "Xa_Yen_Lac": "Yen Lac commune",
  "Xa_Dinh_Tang": "Dinh Tang commune",
  "Xa_Dinh_Hoa": "Dinh Hoa commune",
  "Xa_Dinh_Thanh": "Dinh Thanh commune",
  "Xa_Dinh_Cong": "Dinh Cong commune",
  "Xa_Dinh_Tan": "Dinh Tan commune",
  "Xa_Dinh_Tien": "Dinh Tien Commune",
  "Xa_Dinh_Long": "Dinh Long commune",
  "Xa_Dinh_Lien": "Dinh Lien commune",
  "Thi_tran_Quan_Lao": "Quan Lao town",
  "Xa_Dinh_Hung": "Dinh Hung commune",
  "Xa_Dinh_Hai": "Dinh Hai commune",
  "Xa_Dinh_Binh": "Dinh Binh commune",
  "Huyen_Tho_Xuan": "Tho Xuan district",
  "Xa_Xuan_Hong": "Xuan Hong commune",
  "Xa_Bac_Luong": "Bac Luong commune",
  "Xa_Nam_Giang": "Nam Giang commune",
  "Xa_Xuan_Phong": "Xuan Phong commune",
  "Xa_Tho_Loc": "Tho Loc commune",
  "Xa_Xuan_Truong": "Xuan Truong commune",
  "Xa_Xuan_Hoa": "Xuan Hoa Commune",
  "Xa_Tho_Hai": "Tho Hai commune",
  "Xa_Tay_Ho": "Tay Ho commune",
  "Xa_Xuan_Giang": "Xuan Giang commune",
  "Xa_Xuan_Sinh": "Xuan Sinh commune",
  "Xa_Xuan_Hung": "Xuan Hung commune",
  "Xa_Tho_Dien": "Tho Dien commune",
  "Xa_Tho_Lam": "Tho Lam commune",
  "Xa_Tho_Xuong": "Tho Xuong commune",
  "Xa_Xuan_Bai": "Xuan Bai commune",
  "Xa_Xuan_Phu": "Xuan Phu commune",
  "Thi_tran_Sao_Vang": "Golden Star Town",
  "Thi_tran_Lam_Son": "Lam Son town",
  "Xa_Xuan_Thien": "Xuan Thien commune",
  "Xa_Thuan_Minh": "Thuan Minh commune",
  "Xa_Tho_Lap": "Tho Lap commune",
  "Xa_Xuan_Tin": "Xuan Tin commune",
  "Xa_Xuan_Lai": "Xuan Lai Commune",
  "Xa_Xuan_Lap": "Xuan Lap commune",
  "Xa_Xuan_Minh": "Xuan Minh commune",
  "Xa_Truong_Xuan": "Truong Xuan commune",
  "Huyen_Thuong_Xuan": "Thuong Xuan district",
  "Xa_Bat_Mot": "Bat Mot commune",
  "Xa_Yen_Nhan": "Yen Nhan Commune",
  "Xa_Xuan_Le": "Xuan Le commune",
  "Xa_Van_Xuan": "Van Xuan commune",
  "Xa_Luong_Son": "Luong Son commune",
  "Xa_Xuan_Cao": "Xuan Cao commune",
  "Xa_Luan_Thanh": "Editorial Thanh",
  "Xa_Luan_Khe": "Khe Editorial",
  "Xa_Xuan_Thang": "Xuan Thang commune",
  "Xa_Xuan_Loc": "Xuan Loc commune",
  "Xa_Xuan_Duong": "Xuan Duong commune",
  "Xa_Tho_Thanh": "Tho Thanh Commune",
  "Xa_Ngoc_Phung": "Ngoc Phung commune",
  "Xa_Xuan_Chinh": "Xuan Chinh commune",
  "Xa_Tan_Thanh": "Tan Thanh commune",
  "Huyen_Trieu_Son": "Trieu Son district",
  "Xa_Tho_Son": "Tho Son commune",
  "Xa_Tho_Binh": "Tho Binh commune",
  "Xa_Tho_Tien": "Tho Tien Commune",
  "Xa_Hop_Ly": "Hop Ly Commune",
  "Xa_Hop_Tien": "Hop Tien Commune",
  "Xa_Hop_Thanh": "Hop Thanh Commune",
  "Xa_Trieu_Thanh": "Trieu Thanh Commune",
  "Xa_Hop_Thang": "Hop Thang Commune",
  "Xa_Dan_Luc": "Dan Luc Commune",
  "Xa_Dan_Ly": "Dan Ly Commune",
  "Xa_Dan_Quyen": "Dan Quyen Commune",
  "Xa_An_Nong": "An Nong Commune",
  "Xa_Van_Son": "Van Son commune",
  "Xa_Thai_Hoa": "Thai Hoa commune",
  "Thi_tran_Nua": "Nua town",
  "Xa_Dong_Loi": "Dong Loi commune",
  "Xa_Dong_Tien": "Dong Tien Commune",
  "Xa_Dong_Thang": "Dong Thang commune",
  "Xa_Tien_Nong": "Tien Nong Commune",
  "Xa_Khuyen_Nong": "Khuyen Nong Commune",
  "Xa_Xuan_Thinh": "Xuan Thinh commune",
  "Xa_Tho_Dan": "Tho Dan Commune",
  "Xa_Xuan_Tho": "Xuan Tho commune",
  "Xa_Tho_Tan": "Tho Tan commune",
  "Xa_Tho_Ngoc": "Tho Ngoc commune",
  "Xa_Tho_Cuong": "Tho Cuong commune",
  "Xa_Tho_Phu": "Tho Phu Commune",
  "Xa_Tho_Vuc": "Tho Vuc commune",
  "Xa_Tho_The": "Tho The commune",
  "Xa_Nong_Truong": "Nong Truong Commune",
  "Xa_Binh_Son": "Binh Son commune",
  "Huyen_Thieu_Hoa": "Thieu Hoa district",
  "Xa_Thieu_Ngoc": "Thieu Ngoc commune",
  "Xa_Thieu_Vu": "Thieu Vu commune",
  "Xa_Thieu_Phuc": "Thieu Phuc Commune",
  "Xa_Thieu_Tien": "Thieu Tien Commune",
  "Xa_Thieu_Cong": "Thieu Cong commune",
  "Xa_Thieu_Phu": "Thieu Phu commune",
  "Xa_Thieu_Long": "Thieu Long commune",
  "Xa_Thieu_Giang": "Thieu Giang commune",
  "Xa_Thieu_Duy": "Thieu Duy commune",
  "Xa_Thieu_Nguyen": "Thieu Nguyen commune",
  "Xa_Thieu_Hop": "Thieu Hop commune",
  "Xa_Thieu_Thinh": "Thieu Thinh commune",
  "Xa_Thieu_Quang": "Thieu Quang commune",
  "Xa_Thieu_Thanh": "Thieu Thanh Commune",
  "Xa_Thieu_Toan": "Thieu Toan commune",
  "Xa_Thieu_Chinh": "Thieu Chinh Commune",
  "Xa_Thieu_Hoa": "Thieu Hoa Commune",
  "Xa_Minh_Tam": "Minh Tam commune",
  "Xa_Thieu_Vien": "Thieu Vien Commune",
  "Xa_Thieu_Ly": "Thieu Ly commune",
  "Xa_Thieu_Trung": "Thieu Trung commune",
  "Xa_Tan_Chau": "Tan Chau commune",
  "Xa_Thieu_Giao": "Thieu Giao Commune",
  "Huyen_Hoang_Hoa": "Hoang Hoa District",
  "Thi_tran_But_Son": "But Son town",
  "Xa_Hoang_Giang": "Hoang Giang commune",
  "Xa_Hoang_Xuan": "Hoang Xuan commune",
  "Xa_Hoang_Phuong": "Hoang Phuong commune",
  "Xa_Hoang_Phu": "Hoang Phu commune",
  "Xa_Hoang_Quy": "Hoang Quy commune",
  "Xa_Hoang_Kim": "Hoang Kim commune",
  "Xa_Hoang_Trung": "Hoang Trung commune",
  "Xa_Hoang_Trinh": "Hoang Trinh commune",
  "Xa_Hoang_Son": "Hoang Son commune",
  "Xa_Hoang_Cat": "Hoang Cat commune",
  "Xa_Hoang_Xuyen": "Hoang Xuyen commune",
  "Xa_Hoang_Hop": "Hoang Hop commune",
  "Xa_Hoang_Duc": "Hoang Duc commune",
  "Xa_Hoang_Ha": "Hoang Ha commune",
  "Xa_Hoang_Dat": "Hoang Dat commune",
  "Xa_Hoang_Dao": "Hoang Dao commune",
  "Xa_Hoang_Thang": "Hoang Thang commune",
  "Xa_Hoang_Dong": "Hoang Dong commune",
  "Xa_Hoang_Thai": "Hoang Thai commune",
  "Xa_Hoang_Thinh": "Hoang Thinh commune",
  "Xa_Hoang_Thanh": "Hoang Thanh commune",
  "Xa_Hoang_Loc": "Hoang Loc commune",
  "Xa_Hoang_Trach": "Hoang Trach commune",
  "Xa_Hoang_Phong": "Hoang Phong commune",
  "Xa_Hoang_Luu": "Hoang Luu commune",
  "Xa_Hoang_Chau": "Hoang Chau commune",
  "Xa_Hoang_Tan": "Hoang Tan commune",
  "Xa_Hoang_Yen": "Hoang Yen commune",
  "Xa_Hoang_Tien": "Hoang Tien commune",
  "Xa_Hoang_Hai": "Hoang Hai commune",
  "Xa_Hoang_Ngoc": "Hoang Ngoc commune",
  "Xa_Hoang_Truong": "Hoang Truong commune",
  "Huyen_Hau_Loc": "Hau Loc district",
  "Xa_Dong_Loc": "Dong Loc commune",
  "Xa_Dai_Loc": "Dai Loc commune",
  "Xa_Trieu_Loc": "Trieu Loc commune",
  "Xa_Tien_Loc": "Tien Loc Commune",
  "Xa_Loc_Son": "Loc Son commune",
  "Xa_Cau_Loc": "Cau Loc commune",
  "Xa_Thanh_Loc": "Thanh Loc commune",
  "Xa_Tuy_Loc": "Tuy Loc commune",
  "Xa_Phong_Loc": "Phong Loc commune",
  "Xa_My_Loc": "My Loc commune",
  "Xa_Thuan_Loc": "Thuan Loc commune",
  "Xa_Hoa_Loc": "Hoa Loc commune",
  "Xa_Lien_Loc": "Lien Loc commune",
  "Xa_Quang_Loc": "Quang Loc commune",
  "Xa_Phu_Loc": "Phu Loc commune",
  "Xa_Minh_Loc": "Minh Loc Commune",
  "Xa_Hung_Loc": "Hung Loc commune",
  "Xa_Hai_Loc": "Hai Loc commune",
  "Xa_Da_Loc": "Da Loc commune",
  "Xa_Ngu_Loc": "Ngu Loc commune",
  "Huyen_Nga_Son": "Nga Son district",
  "Xa_Ba_Dinh": "Ba Dinh commune",
  "Xa_Nga_Vinh": "Nga Vinh Commune",
  "Xa_Nga_Van": "Nga Van commune",
  "Xa_Nga_Thien": "Nga Thien commune",
  "Xa_Nga_Tien": "Nga Tien Commune",
  "Xa_Nga_Phuong": "Nga Phuong commune",
  "Xa_Nga_Trung": "Nga Trung commune",
  "Xa_Nga_Bach": "Nga Bach commune",
  "Xa_Nga_Thanh": "Nga Thanh commune",
  "Xa_Nga_Yen": "Nga Yen commune",
  "Xa_Nga_Giap": "Nga Giap commune",
  "Xa_Nga_Hai": "Nga Hai commune",
  "Xa_Nga_An": "Nga An commune",
  "Xa_Nga_Phu": "Nga Phu commune",
  "Xa_Nga_Dien": "Nga Dien commune",
  "Xa_Nga_Tan": "Nga Tan commune",
  "Xa_Nga_Thuy": "Nga Thuy commune",
  "Xa_Nga_Lien": "Nga Lien commune",
  "Xa_Nga_Thai": "Nga Thai commune",
  "Xa_Nga_Thach": "Nga Thach commune",
  "Xa_Nga_Thang": "Nga Thang commune",
  "Xa_Nga_Truong": "Nga Truong commune",
  "Huyen_Nhu_Xuan": "Nhu Xuan district",
  "Thi_tran_Yen_Cat": "Yen Cat town",
  "Xa_Bai_Tranh": "Bai Tranh commune",
  "Xa_Xuan_Binh": "Xuan Binh commune",
  "Xa_Hoa_Quy": "Hoa Quy commune",
  "Xa_Cat_Van": "Cat Van commune",
  "Xa_Cat_Tan": "Cat Tan commune",
  "Xa_Tan_Binh": "Tan Binh commune",
  "Xa_Binh_Luong": "Binh Luong commune",
  "Xa_Thanh_Quan": "Thanh Quan commune",
  "Xa_Thanh_Xuan": "Thanh Xuan Commune",
  "Xa_Thanh_Hoa": "Thanh Hoa commune",
  "Xa_Thanh_Phong": "Thanh Phong commune",
  "Xa_Thuong_Ninh": "Thuong Ninh commune",
  "Huyen_Nhu_Thanh": "Nhu Thanh District",
  "Thi_tran_Ben_Sung": "Ben Sung town",
  "Xa_Can_Khe": "Can Khe commune",
  "Xa_Xuan_Du": "Xuan Du commune",
  "Xa_Phuong_Nghi": "Phuong Nghi commune",
  "Xa_Mau_Lam": "Mau Lam Commune",
  "Xa_Xuan_Khang": "Xuan Khang commune",
  "Xa_Phu_Nhuan": "Phu Nhuan commune",
  "Xa_Hai_Long": "Hai Long commune",
  "Xa_Xuan_Thai": "Xuan Thai commune",
  "Xa_Xuan_Phuc": "Xuan Phuc commune",
  "Xa_Thanh_Ky": "Thanh Ky commune",
  "Huyen_Nong_Cong": "Nong Cong District",
  "Xa_Tan_Tho": "Tan Tho commune",
  "Xa_Tan_Khang": "Tan Khang commune",
  "Xa_Trung_Chinh": "Trung Chinh Commune",
  "Xa_Te_Thang": "Te Thang commune",
  "Xa_Te_Loi": "Te Loi Commune",
  "Xa_Te_Nong": "Te Nong Commune",
  "Xa_Minh_Nghia": "Minh Nghia Commune",
  "Xa_Minh_Khoi": "Minh Khoi Commune",
  "Xa_Van_Hoa": "Van Hoa commune",
  "Xa_Truong_Trung": "Truong Trung commune",
  "Xa_Van_Thang": "Van Thang commune",
  "Xa_Truong_Giang": "Truong Giang commune",
  "Xa_Van_Thien": "Van Thien commune",
  "Xa_Thang_Long": "Thang Long commune",
  "Xa_Truong_Minh": "Truong Minh commune",
  "Xa_Truong_Son": "Truong Son commune",
  "Xa_Thang_Binh": "Thang Binh commune",
  "Xa_Cong_Liem": "Cong Liem commune",
  "Xa_Tuong_Van": "Tuong Van commune",
  "Xa_Thang_Tho": "Thang Tho commune",
  "Xa_Tuong_Linh": "Tuong Linh commune",
  "Xa_Tuong_Son": "Tuong Son commune",
  "Xa_Cong_Chinh": "Cong Chinh Commune",
  "Xa_Yen_My": "Yen My commune",
  "Huyen_Dong_Son": "Dong Son district",
  "Thi_tran_Rung_Thong": "Pine Forest Town",
  "Xa_Dong_Hoang": "Dong Hoang commune",
  "Xa_Dong_Ninh": "Dong Ninh commune",
  "Xa_Dong_Hoa": "Dong Hoa commune",
  "Xa_Dong_Yen": "Dong Yen commune",
  "Xa_Dong_Minh": "Dong Minh commune",
  "Xa_Dong_Thanh": "Dong Thanh commune",
  "Xa_Dong_Khe": "Dong Khe commune",
  "Xa_Dong_Van": "Dong Van commune",
  "Xa_Dong_Phu": "Dong Phu commune",
  "Xa_Dong_Nam": "Dong Nam Commune",
  "Xa_Dong_Quang": "Dong Quang commune",
  "Huyen_Quang_Xuong": "Quang Xuong District",
  "Thi_tran_Tan_Phong": "Tan Phong town",
  "Xa_Quang_Trach": "Quang Trach commune",
  "Xa_Quang_Duc": "Quang Duc commune",
  "Xa_Quang_Dinh": "Quang Dinh commune",
  "Xa_Quang_Nhan": "Quang Nhan commune",
  "Xa_Quang_Ninh": "Quang Ninh commune",
  "Xa_Quang_Binh": "Quang Binh commune",
  "Xa_Quang_Hop": "Quang Hop commune",
  "Xa_Quang_Van": "Quang Van commune",
  "Xa_Quang_Long": "Quang Long commune",
  "Xa_Quang_Yen": "Quang Yen commune",
  "Xa_Quang_Hoa": "Quang Hoa commune",
  "Xa_Quang_Khe": "Quang Khe commune",
  "Xa_Quang_Chinh": "Quang Chinh Commune",
  "Xa_Quang_Ngoc": "Quang Ngoc commune",
  "Xa_Quang_Truong": "Quang Truong Commune",
  "Xa_Quang_Phuc": "Quang Phuc commune",
  "Xa_Quang_Giao": "Quang Giao Commune",
  "Xa_Quang_Hai": "Quang Hai commune",
  "Xa_Quang_Luu": "Quang Luu Commune",
  "Xa_Tien_Trang": "Tien Trang commune",
  "Xa_Quang_Nham": "Quang Nham commune",
  "Xa_Quang_Thach": "Quang Thach commune",
  "Xa_Quang_Thai": "Quang Thai commune",
  "Thi_xa_Nghi_Son": "Nghi Son town",
  "Phuong_Hai_Hoa": "Hai Hoa Ward",
  "Phuong_Hai_Chau": "Hai Chau Ward",
  "Xa_Thanh_Thuy": "Thanh Thuy commune",
  "Phuong_Hai_Ninh": "Hai Ninh Ward",
  "Xa_Anh_Son": "Anh Son commune",
  "Xa_Ngoc_Linh": "Ngoc Linh commune",
  "Phuong_Hai_An": "Hai An Ward",
  "Xa_Cac_Son": "Cac Son commune",
  "Phuong_Tan_Dan": "Tan Dan Ward",
  "Phuong_Hai_Linh": "Hai Linh Ward",
  "Phuong_Ninh_Hai": "Ninh Hai Ward",
  "Phuong_Nguyen_Binh": "Nguyen Binh Ward",
  "Xa_Hai_Nhan": "Hai Nhan commune",
  "Phuong_Binh_Minh": "Binh Minh Ward",
  "Phuong_Hai_Thanh": "Hai Thanh Ward",
  "Xa_Phu_Lam": "Phu Lam commune",
  "Phuong_Xuan_Lam": "Xuan Lam Ward",
  "Phuong_Truc_Lam": "Truc Lam Ward",
  "Phuong_Hai_Binh": "Hai Binh Ward",
  "Xa_Tan_Truong": "Tan Truong commune",
  "Xa_Tung_Lam": "Tung Lam commune",
  "Phuong_Tinh_Hai": "Tinh Hai Ward",
  "Phuong_Mai_Lam": "Mai Lam Ward",
  "Xa_Truong_Lam": "Truong Lam commune",
  "Xa_Hai_Yen": "Hai Yen commune",
  "Phuong_Hai_Thuong": "Hai Thuong Ward",
  "Xa_Hai_Ha": "Hai Ha commune"
}