{
  "Ba_Ria_-_Vung_Tau": "Bà Rịa - Vũng Tàu",
  "Thanh_pho_Vung_Tau": "Thành phố Vũng Tàu",
  "Phuong_1": "Phường 1",
  "Phuong_Thang_Tam": "Phường Thắng Tam",
  "Phuong_2": "Phường 2",
  "Phuong_3": "Phường 3",
  "Phuong_4": "Phường 4",
  "Phuong_5": "Phường 5",
  "Phuong_Thang_Nhi": "Phường Thắng Nhì",
  "Phuong_7": "Phường 7",
  "Phuong_Nguyen_An_Ninh": "Phường Nguyễn An Ninh",
  "Phuong_8": "Phường 8",
  "Phuong_9": "Phường 9",
  "Phuong_Thang_Nhat": "Phường Thắng Nhất",
  "Phuong_Rach_Dua": "Phường Rạch Dừa",
  "Phuong_10": "Phường 10",
  "Phuong_11": "Phường 11",
  "Phuong_12": "Phường 12",
  "Xa_Long_Son": "Xã Long Sơn",
  "Thanh_pho_Ba_Ria": "Thành phố Bà Rịa",
  "Phuong_Phuoc_Hung": "Phường Phước Hưng",
  "Phuong_Phuoc_Hiep": "Phường Phước Hiệp",
  "Phuong_Phuoc_Nguyen": "Phường Phước Nguyên",
  "Phuong_Long_Toan": "Phường Long Toàn",
  "Phuong_Long_Tam": "Phường Long Tâm",
  "Phuong_Phuoc_Trung": "Phường Phước Trung",
  "Phuong_Long_Huong": "Phường Long Hương",
  "Phuong_Kim_Dinh": "Phường Kim Dinh",
  "Xa_Tan_Hung": "Xã Tân Hưng",
  "Xa_Long_Phuoc": "Xã Long Phước",
  "Xa_Hoa_Long": "Xã Hoà Long",
  "Huyen_Chau_Duc": "Huyện Châu Đức",
  "Xa_Bau_Chinh": "Xã Bàu Chinh",
  "Thi_tran_Ngai_Giao": "Thị trấn Ngãi Giao",
  "Xa_Binh_Ba": "Xã Bình Ba",
  "Xa_Suoi_Nghe": "Xã Suối Nghệ",
  "Xa_Xuan_Son": "Xã Xuân Sơn",
  "Xa_Son_Binh": "Xã Sơn Bình",
  "Xa_Binh_Gia": "Xã Bình Giã",
  "Xa_Binh_Trung": "Xã Bình Trung",
  "Xa_Xa_Bang": "Xã Xà Bang",
  "Xa_Cu_Bi": "Xã Cù Bị",
  "Xa_Lang_Lon": "Xã Láng Lớn",
  "Xa_Quang_Thanh": "Xã Quảng Thành",
  "Xa_Kim_Long": "Xã Kim Long",
  "Xa_Suoi_Rao": "Xã Suối Rao",
  "Xa_Da_Bac": "Xã Đá Bạc",
  "Xa_Nghia_Thanh": "Xã Nghĩa Thành",
  "Huyen_Xuyen_Moc": "Huyện Xuyên Mộc",
  "Thi_tran_Phuoc_Buu": "Thị trấn Phước Bửu",
  "Xa_Phuoc_Thuan": "Xã Phước Thuận",
  "Xa_Phuoc_Tan": "Xã Phước Tân",
  "Xa_Bong_Trang": "Xã Bông Trang",
  "Xa_Tan_Lam": "Xã Tân Lâm",
  "Xa_Bau_Lam": "Xã Bàu Lâm",
  "Xa_Hoa_Binh": "Xã Hòa Bình",
  "Xa_Hoa_Hung": "Xã Hòa Hưng",
  "Xa_Hoa_Hiep": "Xã Hòa Hiệp",
  "Xa_Hoa_Hoi": "Xã Hòa Hội",
  "Xa_Bung_Rieng": "Xã Bưng Riềng",
  "Xa_Binh_Chau": "Xã Bình Châu",
  "Huyen_Long_Dien": "Huyện Long Điền",
  "Thi_tran_Long_Hai": "Thị trấn Long Hải",
  "Xa_An_Ngai": "Xã An Ngãi",
  "Xa_Tam_Phuoc": "Xã Tam Phước",
  "Xa_An_Nhut": "Xã An Nhứt",
  "Xa_Phuoc_Tinh": "Xã Phước Tỉnh",
  "Xa_Phuoc_Hung": "Xã Phước Hưng",
  "Huyen_Dat_Do": "Huyện Đất Đỏ",
  "Xa_Phuoc_Long_Tho": "Xã Phước Long Thọ",
  "Xa_Phuoc_Hoi": "Xã Phước Hội",
  "Xa_Long_My": "Xã Long Mỹ",
  "Thi_tran_Phuoc_Hai": "Thị trấn Phước Hải",
  "Xa_Long_Tan": "Xã Long Tân",
  "Xa_Lang_Dai": "Xã Láng Dài",
  "Xa_Loc_An": "Xã Lộc An",
  "Thi_xa_Phu_My": "Thị xã Phú Mỹ",
  "Xa_Tan_Hoa": "Xã Tân Hoà",
  "Xa_Tan_Hai": "Xã Tân Hải",
  "Phuong_Phuoc_Hoa": "Phường Phước Hoà",
  "Phuong_Tan_Phuoc": "Phường Tân Phước",
  "Phuong_My_Xuan": "Phường Mỹ Xuân",
  "Xa_Song_Xoai": "Xã Sông Xoài",
  "Phuong_Hac_Dich": "Phường Hắc Dịch",
  "Xa_Chau_Pha": "Xã Châu Pha",
  "Xa_Toc_Tien": "Xã Tóc Tiên",
  "Huyen_Con_Dao": "Huyện Côn Đảo"
}