{
  "Ha_Noi": "Hà Nội",
  "Quan_Ba_Dinh": "Quận Ba Đình",
  "Phuong_Phuc_Xa": "Phường Phúc Xá",
  "Phuong_Truc_Bach": "Phường Trúc Bạch",
  "Phuong_Vinh_Phuc": "Phường Vĩnh Phúc",
  "Phuong_Cong_Vi": "Phường Cống Vị",
  "Phuong_Lieu_Giai": "Phường Liễu Giai",
  "Phuong_Nguyen_Trung_Truc": "Phường Nguyễn Trung Trực",
  "Phuong_Quan_Thanh": "Phường Quán Thánh",
  "Phuong_Ngoc_Ha": "Phường Ngọc Hà",
  "Phuong_Dien_Bien": "Phường Điện Biên",
  "Phuong_Doi_Can": "Phường Đội Cấn",
  "Phuong_Ngoc_Khanh": "Phường Ngọc Khánh",
  "Phuong_Kim_Ma": "Phường Kim Mã",
  "Phuong_Giang_Vo": "Phường Giảng Võ",
  "Phuong_Thanh_Cong": "Phường Thành Công",
  "Quan_Hoan_Kiem": "Quận Hoàn Kiếm",
  "Phuong_Phuc_Tan": "Phường Phúc Tân",
  "Phuong_Dong_Xuan": "Phường Đồng Xuân",
  "Phuong_Hang_Ma": "Phường Hàng Mã",
  "Phuong_Hang_Buom": "Phường Hàng Buồm",
  "Phuong_Hang_Dao": "Phường Hàng Đào",
  "Phuong_Hang_Bo": "Phường Hàng Bồ",
  "Phuong_Cua_Dong": "Phường Cửa Đông",
  "Phuong_Ly_Thai_To": "Phường Lý Thái Tổ",
  "Phuong_Hang_Bac": "Phường Hàng Bạc",
  "Phuong_Hang_Gai": "Phường Hàng Gai",
  "Phuong_Chuong_Duong": "Phường Chương Dương",
  "Phuong_Hang_Trong": "Phường Hàng Trống",
  "Phuong_Cua_Nam": "Phường Cửa Nam",
  "Phuong_Hang_Bong": "Phường Hàng Bông",
  "Phuong_Trang_Tien": "Phường Tràng Tiền",
  "Phuong_Tran_Hung_Dao": "Phường Trần Hưng Đạo",
  "Phuong_Phan_Chu_Trinh": "Phường Phan Chu Trinh",
  "Phuong_Hang_Bai": "Phường Hàng Bài",
  "Quan_Tay_Ho": "Quận Tây Hồ",
  "Phuong_Phu_Thuong": "Phường Phú Thượng",
  "Phuong_Nhat_Tan": "Phường Nhật Tân",
  "Phuong_Tu_Lien": "Phường Tứ Liên",
  "Phuong_Quang_An": "Phường Quảng An",
  "Phuong_Xuan_La": "Phường Xuân La",
  "Phuong_Yen_Phu": "Phường Yên Phụ",
  "Phuong_Buoi": "Phường Bưởi",
  "Phuong_Thuy_Khue": "Phường Thụy Khuê",
  "Quan_Long_Bien": "Quận Long Biên",
  "Phuong_Thuong_Thanh": "Phường Thượng Thanh",
  "Phuong_Ngoc_Thuy": "Phường Ngọc Thụy",
  "Phuong_Giang_Bien": "Phường Giang Biên",
  "Phuong_Duc_Giang": "Phường Đức Giang",
  "Phuong_Viet_Hung": "Phường Việt Hưng",
  "Phuong_Gia_Thuy": "Phường Gia Thụy",
  "Phuong_Ngoc_Lam": "Phường Ngọc Lâm",
  "Phuong_Phuc_Loi": "Phường Phúc Lợi",
  "Phuong_Bo_De": "Phường Bồ Đề",
  "Phuong_Sai_Dong": "Phường Sài Đồng",
  "Phuong_Thach_Ban": "Phường Thạch Bàn",
  "Phuong_Phuc_Dong": "Phường Phúc Đồng",
  "Phuong_Cu_Khoi": "Phường Cự Khối",
  "Quan_Cau_Giay": "Quận Cầu Giấy",
  "Phuong_Dich_Vong": "Phường Dịch Vọng",
  "Phuong_Dich_Vong_Hau": "Phường Dịch Vọng Hậu",
  "Phuong_Mai_Dich": "Phường Mai Dịch",
  "Phuong_Nghia_Do": "Phường Nghĩa Đô",
  "Phuong_Nghia_Tan": "Phường Nghĩa Tân",
  "Phuong_Quan_Hoa": "Phường Quan Hoa",
  "Phuong_Trung_Hoa": "Phường Trung Hoà",
  "Phuong_Yen_Hoa": "Phường Yên Hoà",
  "Quan_Dong_Da": "Quận Đống Đa",
  "Phuong_Cat_Linh": "Phường Cát Linh",
  "Phuong_Hang_Bot": "Phường Hàng Bột",
  "Phuong_Kham_Thien": "Phường Khâm Thiên",
  "Phuong_Khuong_Thuong": "Phường Khương Thượng",
  "Phuong_Kim_Lien": "Phường Kim Liên",
  "Phuong_Lang_Ha": "Phường Láng Hạ",
  "Phuong_Lang_Thuong": "Phường Láng Thượng",
  "Phuong_Nam_Dong": "Phường Nam Đồng",
  "Phuong_Nga_Tu_So": "Phường Ngã Tư Sở",
  "Phuong_O_Cho_Dua": "Phường Ô Chợ Dừa",
  "Phuong_Phuong_Lien": "Phường Phương Liên",
  "Phuong_Phuong_Mai": "Phường Phương Mai",
  "Phuong_Quang_Trung": "Phường Quang Trung",
  "Phuong_Quoc_Tu_Giam": "Phường Quốc Tử Giám",
  "Phuong_Thinh_Quang": "Phường Thịnh Quang",
  "Phuong_Tho_Quan": "Phường Thổ Quan",
  "Phuong_Trung_Liet": "Phường Trung Liệt",
  "Phuong_Trung_Phung": "Phường Trung Phụng",
  "Phuong_Trung_Tu": "Phường Trung Tự",
  "Phuong_Van_Chuong": "Phường Văn Chương",
  "Phuong_Van_Mieu": "Phường Văn Miếu",
  "Quan_Hai_Ba_Trung": "Quận Hai Bà Trưng",
  "Phuong_Bach_Dang": "Phường Bạch Đằng",
  "Phuong_Bach_Khoa": "Phường Bách Khoa",
  "Phuong_Bach_Mai": "Phường Bạch Mai",
  "Phuong_Cau_Den": "Phường Cầu Dền",
  "Phuong_Dong_Mac": "Phường Đống Mác",
  "Phuong_Dong_Nhan": "Phường Đồng Nhân",
  "Phuong_Dong_Tam": "Phường Đồng Tâm",
  "Phuong_Le_Dai_Hanh": "Phường Lê Đại Hành",
  "Phuong_Minh_Khai": "Phường Minh Khai",
  "Phuong_Nguyen_Du": "Phường Nguyễn Du",
  "Phuong_Pham_Dinh_Ho": "Phường Phạm Đình Hổ",
  "Phuong_Pho_Hue": "Phường Phố Huế",
  "Phuong_Quynh_Loi": "Phường Quỳnh Lôi",
  "Phuong_Quynh_Mai": "Phường Quỳnh Mai",
  "Phuong_Thanh_Luong": "Phường Thanh Lương",
  "Phuong_Thanh_Nhan": "Phường Thanh Nhàn",
  "Phuong_Truong_Dinh": "Phường Trương Định",
  "Phuong_Vinh_Tuy": "Phường Vĩnh Tuy",
  "Quan_Hoang_Mai": "Quận Hoàng Mai",
  "Phuong_Dai_Kim": "Phường Đại Kim",
  "Phuong_Dinh_Cong": "Phường Định Công",
  "Phuong_Giap_Bat": "Phường Giáp Bát",
  "Phuong_Hoang_Liet": "Phường Hoàng Liệt",
  "Phuong_Hoang_Van_Thu": "Phường Hoàng Văn Thụ",
  "Phuong_Linh_Nam": "Phường Lĩnh Nam",
  "Phuong_Mai_Dong": "Phường Mai Động",
  "Phuong_Tan_Mai": "Phường Tân Mai",
  "Phuong_Thanh_Tri": "Phường Thanh Trì",
  "Phuong_Thinh_Liet": "Phường Thịnh Liệt",
  "Phuong_Tran_Phu": "Phường Trần Phú",
  "Phuong_Tuong_Mai": "Phường Tương Mai",
  "Phuong_Vinh_Hung": "Phường Vĩnh Hưng",
  "Phuong_Yen_So": "Phường Yên Sở",
  "Quan_Thanh_Xuan": "Quận Thanh Xuân",
  "Phuong_Ha_Dinh": "Phường Hạ Đình",
  "Phuong_Khuong_Dinh": "Phường Khương Đình",
  "Phuong_Khuong_Mai": "Phường Khương Mai",
  "Phuong_Khuong_Trung": "Phường Khương Trung",
  "Phuong_Kim_Giang": "Phường Kim Giang",
  "Phuong_Nhan_Chinh": "Phường Nhân Chính",
  "Phuong_Phuong_Liet": "Phường Phương Liệt",
  "Phuong_Thanh_Xuan_Bac": "Phường Thanh Xuân Bắc",
  "Phuong_Thanh_Xuan_Nam": "Phường Thanh Xuân Nam",
  "Phuong_Thanh_Xuan_Trung": "Phường Thanh Xuân Trung",
  "Phuong_Thuong_Dinh": "Phường Thượng Đình",
  "Huyen_Soc_Son": "Huyện Sóc Sơn",
  "Xa_Bac_Phu": "Xã Bắc Phú",
  "Xa_Bac_Son": "Xã Bắc Sơn",
  "Xa_Dong_Xuan": "Xã Đông Xuân",
  "Xa_Duc_Hoa": "Xã Đức Hoà",
  "Xa_Hien_Ninh": "Xã Hiền Ninh",
  "Xa_Hong_Ky": "Xã Hồng Kỳ",
  "Xa_Kim_Lu": "Xã Kim Lũ",
  "Xa_Mai_Dinh": "Xã Mai Đình",
  "Xa_Minh_Phu": "Xã Minh Phú",
  "Xa_Minh_Tri": "Xã Minh Trí",
  "Xa_Nam_Son": "Xã Nam Sơn",
  "Xa_Phu_Cuong": "Xã Phú Cường",
  "Xa_Phu_Linh": "Xã Phù Linh",
  "Xa_Phu_Lo": "Xã Phù Lỗ",
  "Xa_Phu_Minh": "Xã Phú Minh",
  "Xa_Quang_Tien": "Xã Quang Tiến",
  "Xa_Tan_Dan": "Xã Tân Dân",
  "Xa_Tan_Hung": "Xã Tân Hưng",
  "Xa_Tan_Minh": "Xã Tân Minh",
  "Xa_Thanh_Xuan": "Xã Thanh Xuân",
  "Xa_Tien_Duoc": "Xã Tiên Dược",
  "Xa_Trung_Gia": "Xã Trung Giã",
  "Xa_Viet_Long": "Xã Việt Long",
  "Xa_Xuan_Giang": "Xã Xuân Giang",
  "Xa_Xuan_Thu": "Xã Xuân Thu",
  "Huyen_Dong_Anh": "Huyện Đông Anh",
  "Xa_Xuan_Non": "Xã Xuân Nộn",
  "Xa_Thuy_Lam": "Xã Thuỵ Lâm",
  "Xa_Bac_Hong": "Xã Bắc Hồng",
  "Xa_Nguyen_Khe": "Xã Nguyên Khê",
  "Xa_Nam_Hong": "Xã Nam Hồng",
  "Xa_Tien_Duong": "Xã Tiên Dương",
  "Xa_Van_Ha": "Xã Vân Hà",
  "Xa_Uy_No": "Xã Uy Nỗ",
  "Xa_Van_Noi": "Xã Vân Nội",
  "Xa_Lien_Ha": "Xã Liên Hà",
  "Xa_Viet_Hung": "Xã Việt Hùng",
  "Xa_Kim_No": "Xã Kim Nỗ",
  "Xa_Kim_Chung": "Xã Kim Chung",
  "Xa_Duc_Tu": "Xã Dục Tú",
  "Xa_Dai_Mach": "Xã Đại Mạch",
  "Xa_Vinh_Ngoc": "Xã Vĩnh Ngọc",
  "Xa_Co_Loa": "Xã Cổ Loa",
  "Xa_Hai_Boi": "Xã Hải Bối",
  "Xa_Xuan_Canh": "Xã Xuân Canh",
  "Xa_Vong_La": "Xã Võng La",
  "Xa_Tam_Xa": "Xã Tàm Xá",
  "Xa_Mai_Lam": "Xã Mai Lâm",
  "Xa_Dong_Hoi": "Xã Đông Hội",
  "Huyen_Gia_Lam": "Huyện Gia Lâm",
  "Thi_tran_Yen_Vien": "Thị trấn Yên Viên",
  "Xa_Yen_Thuong": "Xã Yên Thường",
  "Xa_Ninh_Hiep": "Xã Ninh Hiệp",
  "Xa_Dinh_Xuyen": "Xã Đình Xuyên",
  "Xa_Duong_Ha": "Xã Dương Hà",
  "Xa_Phu_Dong": "Xã Phú Đông",
  "Xa_Trung_Mau": "Xã Trung Mầu",
  "Xa_Le_Chi": "Xã Lệ Chi",
  "Xa_Co_Bi": "Xã Cổ Bi",
  "Xa_Dang_Xa": "Xã Đặng Xá",
  "Xa_Phu_Thi": "Xã Phú Thị",
  "Xa_Kim_Son": "Xã Kim Sơn",
  "Thi_tran_Trau_Quy": "Thị trấn Trâu Quỳ",
  "Xa_Duong_Quang": "Xã Dương Quang",
  "Xa_Duong_Xa": "Xã Dương Xá",
  "Xa_Dong_Du": "Xã Đông Dư",
  "Xa_Da_Ton": "Xã Đa Tốn",
  "Xa_Kieu_Ky": "Xã Kiêu Kỵ",
  "Xa_Bat_Trang": "Xã Bát Tràng",
  "Xa_Kim_Lan": "Xã Kim Lan",
  "Xa_Van_Duc": "Xã Văn Đức",
  "Quan_Ha_Dong": "Quận Hà Đông",
  "Phuong_Bien_Giang": "Phường Biên Giang",
  "Phuong_Dong_Mai": "Phường Đồng Mai",
  "Phuong_Duong_Noi": "Phường Dương Nội",
  "Phuong_Ha_Cau": "Phường Hà Cầu",
  "Phuong_Kien_Hung": "Phường Kiến Hưng",
  "Phuong_La_Khe": "Phường La Khê",
  "Phuong_Mo_Lao": "Phường Mộ Lao",
  "Phuong_Nguyen_Trai": "Phường Nguyễn Trãi",
  "Phuong_Phu_La": "Phường Phú La",
  "Phuong_Phu_Lam": "Phường Phú Lãm",
  "Phuong_Phu_Luong": "Phường Phú Lương",
  "Phuong_Phuc_La": "Phường Phúc La",
  "Phuong_Van_Phuc": "Phường Vạn Phúc",
  "Phuong_Van_Quan": "Phường Văn Quán",
  "Phuong_Yen_Nghia": "Phường Yên Nghĩa",
  "Phuong_Yet_Kieu": "Phường Yết Kiêu",
  "Thi_xa_Son_Tay": "Thị xã Sơn Tây",
  "Phuong_Le_Loi": "Phường Lê Lợi",
  "Phuong_Phu_Thinh": "Phường Phú Thịnh",
  "Phuong_Ngo_Quyen": "Phường Ngô Quyền",
  "Phuong_Son_Loc": "Phường Sơn Lộc",
  "Phuong_Xuan_Khanh": "Phường Xuân Khanh",
  "Xa_Duong_Lam": "Xã Đường Lâm",
  "Phuong_Vien_Son": "Phường Viên Sơn",
  "Xa_Xuan_Son": "Xã Xuân Sơn",
  "Phuong_Trung_Hung": "Phường Trung Hưng",
  "Xa_Thanh_My": "Xã Thanh Mỹ",
  "Phuong_Trung_Son_Tram": "Phường Trung Sơn Trầm",
  "Xa_Son_Dong": "Xã Sơn Đồng",
  "Xa_Co_Dong": "Xã Cổ Đông",
  "Huyen_Ba_Vi": "Huyện Ba Vì",
  "Thi_tran_Tay_Dang": "Thị trấn Tây Đằng",
  "Xa_Co_Do": "Xã Cổ Đô",
  "Xa_Tan_Hong": "Xã Tản Hồng",
  "Xa_Van_Thang": "Xã Vạn Thắng",
  "Xa_Chau_Son": "Xã Châu Sơn",
  "Xa_Phong_Van": "Xã Phong Vân",
  "Xa_Phu_Phuong": "Xã Phú Phương",
  "Xa_Phu_Chau": "Xã Phú Châu",
  "Xa_Thai_Hoa": "Xã Thái Hòa",
  "Xa_Dong_Thai": "Xã Đồng Thái",
  "Xa_Phu_Son": "Xã Phú Sơn",
  "Xa_Minh_Chau": "Xã Minh Châu",
  "Xa_Vat_Lai": "Xã Vật Lại",
  "Xa_Chu_Minh": "Xã Chu Minh",
  "Xa_Tong_Bat": "Xã Tòng Bạt",
  "Xa_Cam_Linh": "Xã Cẩm Lĩnh",
  "Xa_Son_Da": "Xã Sơn Đà",
  "Xa_Dong_Quang": "Xã Đồng Quang",
  "Xa_Tien_Phong": "Xã Tiền Phong",
  "Xa_Thuy_An": "Xã Thụy An",
  "Xa_Cam_Thuong": "Xã Cam Thượng",
  "Xa_Thuan_My": "Xã Thuần Mỹ",
  "Xa_Tan_Linh": "Xã Tản Lĩnh",
  "Xa_Ba_Trai": "Xã Ba Trại",
  "Xa_Minh_Quang": "Xã Minh Quang",
  "Xa_Van_Hoa": "Xã Vân Hòa",
  "Xa_Yen_Bai": "Xã Yên Bài",
  "Xa_Khanh_Thuong": "Xã Khánh Thượng",
  "Huyen_Phuc_Tho": "Huyện Phúc Thọ",
  "Xa_Hat_Mon": "Xã Hát Môn",
  "Xa_Hiep_Thuan": "Xã Hiệp Thuận",
  "Xa_Lien_Hiep": "Xã Liên Hiệp",
  "Xa_Long_Xuyen": "Xã Long Xuyên",
  "Xa_Ngoc_Tao": "Xã Ngọc Tảo",
  "Xa_Phuc_Hoa": "Xã Phúc Hòa",
  "Xa_Phung_Thuong": "Xã Phụng Thượng",
  "Xa_Sen_Phuong": "Xã Sen Phương",
  "Xa_Tam_Hiep": "Xã Tam Hiệp",
  "Xa_Tam_Thuan": "Xã Tam Thuấn",
  "Xa_Thanh_Da": "Xã Thanh Đa",
  "Xa_Tho_Loc": "Xã Thọ Lộc",
  "Xa_Thuong_Coc": "Xã Thượng Cốc",
  "Xa_Tich_Giang": "Xã Tích Giang",
  "Xa_Trach_My_Loc": "Xã Trạch Mỹ Lộc",
  "Xa_Van_Nam": "Xã Vân Nam",
  "Xa_Van_Phuc": "Xã Vạn Phúc",
  "Xa_Vong_Xuyen": "Xã Võng Xuyên",
  "Xa_Xuan_Dinh": "Xã Xuân Đình",
  "Huyen_Dan_Phuong": "Huyện Đan Phượng",
  "Thi_tran_Phung": "Thị trấn Phùng",
  "Xa_Trung_Chau": "Xã Trung Châu",
  "Xa_Tho_An": "Xã Thọ An",
  "Xa_Tho_Xuan": "Xã Thọ Xuân",
  "Xa_Hong_Ha": "Xã Hồng Hà",
  "Xa_Lien_Hong": "Xã Liên Hồng",
  "Xa_Ha_Mo": "Xã Hạ Mỗ",
  "Xa_Lien_Trung": "Xã Liên Trung",
  "Xa_Phuong_Dinh": "Xã Phương Đình",
  "Xa_Thuong_Mo": "Xã Thượng Mỗ",
  "Xa_Tan_Hoi": "Xã Tân Hội",
  "Xa_Tan_Lap": "Xã Tân Lập",
  "Xa_Dan_Phuong": "Xã Đan Phượng",
  "Xa_Dong_Thap": "Xã Đồng Tháp",
  "Xa_Song_Phuong": "Xã Song Phương",
  "Huyen_Hoai_Duc": "Huyện Hoài Đức",
  "Thi_tran_Tram_Troi": "Thị trấn Trạm Trôi",
  "Xa_An_Khanh": "Xã An Khánh",
  "Xa_An_Thuong": "Xã An Thượng",
  "Xa_Cat_Que": "Xã Cát Quế",
  "Xa_Dac_So": "Xã Đắc Sở",
  "Xa_Di_Trach": "Xã Di Trạch",
  "Xa_Dong_La": "Xã Đông La",
  "Xa_Duc_Giang": "Xã Đức Giang",
  "Xa_Duc_Thuong": "Xã Đức Thượng",
  "Xa_Duong_Lieu": "Xã Dương Liễu",
  "Xa_La_Phu": "Xã La Phù",
  "Xa_Lai_Yen": "Xã Lại Yên",
  "Xa_Minh_Khai": "Xã Minh Khai",
  "Xa_Tien_Yen": "Xã Tiền Yên",
  "Xa_Van_Canh": "Xã Vân Canh",
  "Xa_Van_Con": "Xã Vân Côn",
  "Xa_Yen_So": "Xã Yên Sở",
  "Huyen_Quoc_Oai": "Huyện Quốc Oai",
  "Xa_Can_Huu": "Xã Cấn Hữu",
  "Xa_Cong_Hoa": "Xã Cộng Hòa",
  "Xa_Dai_Thanh": "Xã Đại Thành",
  "Xa_Dong_Yen": "Xã Đông Yên",
  "Xa_Hoa_Thach": "Xã Hòa Thạch",
  "Xa_Liep_Tuyet": "Xã Liệp Tuyết",
  "Xa_Nghia_Huong": "Xã Nghĩa Hương",
  "Xa_Ngoc_Liep": "Xã Ngọc Liệp",
  "Xa_Ngoc_My": "Xã Ngọc Mỹ",
  "Xa_Phu_Cat": "Xã Phú Cát",
  "Xa_Phu_Man": "Xã Phú Mãn",
  "Xa_Phuong_Cach": "Xã Phượng Cách",
  "Xa_Sai_Son": "Xã Sài Sơn",
  "Xa_Tan_Hoa": "Xã Tân Hòa",
  "Xa_Tan_Phu": "Xã Tân Phú",
  "Xa_Thach_Than": "Xã Thạch Thán",
  "Xa_Tuyet_Nghia": "Xã Tuyết Nghĩa",
  "Xa_Yen_Son": "Xã Yên Sơn",
  "Huyen_Thach_That": "Huyện Thạch Thất",
  "Thi_tran_Lien_Quan": "Thị trấn Liên Quan",
  "Xa_Binh_Phu": "Xã Bình Phú",
  "Xa_Binh_Yen": "Xã Bình Yên",
  "Xa_Cam_Yen": "Xã Cẩm Yên",
  "Xa_Can_Kiem": "Xã Cần Kiệm",
  "Xa_Canh_Nau": "Xã Canh Nậu",
  "Xa_Chang_Son": "Xã Chàng Sơn",
  "Xa_Dai_Dong": "Xã Đại Đồng",
  "Xa_Di_Nau": "Xã Dị Nậu",
  "Xa_Dong_Truc": "Xã Đồng Trúc",
  "Xa_Ha_Bang": "Xã Hạ Bằng",
  "Xa_Huong_Ngai": "Xã Hương Ngải",
  "Xa_Huu_Bang": "Xã Hữu Bằng",
  "Xa_Kim_Quan": "Xã Kim Quan",
  "Xa_Lai_Thuong": "Xã Lại Thượng",
  "Xa_Phu_Kim": "Xã Phú Kim",
  "Xa_Phung_Xa": "Xã Phùng Xá",
  "Xa_Tan_Xa": "Xã Tân Xã",
  "Xa_Thach_Hoa": "Xã Thạch Hoà",
  "Xa_Thach_Xa": "Xã Thạch Xá",
  "Xa_Tien_Xuan": "Xã Tiến Xuân",
  "Xa_Yen_Binh": "Xã Yên Bình",
  "Xa_Yen_Trung": "Xã Yên Trung",
  "Huyen_Chuong_My": "Huyện Chương Mỹ",
  "Thi_tran_Chuc_Son": "Thị trấn Chúc Sơn",
  "Thi_tran_Xuan_Mai": "Thị trấn Xuân Mai",
  "Xa_Dai_Yen": "Xã Đại Yên",
  "Xa_Dong_Lac": "Xã Đồng Lạc",
  "Xa_Dong_Phu": "Xã Đồng Phú",
  "Xa_Dong_Phuong_Yen": "Xã Đông Phương Yên",
  "Xa_Dong_Son": "Xã Đông Sơn",
  "Xa_Hoa_Chinh": "Xã Hòa Chính",
  "Xa_Hoang_Dieu": "Xã Hoàng Diệu",
  "Xa_Hoang_Van_Thu": "Xã Hoàng Văn Thụ",
  "Xa_Hong_Phong": "Xã Hồng Phong",
  "Xa_Hop_Dong": "Xã Hợp Đồng",
  "Xa_Huu_Van": "Xã Hữu Văn",
  "Xa_Lam_Dien": "Xã Lam Điền",
  "Xa_My_Luong": "Xã Mỹ Lương",
  "Xa_Nam_Phuong_Tien": "Xã Nam Phương Tiến",
  "Xa_Ngoc_Hoa": "Xã Ngọc Hòa",
  "Xa_Phu_Nam_An": "Xã Phú Nam An",
  "Xa_Phu_Nghia": "Xã Phú Nghĩa",
  "Xa_Phung_Chau": "Xã Phụng Châu",
  "Xa_Quang_Bi": "Xã Quảng Bị",
  "Xa_Tan_Tien": "Xã Tân Tiến",
  "Xa_Thanh_Binh": "Xã Thanh Bình",
  "Xa_Thuong_Vuc": "Xã Thượng Vực",
  "Xa_Thuy_Huong": "Xã Thụy Hương",
  "Xa_Thuy_Xuan_Tien": "Xã Thủy Xuân Tiên",
  "Xa_Tien_Phuong": "Xã Tiên Phương",
  "Xa_Tot_Dong": "Xã Tốt Động",
  "Xa_Tran_Phu": "Xã Trần Phú",
  "Xa_Trung_Hoa": "Xã Trung Hòa",
  "Xa_Truong_Yen": "Xã Trường Yên",
  "Xa_Van_Vo": "Xã Văn Võ",
  "Huyen_Thanh_Oai": "Huyện Thanh Oai",
  "Thi_tran_Kim_Bai": "Thị trấn Kim Bài",
  "Xa_Bich_Hoa": "Xã Bích Hòa",
  "Xa_Binh_Minh": "Xã Bình Minh",
  "Xa_Cao_Duong": "Xã Cao Dương",
  "Xa_Cao_Vien": "Xã Cao Viên",
  "Xa_Cu_Khe": "Xã Cự Khê",
  "Xa_Dan_Hoa": "Xã Dân Hòa",
  "Xa_Do_Dong": "Xã Đỗ Động",
  "Xa_Hong_Duong": "Xã Hồng Dương",
  "Xa_Kim_An": "Xã Kim An",
  "Xa_Kim_Thu": "Xã Kim Thư",
  "Xa_Lien_Chau": "Xã Liên Châu",
  "Xa_My_Hung": "Xã Mỹ Hưng",
  "Xa_Phuong_Trung": "Xã Phương Trung",
  "Xa_Tam_Hung": "Xã Tam Hưng",
  "Xa_Tan_Uoc": "Xã Tân Ước",
  "Xa_Thanh_Cao": "Xã Thanh Cao",
  "Xa_Thanh_Mai": "Xã Thanh Mai",
  "Xa_Thanh_Thuy": "Xã Thanh Thùy",
  "Xa_Thanh_Van": "Xã Thanh Văn",
  "Xa_Xuan_Duong": "Xã Xuân Dương",
  "Huyen_Thuong_Tin": "Huyện Thường Tín",
  "Xa_Chuong_Duong": "Xã Chương Dương",
  "Xa_Dung_Tien": "Xã Dũng Tiến",
  "Xa_Duyen_Thai": "Xã Duyên Thái",
  "Xa_Ha_Hoi": "Xã Hà Hồi",
  "Xa_Hien_Giang": "Xã Hiền Giang",
  "Xa_Hoa_Binh": "Xã Hòa Bình",
  "Xa_Hong_Van": "Xã Hồng Vân",
  "Xa_Khanh_Ha": "Xã Khánh Hà",
  "Xa_Le_Loi": "Xã Lê Lợi",
  "Xa_Lien_Phuong": "Xã Liên Phương",
  "Xa_Minh_Cuong": "Xã Minh Cường",
  "Xa_Nghiem_Xuyen": "Xã Nghiêm Xuyên",
  "Xa_Nguyen_Trai": "Xã Nguyễn Trãi",
  "Xa_Nhi_Khe": "Xã Nhị Khê",
  "Xa_Quat_Dong": "Xã Quất Động",
  "Xa_Thang_Loi": "Xã Thắng Lợi",
  "Xa_Thong_Nhat": "Xã Thống Nhất",
  "Xa_Thu_Phu": "Xã Thư Phú",
  "Xa_To_Hieu": "Xã Tô Hiệu",
  "Xa_Tu_Nhien": "Xã Tự Nhiên",
  "Xa_Van_Binh": "Xã Văn Bình",
  "Xa_Van_Diem": "Xã Vạn Điểm",
  "Xa_Van_Phu": "Xã Văn Phú",
  "Xa_Van_Tao": "Xã Vân Tảo",
  "Xa_Van_Tu": "Xã Vân Từ",
  "Xa_Ninh_So": "Xã Ninh Sở",
  "Huyen_Phu_Xuyen": "Huyện Phú Xuyên",
  "Thi_tran_Phu_Minh": "Thị trấn Phú Minh",
  "Xa_Hong_Minh": "Xã Hồng Minh",
  "Xa_Phuong_Duc": "Xã Phượng Dực",
  "Xa_Nam_Tien": "Xã Nam Tiến",
  "Xa_Tri_Trung": "Xã Tri Trung",
  "Xa_Dai_Thang": "Xã Đại Thắng",
  "Xa_Phu_Tuc": "Xã Phú Túc",
  "Xa_Van_Hoang": "Xã Văn Hoàng",
  "Xa_Hong_Thai": "Xã Hồng Thái",
  "Xa_Hoang_Long": "Xã Hoàng Long",
  "Xa_Quang_Trung": "Xã Quang Trung",
  "Xa_Nam_Phong": "Xã Nam Phong",
  "Xa_Nam_Trieu": "Xã Nam Triều",
  "Xa_Son_Ha": "Xã Sơn Hà",
  "Xa_Chuyen_My": "Xã Chuyên Mỹ",
  "Xa_Khai_Thai": "Xã Khai Thái",
  "Xa_Phuc_Tien": "Xã Phúc Tiến",
  "Xa_Tri_Thuy": "Xã Tri Thủy",
  "Xa_Dai_Xuyen": "Xã Đại Xuyên",
  "Xa_Phu_Yen": "Xã Phú Yên",
  "Xa_Bach_Ha": "Xã Bạch Hạ",
  "Xa_Quang_Lang": "Xã Quang Lãng",
  "Xa_Chau_Can": "Xã Châu Can",
  "Xa_Minh_Tan": "Xã Minh Tân",
  "Huyen_Ung_Hoa": "Huyện Ứng Hòa",
  "Thi_tran_Van_Dinh": "Thị trấn Vân Đình",
  "Xa_Cao_Thanh": "Xã Cao Thành",
  "Xa_Dai_Cuong": "Xã Đại Cường",
  "Xa_Dai_Hung": "Xã Đại Hưng",
  "Xa_Doi_Binh": "Xã Đội Bình",
  "Xa_Dong_Lo": "Xã Đông Lỗ",
  "Xa_Dong_Tan": "Xã Đồng Tân",
  "Xa_Dong_Tien": "Xã Đồng Tiến",
  "Xa_Hoa_Lam": "Xã Hòa Lâm",
  "Xa_Hoa_Nam": "Xã Hòa Nam",
  "Xa_Hoa_Phu": "Xã Hòa Phú",
  "Xa_Hoa_Son": "Xã Hoa Sơn",
  "Xa_Hoa_Xa": "Xã Hòa Xá",
  "Xa_Hong_Quang": "Xã Hồng Quang",
  "Xa_Kim_Duong": "Xã Kim Đường",
  "Xa_Lien_Bat": "Xã Liên Bạt",
  "Xa_Luu_Hoang": "Xã Lưu Hoàng",
  "Xa_Minh_Duc": "Xã Minh Đức",
  "Xa_Phu_Luu": "Xã Phù Lưu",
  "Xa_Phuong_Tu": "Xã Phương Tú",
  "Xa_Quang_Phu_Cau": "Xã Quảng Phú Cầu",
  "Xa_Son_Cong": "Xã Sơn Công",
  "Xa_Tao_Duong_Van": "Xã Tảo Dương Văn",
  "Xa_Tram_Long": "Xã Trầm Lộng",
  "Xa_Trung_Tu": "Xã Trung Tú",
  "Xa_Truong_Thinh": "Xã Trường Thịnh",
  "Xa_Van_Thai": "Xã Vạn Thái",
  "Xa_Vien_An": "Xã Viên An",
  "Xa_Vien_Noi": "Xã Viên Nội",
  "Huyen_My_Duc": "Huyện Mỹ Đức",
  "Thi_tran_Dai_Nghia": "Thị trấn Đại Nghĩa",
  "Xa_An_My": "Xã An Mỹ",
  "Xa_An_Phu": "Xã An Phú",
  "Xa_An_Tien": "Xã An Tiến",
  "Xa_Bot_Xuyen": "Xã Bột Xuyên",
  "Xa_Doc_Tin": "Xã Đốc Tín",
  "Xa_Dong_Tam": "Xã Đồng Tâm",
  "Xa_Hong_Son": "Xã Hồng Sơn",
  "Xa_Hop_Thanh": "Xã Hợp Thanh",
  "Xa_Hop_Tien": "Xã Hợp Tiến",
  "Xa_Hung_Tien": "Xã Hùng Tiến",
  "Xa_Huong_Son": "Xã Hương Sơn",
  "Xa_Le_Thanh": "Xã Lê Thanh",
  "Xa_My_Thanh": "Xã Mỹ Thành",
  "Xa_Phu_Luu_Te": "Xã Phù Lưu Tế",
  "Xa_Phuc_Lam": "Xã Phúc Lâm",
  "Xa_Thuong_Lam": "Xã Thượng Lâm",
  "Xa_Tuy_Lai": "Xã Tuy Lai",
  "Xa_Van_Kim": "Xã Vạn Kim",
  "Xa_Xuy_Xa": "Xã Xuy Xá",
  "Quan_Nam_Tu_Liem": "Quận Nam Từ Liêm",
  "Phuong_Cau_Dien": "Phường Cầu Diễn",
  "Phuong_Dai_Mo": "Phường Đại Mỗ",
  "Phuong_Me_Tri": "Phường Mễ Trì",
  "Phuong_My_Dinh_1": "Phường Mỹ Đình 1",
  "Phuong_My_Dinh_2": "Phường Mỹ Đình 2",
  "Phuong_Phu_Do": "Phường Phú Đô",
  "Phuong_Phuong_Canh": "Phường Phương Canh",
  "Phuong_Tay_Mo": "Phường Tây Mỗ",
  "Phuong_Trung_Van": "Phường Trung Văn",
  "Phuong_Xuan_Phuong": "Phường Xuân Phương",
  "Huyen_Thanh_Tri": "Huyện Thanh Trì",
  "Thi_tran_Van_Dien": "Thị trấn Văn Điển",
  "Xa_Dai_ang": "Xã Đại áng",
  "Xa_Dong_My": "Xã Đông Mỹ",
  "Xa_Duyen_Ha": "Xã Duyên Hà",
  "Xa_Huu_Hoa": "Xã Hữu Hoà",
  "Xa_Lien_Ninh": "Xã Liên Ninh",
  "Xa_Ngoc_Hoi": "Xã Ngọc Hồi",
  "Xa_Ngu_Hiep": "Xã Ngũ Hiệp",
  "Xa_Ta_Thanh_Oai": "Xã Tả Thanh Oai",
  "Xa_Tan_Trieu": "Xã Tân Triều",
  "Xa_Thanh_Liet": "Xã Thanh Liệt",
  "Xa_Tu_Hiep": "Xã Tứ Hiệp",
  "Xa_Vinh_Quynh": "Xã Vĩnh Quỳnh",
  "Xa_Yen_My": "Xã Yên Mỹ",
  "Quan_Bac_Tu_Liem": "Quận Bắc Từ Liêm",
  "Phuong_Co_Nhue_1": "Phường Cổ Nhuế 1",
  "Phuong_Co_Nhue_2": "Phường Cổ Nhuế 2",
  "Phuong_Dong_Ngac": "Phường Đông Ngạc",
  "Phuong_Duc_Thang": "Phường Đức Thắng",
  "Phuong_Lien_Mac": "Phường Liên Mạc",
  "Phuong_Phu_Dien": "Phường Phú Diễn",
  "Phuong_Phuc_Dien": "Phường Phúc Diễn",
  "Phuong_Tay_Tuu": "Phường Tây Tựu",
  "Phuong_Thuong_Cat": "Phường Thượng Cát",
  "Phuong_Thuy_Phuong": "Phường Thụy Phương",
  "Phuong_Xuan_Dinh": "Phường Xuân Đỉnh",
  "Phuong_Xuan_Tao": "Phường Xuân Tảo",
  "Huyen_Me_Linh": "Huyện Mê Linh",
  "Thi_tran_Chi_Dong": "Thị trấn Chi Đông",
  "Thi_tran_Quang_Minh": "Thị trấn Quang Minh",
  "Xa_Chu_Phan": "Xã Chu Phan",
  "Xa_Dai_Thinh": "Xã Đại Thịnh",
  "Xa_Hoang_Kim": "Xã Hoàng Kim",
  "Xa_Kim_Hoa": "Xã Kim Hoa",
  "Xa_Lien_Mac": "Xã Liên Mạc",
  "Xa_Tam_Dong": "Xã Tam Đồng",
  "Xa_Thach_Da": "Xã Thạch Đà",
  "Xa_Thanh_Lam": "Xã Thanh Lâm",
  "Xa_Tien_Thang": "Xã Tiến Thắng",
  "Xa_Tien_Thinh": "Xã Tiến Thịnh",
  "Xa_Trang_Viet": "Xã Tráng Việt",
  "Xa_Tu_Lap": "Xã Tự Lập",
  "Xa_Van_Khe": "Xã Văn Khê",
  "Xa_Van_Yen": "Xã Vạn Yên"
}