{
  "Yen_Bai": "Yen Bai",
  "Thanh_pho_Yen_Bai": "Yen Bai city",
  "Phuong_Yen_Thinh": "Yen Thinh Ward",
  "Phuong_Yen_Ninh": "Yen Ninh Ward",
  "Phuong_Minh_Tan": "Minh Tan Ward",
  "Phuong_Nguyen_Thai_Hoc": "Nguyen Thai Hoc Ward",
  "Phuong_Dong_Tam": "Dong Tam Ward",
  "Phuong_Nguyen_Phuc": "Nguyen Phuc Ward",
  "Phuong_Hong_Ha": "Hong Ha Ward",
  "Xa_Minh_Bao": "Minh Bao commune",
  "Phuong_Nam_Cuong": "Nam Cuong Ward",
  "Xa_Tuy_Loc": "Tuy Loc commune",
  "Xa_Tan_Thinh": "Tan Thinh commune",
  "Xa_Au_Lau": "Au Lau commune",
  "Xa_Gioi_Phien": "Gioi Phien Commune",
  "Phuong_Hop_Minh": "Hop Minh Ward",
  "Xa_Van_Phu": "Van Phu commune",
  "Thi_xa_Nghia_Lo": "Nghia Lo town",
  "Phuong_Pu_Trang": "Pu Trang Ward",
  "Phuong_Trung_Tam": "Central Ward",
  "Phuong_Tan_An": "Tan An Ward",
  "Phuong_Cau_Thia": "Cau Thia Ward",
  "Xa_Nghia_Loi": "Nghia Loi Commune",
  "Xa_Nghia_Phuc": "Nghia Phuc Commune",
  "Xa_Nghia_An": "Nghia An commune",
  "Xa_Son_A": "Son A commune",
  "Xa_Phu_Nham": "Phu Nham commune",
  "Xa_Thanh_Luong": "Thanh Luong commune",
  "Xa_Hanh_Son": "Hanh Son commune",
  "Xa_Phuc_Son": "Phuc Son commune",
  "Xa_Thach_Luong": "Thach Luong commune",
  "Huyen_Luc_Yen": "Luc Yen district",
  "Thi_tran_Yen_The": "Yen The town",
  "Xa_Tan_Phuong": "Tan Phuong commune",
  "Xa_Lam_Thuong": "Lam Thuong commune",
  "Xa_Khanh_Thien": "Khanh Thien commune",
  "Xa_Minh_Chuan": "Minh Chuan Commune",
  "Xa_Mai_Son": "Mai Son commune",
  "Xa_Khai_Trung": "Khai Trung commune",
  "Xa_Muong_Lai": "Muong Lai commune",
  "Xa_An_Lac": "An Lac commune",
  "Xa_Minh_Xuan": "Minh Xuan Commune",
  "Xa_To_Mau": "To Mau commune",
  "Xa_Tan_Linh": "Tan Linh commune",
  "Xa_Yen_Thang": "Yen Thang commune",
  "Xa_Khanh_Hoa": "Khanh Hoa commune",
  "Xa_Vinh_Lac": "Vinh Lac commune",
  "Xa_Lieu_Do": "Lieu Do commune",
  "Xa_Dong_Quan": "Dong Quan Commune",
  "Xa_Tan_Lap": "Tan Lap commune",
  "Xa_Minh_Tien": "Minh Tien Commune",
  "Xa_Truc_Lau": "Truc Lau commune",
  "Xa_Phuc_Loi": "Phuc Loi Commune",
  "Xa_Phan_Thanh": "Phan Thanh commune",
  "Xa_An_Phu": "An Phu commune",
  "Xa_Trung_Tam": "Central Commune",
  "Huyen_Van_Yen": "Van Yen district",
  "Thi_tran_Mau_A": "Mau A town",
  "Xa_Lang_Thip": "Lang Thip commune",
  "Xa_Lam_Giang": "Lam Giang commune",
  "Xa_Chau_Que_Thuong": "Chau Que Thuong commune",
  "Xa_Chau_Que_Ha": "Chau Que Ha commune",
  "Xa_An_Binh": "An Binh commune",
  "Xa_Quang_Minh": "Quang Minh commune",
  "Xa_Dong_An": "Dong An commune",
  "Xa_Dong_Cuong": "Dong Cuong commune",
  "Xa_Phong_Du_Ha": "Phong Du Ha commune",
  "Xa_Mau_Dong": "Mau Dong commune",
  "Xa_Ngoi_A": "Ngoi A Commune",
  "Xa_Xuan_Tam": "Xuan Tam commune",
  "Xa_Tan_Hop": "Tan Hop commune",
  "Xa_An_Thinh": "An Thinh commune",
  "Xa_Yen_Thai": "Yen Thai commune",
  "Xa_Phong_Du_Thuong": "Phong Du Thuong commune",
  "Xa_Yen_Hop": "Yen Hop commune",
  "Xa_Dai_Son": "Dai Son commune",
  "Xa_Dai_Phac": "Dai Phac commune",
  "Xa_Yen_Phu": "Yen Phu commune",
  "Xa_Xuan_Ai": "Xuan Ai commune",
  "Xa_Vien_Son": "Vien Son commune",
  "Xa_Mo_Vang": "Mo Vang Commune",
  "Xa_Na_Hau": "Na Hau commune",
  "Huyen_Mu_Cang_Chai": "Mu Cang Chai District",
  "Xa_Ho_Bon": "Ho Bon commune",
  "Xa_Nam_Co": "Nam Co commune",
  "Xa_Khao_Mang": "Khao Mang commune",
  "Xa_Mo_De": "Mo De commune",
  "Xa_Che_Cu_Nha": "Che Cu Nha commune",
  "Xa_Lao_Chai": "Lao Chai commune",
  "Xa_Kim_Noi": "Kim Noi commune",
  "Xa_Cao_Pha": "Cao Pha commune",
  "Xa_La_Pan_Tan": "La Pan Tan commune",
  "Xa_De_Su_Phinh": "De Su Phinh Commune",
  "Xa_Che_Tao": "Che Tao Commune",
  "Xa_Pung_Luong": "Pung Luong commune",
  "Xa_Nam_Khat": "Nam Khat commune",
  "Huyen_Tran_Yen": "Tran Yen District",
  "Thi_tran_Co_Phuc": "Co Phuc town",
  "Xa_Tan_Dong": "Tan Dong commune",
  "Xa_Bao_Dap": "Bao Dap Commune",
  "Xa_Dao_Thinh": "Dao Thinh commune",
  "Xa_Viet_Thanh": "Viet Thanh commune",
  "Xa_Hoa_Cuong": "Hoa Cuong commune",
  "Xa_Minh_Quan": "Minh Quan commune",
  "Xa_Quy_Mong": "Quy Mong commune",
  "Xa_Cuong_Thinh": "Cuong Thinh Commune",
  "Xa_Kien_Thanh": "Kien Thanh commune",
  "Xa_Nga_Quan": "Nga Quan commune",
  "Xa_Y_Can": "Y Can commune",
  "Xa_Luong_Thinh": "Luong Thinh commune",
  "Xa_Bao_Hung": "Bao Hung commune",
  "Xa_Viet_Cuong": "Viet Cuong commune",
  "Xa_Hong_Ca": "Hong Ca commune",
  "Xa_Hung_Thinh": "Hung Thinh commune",
  "Xa_Hung_Khanh": "Hung Khanh commune",
  "Xa_Viet_Hong": "Viet Hong commune",
  "Xa_Van_Hoi": "Van Hoi commune",
  "Huyen_Tram_Tau": "Tram Tau district",
  "Xa_Tuc_Dan": "Tuc Dan commune",
  "Xa_Pa_Lau": "Pa Lau commune",
  "Xa_Xa_Ho": "Xa Ho commune",
  "Xa_Phinh_Ho": "Phinh Ho Commune",
  "Xa_Ta_Si_Lang": "Ta Si Lang commune",
  "Xa_Pa_Hu": "Pa Hu commune",
  "Xa_Lang_Nhi": "Lang Nhi commune",
  "Xa_Ban_Cong": "Ban Cong Commune",
  "Xa_Ban_Mu": "Ban Mu commune",
  "Xa_Hat_Liu": "Hat Liu commune",
  "Huyen_Van_Chan": "Van Chan district",
  "Thi_tran_NT_Lien_Son": "NT Lien Son town",
  "Thi_tran_NT_Tran_Phu": "Tran Phu NT town",
  "Xa_Tu_Le": "Tu Le commune",
  "Xa_Nam_Bung": "Nam Bung commune",
  "Xa_Gia_Hoi": "Gia Hoi Society",
  "Xa_Sung_Do": "Sung Do commune",
  "Xa_Nam_Muoi": "Nam Muoi commune",
  "Xa_An_Luong": "An Luong commune",
  "Xa_Nam_Lanh": "Nam Lanh commune",
  "Xa_Son_Luong": "Son Luong commune",
  "Xa_Suoi_Quyen": "Suoi Quyen commune",
  "Xa_Suoi_Giang": "Suoi Giang commune",
  "Xa_Nghia_Son": "Nghia Son commune",
  "Xa_Suoi_Bu": "Suoi Bu commune",
  "Thi_tran_Son_Thinh": "Son Thinh town",
  "Xa_Dai_Lich": "Dai Lich commune",
  "Xa_Dong_Khe": "Dong Khe commune",
  "Xa_Cat_Thinh": "Cat Thinh commune",
  "Xa_Chan_Thinh": "Chan Thinh commune",
  "Xa_Binh_Thuan": "Binh Thuan commune",
  "Xa_Thuong_Bang_La": "Thuong Bang La Commune",
  "Xa_Minh_An": "Minh An commune",
  "Xa_Nghia_Tam": "Nghia Tam commune",
  "Huyen_Yen_Binh": "Yen Binh district",
  "Thi_tran_Thac_Ba": "Thac Ba town",
  "Xa_Xuan_Long": "Xuan Long commune",
  "Xa_Cam_Nhan": "Cam Nhan commune",
  "Xa_Ngoc_Chan": "Ngoc Chan commune",
  "Xa_Tan_Nguyen": "Tan Nguyen commune",
  "Xa_Phuc_Ninh": "Phuc Ninh commune",
  "Xa_Bao_Ai": "Bao Ai commune",
  "Xa_My_Gia": "My Gia Commune",
  "Xa_Xuan_Lai": "Xuan Lai Commune",
  "Xa_Mong_Son": "Mong Son commune",
  "Xa_Cam_An": "Cam An commune",
  "Xa_Yen_Thanh": "Yen Thanh commune",
  "Xa_Tan_Huong": "Tan Huong commune",
  "Xa_Phuc_An": "Phuc An commune",
  "Xa_Bach_Ha": "Bach Ha commune",
  "Xa_Vu_Linh": "Vu Linh commune",
  "Xa_Dai_Dong": "Dai Dong commune",
  "Xa_Vinh_Kien": "Vinh Kien commune",
  "Xa_Thinh_Hung": "Thinh Hung commune",
  "Xa_Han_Da": "Han Da commune",
  "Xa_Phu_Thinh": "Phu Thinh commune",
  "Xa_Dai_Minh": "Dai Minh commune"
}