{
  "Yen_Bai": "Yên Bái",
  "Thanh_pho_Yen_Bai": "Thành phố Yên Bái",
  "Phuong_Yen_Thinh": "Phường Yên Thịnh",
  "Phuong_Yen_Ninh": "Phường Yên Ninh",
  "Phuong_Minh_Tan": "Phường Minh Tân",
  "Phuong_Nguyen_Thai_Hoc": "Phường Nguyễn Thái Học",
  "Phuong_Dong_Tam": "Phường Đồng Tâm",
  "Phuong_Nguyen_Phuc": "Phường Nguyễn Phúc",
  "Phuong_Hong_Ha": "Phường Hồng Hà",
  "Xa_Minh_Bao": "Xã Minh Bảo",
  "Phuong_Nam_Cuong": "Phường Nam Cường",
  "Xa_Tuy_Loc": "Xã Tuy Lộc",
  "Xa_Tan_Thinh": "Xã Tân Thịnh",
  "Xa_Au_Lau": "Xã Âu Lâu",
  "Xa_Gioi_Phien": "Xã Giới Phiên",
  "Phuong_Hop_Minh": "Phường Hợp Minh",
  "Xa_Van_Phu": "Xã Văn Phú",
  "Thi_xa_Nghia_Lo": "Thị xã Nghĩa Lộ",
  "Phuong_Pu_Trang": "Phường Pú Trạng",
  "Phuong_Trung_Tam": "Phường Trung Tâm",
  "Phuong_Tan_An": "Phường Tân An",
  "Phuong_Cau_Thia": "Phường Cầu Thia",
  "Xa_Nghia_Loi": "Xã Nghĩa Lợi",
  "Xa_Nghia_Phuc": "Xã Nghĩa Phúc",
  "Xa_Nghia_An": "Xã Nghĩa An",
  "Xa_Son_A": "Xã Sơn A",
  "Xa_Phu_Nham": "Xã Phù Nham",
  "Xa_Thanh_Luong": "Xã Thanh Lương",
  "Xa_Hanh_Son": "Xã Hạnh Sơn",
  "Xa_Phuc_Son": "Xã Phúc Sơn",
  "Xa_Thach_Luong": "Xã Thạch Lương",
  "Huyen_Luc_Yen": "Huyện Lục Yên",
  "Thi_tran_Yen_The": "Thị trấn Yên Thế",
  "Xa_Tan_Phuong": "Xã Tân Phượng",
  "Xa_Lam_Thuong": "Xã Lâm Thượng",
  "Xa_Khanh_Thien": "Xã Khánh Thiện",
  "Xa_Minh_Chuan": "Xã Minh Chuẩn",
  "Xa_Mai_Son": "Xã Mai Sơn",
  "Xa_Khai_Trung": "Xã Khai Trung",
  "Xa_Muong_Lai": "Xã Mường Lai",
  "Xa_An_Lac": "Xã An Lạc",
  "Xa_Minh_Xuan": "Xã Minh Xuân",
  "Xa_To_Mau": "Xã Tô Mậu",
  "Xa_Tan_Linh": "Xã Tân Lĩnh",
  "Xa_Yen_Thang": "Xã Yên Thắng",
  "Xa_Khanh_Hoa": "Xã Khánh Hoà",
  "Xa_Vinh_Lac": "Xã Vĩnh Lạc",
  "Xa_Lieu_Do": "Xã Liễu Đô",
  "Xa_Dong_Quan": "Xã Động Quan",
  "Xa_Tan_Lap": "Xã Tân Lập",
  "Xa_Minh_Tien": "Xã Minh Tiến",
  "Xa_Truc_Lau": "Xã Trúc Lâu",
  "Xa_Phuc_Loi": "Xã Phúc Lợi",
  "Xa_Phan_Thanh": "Xã Phan Thanh",
  "Xa_An_Phu": "Xã An Phú",
  "Xa_Trung_Tam": "Xã Trung Tâm",
  "Huyen_Van_Yen": "Huyện Văn Yên",
  "Thi_tran_Mau_A": "Thị trấn Mậu A",
  "Xa_Lang_Thip": "Xã Lang Thíp",
  "Xa_Lam_Giang": "Xã Lâm Giang",
  "Xa_Chau_Que_Thuong": "Xã Châu Quế Thượng",
  "Xa_Chau_Que_Ha": "Xã Châu Quế Hạ",
  "Xa_An_Binh": "Xã An Bình",
  "Xa_Quang_Minh": "Xã Quang Minh",
  "Xa_Dong_An": "Xã Đông An",
  "Xa_Dong_Cuong": "Xã Đông Cuông",
  "Xa_Phong_Du_Ha": "Xã Phong Dụ Hạ",
  "Xa_Mau_Dong": "Xã Mậu Đông",
  "Xa_Ngoi_A": "Xã Ngòi A",
  "Xa_Xuan_Tam": "Xã Xuân Tầm",
  "Xa_Tan_Hop": "Xã Tân Hợp",
  "Xa_An_Thinh": "Xã An Thịnh",
  "Xa_Yen_Thai": "Xã Yên Thái",
  "Xa_Phong_Du_Thuong": "Xã Phong Dụ Thượng",
  "Xa_Yen_Hop": "Xã Yên Hợp",
  "Xa_Dai_Son": "Xã Đại Sơn",
  "Xa_Dai_Phac": "Xã Đại Phác",
  "Xa_Yen_Phu": "Xã Yên Phú",
  "Xa_Xuan_Ai": "Xã Xuân Ái",
  "Xa_Vien_Son": "Xã Viễn Sơn",
  "Xa_Mo_Vang": "Xã Mỏ Vàng",
  "Xa_Na_Hau": "Xã Nà Hẩu",
  "Huyen_Mu_Cang_Chai": "Huyện Mù Căng Chải",
  "Xa_Ho_Bon": "Xã Hồ Bốn",
  "Xa_Nam_Co": "Xã Nậm Có",
  "Xa_Khao_Mang": "Xã Khao Mang",
  "Xa_Mo_De": "Xã Mồ Dề",
  "Xa_Che_Cu_Nha": "Xã Chế Cu Nha",
  "Xa_Lao_Chai": "Xã Lao Chải",
  "Xa_Kim_Noi": "Xã Kim Nọi",
  "Xa_Cao_Pha": "Xã Cao Phạ",
  "Xa_La_Pan_Tan": "Xã La Pán Tẩn",
  "Xa_De_Su_Phinh": "Xã Dế Su Phình",
  "Xa_Che_Tao": "Xã Chế Tạo",
  "Xa_Pung_Luong": "Xã Púng Luông",
  "Xa_Nam_Khat": "Xã Nậm Khắt",
  "Huyen_Tran_Yen": "Huyện Trấn Yên",
  "Thi_tran_Co_Phuc": "Thị trấn Cổ Phúc",
  "Xa_Tan_Dong": "Xã Tân Đồng",
  "Xa_Bao_Dap": "Xã Báo Đáp",
  "Xa_Dao_Thinh": "Xã Đào Thịnh",
  "Xa_Viet_Thanh": "Xã Việt Thành",
  "Xa_Hoa_Cuong": "Xã Hòa Cuông",
  "Xa_Minh_Quan": "Xã Minh Quân",
  "Xa_Quy_Mong": "Xã Quy Mông",
  "Xa_Cuong_Thinh": "Xã Cường Thịnh",
  "Xa_Kien_Thanh": "Xã Kiên Thành",
  "Xa_Nga_Quan": "Xã Nga Quán",
  "Xa_Y_Can": "Xã Y Can",
  "Xa_Luong_Thinh": "Xã Lương Thịnh",
  "Xa_Bao_Hung": "Xã Bảo Hưng",
  "Xa_Viet_Cuong": "Xã Việt Cường",
  "Xa_Hong_Ca": "Xã Hồng Ca",
  "Xa_Hung_Thinh": "Xã Hưng Thịnh",
  "Xa_Hung_Khanh": "Xã Hưng Khánh",
  "Xa_Viet_Hong": "Xã Việt Hồng",
  "Xa_Van_Hoi": "Xã Vân Hội",
  "Huyen_Tram_Tau": "Huyện Trạm Tấu",
  "Xa_Tuc_Dan": "Xã Túc Đán",
  "Xa_Pa_Lau": "Xã Pá Lau",
  "Xa_Xa_Ho": "Xã Xà Hồ",
  "Xa_Phinh_Ho": "Xã Phình Hồ",
  "Xa_Ta_Si_Lang": "Xã Tà Si Láng",
  "Xa_Pa_Hu": "Xã Pá Hu",
  "Xa_Lang_Nhi": "Xã Làng Nhì",
  "Xa_Ban_Cong": "Xã Bản Công",
  "Xa_Ban_Mu": "Xã Bản Mù",
  "Xa_Hat_Liu": "Xã Hát Lìu",
  "Huyen_Van_Chan": "Huyện Văn Chấn",
  "Thi_tran_NT_Lien_Son": "Thị trấn NT Liên Sơn",
  "Thi_tran_NT_Tran_Phu": "Thị trấn NT Trần Phú",
  "Xa_Tu_Le": "Xã Tú Lệ",
  "Xa_Nam_Bung": "Xã Nậm Búng",
  "Xa_Gia_Hoi": "Xã Gia Hội",
  "Xa_Sung_Do": "Xã Sùng Đô",
  "Xa_Nam_Muoi": "Xã Nậm Mười",
  "Xa_An_Luong": "Xã An Lương",
  "Xa_Nam_Lanh": "Xã Nậm Lành",
  "Xa_Son_Luong": "Xã Sơn Lương",
  "Xa_Suoi_Quyen": "Xã Suối Quyền",
  "Xa_Suoi_Giang": "Xã Suối Giàng",
  "Xa_Nghia_Son": "Xã Nghĩa Sơn",
  "Xa_Suoi_Bu": "Xã Suối Bu",
  "Thi_tran_Son_Thinh": "Thị trấn Sơn Thịnh",
  "Xa_Dai_Lich": "Xã Đại Lịch",
  "Xa_Dong_Khe": "Xã Đồng Khê",
  "Xa_Cat_Thinh": "Xã Cát Thịnh",
  "Xa_Chan_Thinh": "Xã Chấn Thịnh",
  "Xa_Binh_Thuan": "Xã Bình Thuận",
  "Xa_Thuong_Bang_La": "Xã Thượng Bằng La",
  "Xa_Minh_An": "Xã Minh An",
  "Xa_Nghia_Tam": "Xã Nghĩa Tâm",
  "Huyen_Yen_Binh": "Huyện Yên Bình",
  "Thi_tran_Thac_Ba": "Thị trấn Thác Bà",
  "Xa_Xuan_Long": "Xã Xuân Long",
  "Xa_Cam_Nhan": "Xã Cảm Nhân",
  "Xa_Ngoc_Chan": "Xã Ngọc Chấn",
  "Xa_Tan_Nguyen": "Xã Tân Nguyên",
  "Xa_Phuc_Ninh": "Xã Phúc Ninh",
  "Xa_Bao_Ai": "Xã Bảo Ái",
  "Xa_My_Gia": "Xã Mỹ Gia",
  "Xa_Xuan_Lai": "Xã Xuân Lai",
  "Xa_Mong_Son": "Xã Mông Sơn",
  "Xa_Cam_An": "Xã Cảm Ân",
  "Xa_Yen_Thanh": "Xã Yên Thành",
  "Xa_Tan_Huong": "Xã Tân Hương",
  "Xa_Phuc_An": "Xã Phúc An",
  "Xa_Bach_Ha": "Xã Bạch Hà",
  "Xa_Vu_Linh": "Xã Vũ Linh",
  "Xa_Dai_Dong": "Xã Đại Đồng",
  "Xa_Vinh_Kien": "Xã Vĩnh Kiên",
  "Xa_Thinh_Hung": "Xã Thịnh Hưng",
  "Xa_Han_Da": "Xã Hán Đà",
  "Xa_Phu_Thinh": "Xã Phú Thịnh",
  "Xa_Dai_Minh": "Xã Đại Minh"
}