{
  "Ha_Giang": "Hà Giang",
  "Thanh_pho_Ha_Giang": "Thành phố Hà Giang",
  "Phuong_Quang_Trung": "Phường Quang Trung",
  "Phuong_Tran_Phu": "Phường Trần Phú",
  "Phuong_Ngoc_Ha": "Phường Ngọc Hà",
  "Phuong_Nguyen_Trai": "Phường Nguyễn Trãi",
  "Phuong_Minh_Khai": "Phường Minh Khai",
  "Xa_Ngoc_Duong": "Xã Ngọc Đường",
  "Xa_Phuong_Do": "Xã Phương Độ",
  "Xa_Phuong_Thien": "Xã Phương Thiện",
  "Huyen_Dong_Van": "Huyện Đồng Văn",
  "Thi_tran_Pho_Bang": "Thị trấn Phó Bảng",
  "Xa_Lung_Cu": "Xã Lũng Cú",
  "Xa_Ma_Le": "Xã Má Lé",
  "Xa_Lung_Tao": "Xã Lũng Táo",
  "Xa_Pho_La": "Xã Phố Là",
  "Xa_Thai_Phin_Tung": "Xã Thài Phìn Tủng",
  "Xa_Sung_La": "Xã Sủng Là",
  "Xa_Xa_Phin": "Xã Xà Phìn",
  "Xa_Ta_Phin": "Xã Tả Phìn",
  "Xa_Ta_Lung": "Xã Tả Lủng",
  "Xa_Pho_Cao": "Xã Phố Cáo",
  "Xa_Sinh_Lung": "Xã Sính Lủng",
  "Xa_Sang_Tung": "Xã Sảng Tủng",
  "Xa_Lung_Thau": "Xã Lũng Thầu",
  "Xa_Ho_Quang_Phin": "Xã Hố Quáng Phìn",
  "Xa_Van_Chai": "Xã Vần Chải",
  "Xa_Lung_Phin": "Xã Lũng Phìn",
  "Xa_Sung_Trai": "Xã Sủng Trái",
  "Huyen_Meo_Vac": "Huyện Mèo Vạc",
  "Xa_Thuong_Phung": "Xã Thượng Phùng",
  "Xa_Pai_Lung": "Xã Pải Lủng",
  "Xa_Xin_Cai": "Xã Xín Cái",
  "Xa_Pa_Vi": "Xã Pả Vi",
  "Xa_Giang_Chu_Phin": "Xã Giàng Chu Phìn",
  "Xa_Sung_Tra": "Xã Sủng Trà",
  "Xa_Sung_Mang": "Xã Sủng Máng",
  "Xa_Son_Vi": "Xã Sơn Vĩ",
  "Xa_Can_Chu_Phin": "Xã Cán Chu Phìn",
  "Xa_Lung_Pu": "Xã Lũng Pù",
  "Xa_Lung_Chinh": "Xã Lũng Chinh",
  "Xa_Tat_Nga": "Xã Tát Ngà",
  "Xa_Nam_Ban": "Xã Nậm Ban",
  "Xa_Khau_Vai": "Xã Khâu Vai",
  "Xa_Niem_Tong": "Xã Niêm Tòng",
  "Xa_Niem_Son": "Xã Niêm Sơn",
  "Huyen_Yen_Minh": "Huyện Yên Minh",
  "Xa_Thang_Mo": "Xã Thắng Mố",
  "Xa_Phu_Lung": "Xã Phú Lũng",
  "Xa_Sung_Trang": "Xã Sủng Tráng",
  "Xa_Bach_Dich": "Xã Bạch Đích",
  "Xa_Na_Khe": "Xã Na Khê",
  "Xa_Sung_Thai": "Xã Sủng Thài",
  "Xa_Huu_Vinh": "Xã Hữu Vinh",
  "Xa_Lao_Va_Chai": "Xã Lao Và Chải",
  "Xa_Mau_Due": "Xã Mậu Duệ",
  "Xa_Dong_Minh": "Xã Đông Minh",
  "Xa_Mau_Long": "Xã Mậu Long",
  "Xa_Ngam_La": "Xã Ngam La",
  "Xa_Ngoc_Long": "Xã Ngọc Long",
  "Xa_Duong_Thuong": "Xã Đường Thượng",
  "Xa_Lung_Ho": "Xã Lũng Hồ",
  "Xa_Du_Tien": "Xã Du Tiến",
  "Xa_Du_Gia": "Xã Du Già",
  "Huyen_Quan_Ba": "Huyện Quản Bạ",
  "Thi_tran_Tam_Son": "Thị trấn Tam Sơn",
  "Xa_Bat_Dai_Son": "Xã Bát Đại Sơn",
  "Xa_Nghia_Thuan": "Xã Nghĩa Thuận",
  "Xa_Can_Ty": "Xã Cán Tỷ",
  "Xa_Cao_Ma_Po": "Xã Cao Mã Pờ",
  "Xa_Thanh_Van": "Xã Thanh Vân",
  "Xa_Tung_Vai": "Xã Tùng Vài",
  "Xa_Dong_Ha": "Xã Đông Hà",
  "Xa_Lung_Tam": "Xã Lùng Tám",
  "Xa_Quyet_Tien": "Xã Quyết Tiến",
  "Xa_Ta_Van": "Xã Tả Ván",
  "Xa_Thai_An": "Xã Thái An",
  "Huyen_Vi_Xuyen": "Huyện Vị Xuyên",
  "Xa_Kim_Thach": "Xã Kim Thạch",
  "Xa_Phu_Linh": "Xã Phú Linh",
  "Xa_Kim_Linh": "Xã Kim Linh",
  "Thi_tran_Nong_Truong_Viet_Lam": "Thị trấn Nông Trường Việt Lâm",
  "Xa_Minh_Tan": "Xã Minh Tân",
  "Xa_Thuan_Hoa": "Xã Thuận Hoà",
  "Xa_Tung_Ba": "Xã Tùng Bá",
  "Xa_Thanh_Thuy": "Xã Thanh Thủy",
  "Xa_Thanh_Duc": "Xã Thanh Đức",
  "Xa_Phong_Quang": "Xã Phong Quang",
  "Xa_Xin_Chai": "Xã Xín Chải",
  "Xa_Phuong_Tien": "Xã Phương Tiến",
  "Xa_Lao_Chai": "Xã Lao Chải",
  "Xa_Cao_Bo": "Xã Cao Bồ",
  "Xa_Dao_Duc": "Xã Đạo Đức",
  "Xa_Thuong_Son": "Xã Thượng Sơn",
  "Xa_Linh_Ho": "Xã Linh Hồ",
  "Xa_Quang_Ngan": "Xã Quảng Ngần",
  "Xa_Viet_Lam": "Xã Việt Lâm",
  "Xa_Ngoc_Linh": "Xã Ngọc Linh",
  "Xa_Ngoc_Minh": "Xã Ngọc Minh",
  "Xa_Bach_Ngoc": "Xã Bạch Ngọc",
  "Xa_Trung_Thanh": "Xã Trung Thành",
  "Huyen_Bac_Me": "Huyện Bắc Mê",
  "Xa_Minh_Son": "Xã Minh Sơn",
  "Xa_Giap_Trung": "Xã Giáp Trung",
  "Xa_Yen_Dinh": "Xã Yên Định",
  "Thi_tran_Yen_Phu": "Thị trấn Yên Phú",
  "Xa_Minh_Ngoc": "Xã Minh Ngọc",
  "Xa_Yen_Phong": "Xã Yên Phong",
  "Xa_Lac_Nong": "Xã Lạc Nông",
  "Xa_Phu_Nam": "Xã Phú Nam",
  "Xa_Yen_Cuong": "Xã Yên Cường",
  "Xa_Thuong_Tan": "Xã Thượng Tân",
  "Xa_Duong_Am": "Xã Đường Âm",
  "Xa_Duong_Hong": "Xã Đường Hồng",
  "Xa_Phieng_Luong": "Xã Phiêng Luông",
  "Huyen_Hoang_Su_Phi": "Huyện Hoàng Su Phì",
  "Thi_tran_Vinh_Quang": "Thị trấn Vinh Quang",
  "Xa_Ban_May": "Xã Bản Máy",
  "Xa_Thang_Tin": "Xã Thàng Tín",
  "Xa_Then_Chu_Phin": "Xã Thèn Chu Phìn",
  "Xa_Po_Lo": "Xã Pố Lồ",
  "Xa_Ban_Phung": "Xã Bản Phùng",
  "Xa_Tung_San": "Xã Túng Sán",
  "Xa_Chien_Pho": "Xã Chiến Phố",
  "Xa_Dan_Van": "Xã Đản Ván",
  "Xa_Tu_Nhan": "Xã Tụ Nhân",
  "Xa_Tan_Tien": "Xã Tân Tiến",
  "Xa_Nang_Don": "Xã Nàng Đôn",
  "Xa_Po_Ly_Ngai": "Xã Pờ Ly Ngài",
  "Xa_San_Xa_Ho": "Xã Sán Xả Hồ",
  "Xa_Ban_Luoc": "Xã Bản Luốc",
  "Xa_Ngam_Dang_Vai": "Xã Ngàm Đăng Vài",
  "Xa_Ban_Nhung": "Xã Bản Nhùng",
  "Xa_Ta_Su_Choong": "Xã Tả Sử Choóng",
  "Xa_Nam_Dich": "Xã Nậm Dịch",
  "Xa_Ho_Thau": "Xã Hồ Thầu",
  "Xa_Nam_Son": "Xã Nam Sơn",
  "Xa_Nam_Ty": "Xã Nậm Tỵ",
  "Xa_Thong_Nguyen": "Xã Thông Nguyên",
  "Xa_Nam_Khoa": "Xã Nậm Khòa",
  "Huyen_Xin_Man": "Huyện Xín Mần",
  "Thi_tran_Coc_Pai": "Thị trấn Cốc Pài",
  "Xa_Nan_Xin": "Xã Nàn Xỉn",
  "Xa_Ban_Diu": "Xã Bản Díu",
  "Xa_Chi_Ca": "Xã Chí Cà",
  "Xa_Then_Phang": "Xã Thèn Phàng",
  "Xa_Trung_Thinh": "Xã Trung Thịnh",
  "Xa_Pa_Vay_Su": "Xã Pà Vầy Sủ",
  "Xa_Coc_Re": "Xã Cốc Rế",
  "Xa_Thu_Ta": "Xã Thu Tà",
  "Xa_Nan_Ma": "Xã Nàn Ma",
  "Xa_Ta_Nhiu": "Xã Tả Nhìu",
  "Xa_Ban_Ngo": "Xã Bản Ngò",
  "Xa_Che_La": "Xã Chế Là",
  "Xa_Nam_Dan": "Xã Nấm Dẩn",
  "Xa_Quang_Nguyen": "Xã Quảng Nguyên",
  "Xa_Na_Chi": "Xã Nà Chì",
  "Xa_Khuon_Lung": "Xã Khuôn Lùng",
  "Huyen_Bac_Quang": "Huyện Bắc Quang",
  "Thi_tran_Viet_Quang": "Thị trấn Việt Quang",
  "Thi_tran_Vinh_Tuy": "Thị trấn Vĩnh Tuy",
  "Xa_Tan_Lap": "Xã Tân Lập",
  "Xa_Tan_Thanh": "Xã Tân Thành",
  "Xa_Dong_Tien": "Xã Đồng Tiến",
  "Xa_Dong_Tam": "Xã Đồng Tâm",
  "Xa_Tan_Quang": "Xã Tân Quang",
  "Xa_Thuong_Binh": "Xã Thượng Bình",
  "Xa_Huu_San": "Xã Hữu Sản",
  "Xa_Kim_Ngoc": "Xã Kim Ngọc",
  "Xa_Viet_Vinh": "Xã Việt Vinh",
  "Xa_Bang_Hanh": "Xã Bằng Hành",
  "Xa_Quang_Minh": "Xã Quang Minh",
  "Xa_Lien_Hiep": "Xã Liên Hiệp",
  "Xa_Vo_Diem": "Xã Vô Điếm",
  "Xa_Viet_Hong": "Xã Việt Hồng",
  "Xa_Hung_An": "Xã Hùng An",
  "Xa_Duc_Xuan": "Xã Đức Xuân",
  "Xa_Tien_Kieu": "Xã Tiên Kiều",
  "Xa_Vinh_Hao": "Xã Vĩnh Hảo",
  "Xa_Vinh_Phuc": "Xã Vĩnh Phúc",
  "Xa_Dong_Yen": "Xã Đồng Yên",
  "Xa_Dong_Thanh": "Xã Đông Thành",
  "Huyen_Quang_Binh": "Huyện Quang Bình",
  "Xa_Xuan_Minh": "Xã Xuân Minh",
  "Xa_Tien_Nguyen": "Xã Tiên Nguyên",
  "Xa_Tan_Nam": "Xã Tân Nam",
  "Xa_Ban_Ria": "Xã Bản Rịa",
  "Xa_Yen_Thanh": "Xã Yên Thành",
  "Thi_tran_Yen_Binh": "Thị trấn Yên Bình",
  "Xa_Tan_Trinh": "Xã Tân Trịnh",
  "Xa_Tan_Bac": "Xã Tân Bắc",
  "Xa_Bang_Lang": "Xã Bằng Lang",
  "Xa_Yen_Ha": "Xã Yên Hà",
  "Xa_Huong_Son": "Xã Hương Sơn",
  "Xa_Xuan_Giang": "Xã Xuân Giang",
  "Xa_Na_Khuong": "Xã Nà Khương",
  "Xa_Tien_Yen": "Xã Tiên Yên",
  "Xa_Vi_Thuong": "Xã Vĩ Thượng"
}