{
  "Ha_Giang": "Ha Giang",
  "Thanh_pho_Ha_Giang": "Ha Giang City",
  "Phuong_Quang_Trung": "Quang Trung Ward",
  "Phuong_Tran_Phu": "Tran Phu Ward",
  "Phuong_Ngoc_Ha": "Ngoc Ha Ward",
  "Phuong_Nguyen_Trai": "Nguyen Trai Ward",
  "Phuong_Minh_Khai": "Minh Khai Ward",
  "Xa_Ngoc_Duong": "Ngoc Duong commune",
  "Xa_Phuong_Do": "Phuong Do commune",
  "Xa_Phuong_Thien": "Phuong Thien commune",
  "Huyen_Dong_Van": "Dong Van district",
  "Thi_tran_Pho_Bang": "Pho Bang town",
  "Xa_Lung_Cu": "Lung Cu commune",
  "Xa_Ma_Le": "Ma Le commune",
  "Xa_Lung_Tao": "Lung Tao commune",
  "Xa_Pho_La": "Pho La Commune",
  "Xa_Thai_Phin_Tung": "Thai Phin Tung commune",
  "Xa_Sung_La": "Sung La Commune",
  "Xa_Xa_Phin": "Xa Phin commune",
  "Xa_Ta_Phin": "Ta Phin commune",
  "Xa_Ta_Lung": "Ta Lung commune",
  "Xa_Pho_Cao": "Pho Cao Commune",
  "Xa_Sinh_Lung": "Sinh Lung commune",
  "Xa_Sang_Tung": "Sang Tung commune",
  "Xa_Lung_Thau": "Lung Thau commune",
  "Xa_Ho_Quang_Phin": "Ho Quang Phin commune",
  "Xa_Van_Chai": "Van Chai commune",
  "Xa_Lung_Phin": "Lung Phin commune",
  "Xa_Sung_Trai": "Sung Trai commune",
  "Huyen_Meo_Vac": "Meo Vac District",
  "Xa_Thuong_Phung": "Thuong Phung commune",
  "Xa_Pai_Lung": "Pai Lung commune",
  "Xa_Xin_Cai": "Xin Cai commune",
  "Xa_Pa_Vi": "Pa Vi commune",
  "Xa_Giang_Chu_Phin": "Giang Chu Phin commune",
  "Xa_Sung_Tra": "Sung Tra commune",
  "Xa_Sung_Mang": "Sung Mang commune",
  "Xa_Son_Vi": "Son Vi commune",
  "Xa_Can_Chu_Phin": "Can Chu Phin commune",
  "Xa_Lung_Pu": "Lung Pu commune",
  "Xa_Lung_Chinh": "Lung Chinh commune",
  "Xa_Tat_Nga": "Tat Nga commune",
  "Xa_Nam_Ban": "Nam Ban commune",
  "Xa_Khau_Vai": "Khau Vai commune",
  "Xa_Niem_Tong": "Niem Tong commune",
  "Xa_Niem_Son": "Niem Son commune",
  "Huyen_Yen_Minh": "Yen Minh district",
  "Xa_Thang_Mo": "Thang Mo commune",
  "Xa_Phu_Lung": "Phu Lung commune",
  "Xa_Sung_Trang": "Sung Trang commune",
  "Xa_Bach_Dich": "Bach Dich commune",
  "Xa_Na_Khe": "Na Khe commune",
  "Xa_Sung_Thai": "Sung Thai commune",
  "Xa_Huu_Vinh": "Huu Vinh commune",
  "Xa_Lao_Va_Chai": "Lao Va Chai commune",
  "Xa_Mau_Due": "Mau Due commune",
  "Xa_Dong_Minh": "Dong Minh commune",
  "Xa_Mau_Long": "Mau Long commune",
  "Xa_Ngam_La": "Ngam La commune",
  "Xa_Ngoc_Long": "Ngoc Long commune",
  "Xa_Duong_Thuong": "Duong Thuong commune",
  "Xa_Lung_Ho": "Lung Ho commune",
  "Xa_Du_Tien": "Du Tien Commune",
  "Xa_Du_Gia": "Du Gia Commune",
  "Huyen_Quan_Ba": "Quan Ba ​​District",
  "Thi_tran_Tam_Son": "Tam Son town",
  "Xa_Bat_Dai_Son": "Bat Dai Son commune",
  "Xa_Nghia_Thuan": "Nghia Thuan commune",
  "Xa_Can_Ty": "Can Ty commune",
  "Xa_Cao_Ma_Po": "Cao Ma Po commune",
  "Xa_Thanh_Van": "Thanh Van commune",
  "Xa_Tung_Vai": "Tung Vai commune",
  "Xa_Dong_Ha": "Dong Ha commune",
  "Xa_Lung_Tam": "Lung Tam commune",
  "Xa_Quyet_Tien": "Quyet Tien Commune",
  "Xa_Ta_Van": "Ta Van commune",
  "Xa_Thai_An": "Thai An commune",
  "Huyen_Vi_Xuyen": "Vi Xuyen district",
  "Xa_Kim_Thach": "Kim Thach commune",
  "Xa_Phu_Linh": "Phu Linh commune",
  "Xa_Kim_Linh": "Kim Linh commune",
  "Thi_tran_Nong_Truong_Viet_Lam": "Viet Lam Farm Town",
  "Xa_Minh_Tan": "Minh Tan commune",
  "Xa_Thuan_Hoa": "Thuan Hoa commune",
  "Xa_Tung_Ba": "Tung Ba commune",
  "Xa_Thanh_Thuy": "Thanh Thuy commune",
  "Xa_Thanh_Duc": "Thanh Duc commune",
  "Xa_Phong_Quang": "Phong Quang commune",
  "Xa_Xin_Chai": "Xin Chai commune",
  "Xa_Phuong_Tien": "Phuong Tien Commune",
  "Xa_Lao_Chai": "Lao Chai commune",
  "Xa_Cao_Bo": "Cao Bo commune",
  "Xa_Dao_Duc": "Dao Duc commune",
  "Xa_Thuong_Son": "Thuong Son commune",
  "Xa_Linh_Ho": "Linh Ho commune",
  "Xa_Quang_Ngan": "Quang Ngan commune",
  "Xa_Viet_Lam": "Viet Lam Commune",
  "Xa_Ngoc_Linh": "Ngoc Linh commune",
  "Xa_Ngoc_Minh": "Ngoc Minh commune",
  "Xa_Bach_Ngoc": "Bach Ngoc commune",
  "Xa_Trung_Thanh": "Trung Thanh Commune",
  "Huyen_Bac_Me": "Bac Me district",
  "Xa_Minh_Son": "Minh Son commune",
  "Xa_Giap_Trung": "Giap Trung commune",
  "Xa_Yen_Dinh": "Yen Dinh commune",
  "Thi_tran_Yen_Phu": "Yen Phu town",
  "Xa_Minh_Ngoc": "Minh Ngoc commune",
  "Xa_Yen_Phong": "Yen Phong commune",
  "Xa_Lac_Nong": "Lac Nong commune",
  "Xa_Phu_Nam": "Phu Nam commune",
  "Xa_Yen_Cuong": "Yen Cuong commune",
  "Xa_Thuong_Tan": "Thuong Tan commune",
  "Xa_Duong_Am": "Duong Am commune",
  "Xa_Duong_Hong": "Duong Hong commune",
  "Xa_Phieng_Luong": "Phieng Luong commune",
  "Huyen_Hoang_Su_Phi": "Hoang Su Phi district",
  "Thi_tran_Vinh_Quang": "Vinh Quang town",
  "Xa_Ban_May": "Ban May Commune",
  "Xa_Thang_Tin": "Thanh Tin commune",
  "Xa_Then_Chu_Phin": "Then Chu Phin commune",
  "Xa_Po_Lo": "Po Lo commune",
  "Xa_Ban_Phung": "Ban Phung commune",
  "Xa_Tung_San": "Tung San commune",
  "Xa_Chien_Pho": "Chien Pho Commune",
  "Xa_Dan_Van": "Dan Van commune",
  "Xa_Tu_Nhan": "Tu Nhan Commune",
  "Xa_Tan_Tien": "Tan Tien Commune",
  "Xa_Nang_Don": "Nang Don commune",
  "Xa_Po_Ly_Ngai": "Po Ly Ngai commune",
  "Xa_San_Xa_Ho": "San Xa Ho commune",
  "Xa_Ban_Luoc": "Ban Luoc commune",
  "Xa_Ngam_Dang_Vai": "Ngam Dang Vai commune",
  "Xa_Ban_Nhung": "Ban Nhung commune",
  "Xa_Ta_Su_Choong": "Ta Su Choong Commune",
  "Xa_Nam_Dich": "Nam Dich Commune",
  "Xa_Ho_Thau": "Ho Thau commune",
  "Xa_Nam_Son": "Nam Son commune",
  "Xa_Nam_Ty": "Nam Ty commune",
  "Xa_Thong_Nguyen": "Thong Nguyen commune",
  "Xa_Nam_Khoa": "Nam Khoa commune",
  "Huyen_Xin_Man": "Xin Man district",
  "Thi_tran_Coc_Pai": "Coc Pai town",
  "Xa_Nan_Xin": "Nan Xin commune",
  "Xa_Ban_Diu": "Ban Diu Commune",
  "Xa_Chi_Ca": "Chi Ca commune",
  "Xa_Then_Phang": "Then Phang commune",
  "Xa_Trung_Thinh": "Trung Thinh Commune",
  "Xa_Pa_Vay_Su": "Pa Vay Su commune",
  "Xa_Coc_Re": "Coc Re commune",
  "Xa_Thu_Ta": "Thu Ta commune",
  "Xa_Nan_Ma": "Nan Ma commune",
  "Xa_Ta_Nhiu": "Ta Nhiu commune",
  "Xa_Ban_Ngo": "Ban Ngo Commune",
  "Xa_Che_La": "Che La Commune",
  "Xa_Nam_Dan": "Nam Dan commune",
  "Xa_Quang_Nguyen": "Quang Nguyen commune",
  "Xa_Na_Chi": "Na Chi commune",
  "Xa_Khuon_Lung": "Khuon Lung commune",
  "Huyen_Bac_Quang": "Bac Quang district",
  "Thi_tran_Viet_Quang": "Viet Quang town",
  "Thi_tran_Vinh_Tuy": "Vinh Tuy town",
  "Xa_Tan_Lap": "Tan Lap commune",
  "Xa_Tan_Thanh": "Tan Thanh commune",
  "Xa_Dong_Tien": "Dong Tien Commune",
  "Xa_Dong_Tam": "Dong Tam commune",
  "Xa_Tan_Quang": "Tan Quang commune",
  "Xa_Thuong_Binh": "Thuong Binh commune",
  "Xa_Huu_San": "Huu San Commune",
  "Xa_Kim_Ngoc": "Kim Ngoc commune",
  "Xa_Viet_Vinh": "Viet Vinh Commune",
  "Xa_Bang_Hanh": "Bang Hanh Commune",
  "Xa_Quang_Minh": "Quang Minh commune",
  "Xa_Lien_Hiep": "Lien Hiep Commune",
  "Xa_Vo_Diem": "Vo Diem commune",
  "Xa_Viet_Hong": "Viet Hong commune",
  "Xa_Hung_An": "Hung An commune",
  "Xa_Duc_Xuan": "Duc Xuan commune",
  "Xa_Tien_Kieu": "Tien Kieu commune",
  "Xa_Vinh_Hao": "Vinh Hao commune",
  "Xa_Vinh_Phuc": "Vinh Phuc commune",
  "Xa_Dong_Yen": "Dong Yen commune",
  "Xa_Dong_Thanh": "Dong Thanh commune",
  "Huyen_Quang_Binh": "Quang Binh district",
  "Xa_Xuan_Minh": "Xuan Minh commune",
  "Xa_Tien_Nguyen": "Tien Nguyen commune",
  "Xa_Tan_Nam": "Tan Nam commune",
  "Xa_Ban_Ria": "Ban Ria Commune",
  "Xa_Yen_Thanh": "Yen Thanh commune",
  "Thi_tran_Yen_Binh": "Yen Binh town",
  "Xa_Tan_Trinh": "Tan Trinh commune",
  "Xa_Tan_Bac": "Tan Bac commune",
  "Xa_Bang_Lang": "Bang Lang commune",
  "Xa_Yen_Ha": "Yen Ha commune",
  "Xa_Huong_Son": "Huong Son commune",
  "Xa_Xuan_Giang": "Xuan Giang commune",
  "Xa_Na_Khuong": "Na Khuong commune",
  "Xa_Tien_Yen": "Tien Yen commune",
  "Xa_Vi_Thuong": "Vi Thuong commune"
}