{
  "Lao_Cai": "Lào Cai",
  "Thanh_pho_Lao_Cai": "Thành phố Lào Cai",
  "Phuong_Duyen_Hai": "Phường Duyên Hải",
  "Phuong_Lao_Cai": "Phường Lào Cai",
  "Phuong_Coc_Leu": "Phường Cốc Lếu",
  "Phuong_Kim_Tan": "Phường Kim Tân",
  "Phuong_Bac_Lenh": "Phường Bắc Lệnh",
  "Phuong_Pom_Han": "Phường Pom Hán",
  "Phuong_Xuan_Tang": "Phường Xuân Tăng",
  "Phuong_Binh_Minh": "Phường Bình Minh",
  "Xa_Thong_Nhat": "Xã Thống Nhất",
  "Xa_Dong_Tuyen": "Xã Đồng Tuyển",
  "Xa_Van_Hoa": "Xã Vạn Hoà",
  "Phuong_Bac_Cuong": "Phường Bắc Cường",
  "Phuong_Nam_Cuong": "Phường Nam Cường",
  "Xa_Cam_Duong": "Xã Cam Đường",
  "Xa_Ta_Phoi": "Xã Tả Phời",
  "Xa_Hop_Thanh": "Xã Hợp Thành",
  "Xa_Coc_San": "Xã Cốc San",
  "Huyen_Bat_Xat": "Huyện Bát Xát",
  "Xa_A_Mu_Sung": "Xã A Mú Sung",
  "Xa_Nam_Chac": "Xã Nậm Chạc",
  "Xa_A_Lu": "Xã A Lù",
  "Xa_Trinh_Tuong": "Xã Trịnh Tường",
  "Xa_Y_Ty": "Xã Y Tý",
  "Xa_Coc_My": "Xã Cốc Mỳ",
  "Xa_Den_Sang": "Xã Dền Sáng",
  "Xa_Ban_Vuoc": "Xã Bản Vược",
  "Xa_Sang_Ma_Sao": "Xã Sàng Ma Sáo",
  "Xa_Ban_Qua": "Xã Bản Qua",
  "Xa_Muong_Vi": "Xã Mường Vi",
  "Xa_Den_Thang": "Xã Dền Thàng",
  "Xa_Ban_Xeo": "Xã Bản Xèo",
  "Xa_Muong_Hum": "Xã Mường Hum",
  "Xa_Trung_Leng_Ho": "Xã Trung Lèng Hồ",
  "Xa_Quang_Kim": "Xã Quang Kim",
  "Xa_Pa_Cheo": "Xã Pa Cheo",
  "Xa_Nam_Pung": "Xã Nậm Pung",
  "Xa_Phin_Ngan": "Xã Phìn Ngan",
  "Xa_Tong_Sanh": "Xã Tòng Sành",
  "Huyen_Muong_Khuong": "Huyện Mường Khương",
  "Xa_Pha_Long": "Xã Pha Long",
  "Xa_Ta_Ngai_Cho": "Xã Tả Ngải Chồ",
  "Xa_Tung_Chung_Pho": "Xã Tung Chung Phố",
  "Xa_Din_Chin": "Xã Dìn Chin",
  "Xa_Ta_Gia_Khau": "Xã Tả Gia Khâu",
  "Xa_Nam_Chay": "Xã Nậm Chầy",
  "Xa_Nam_Lu": "Xã Nấm Lư",
  "Xa_Lung_Khau_Nhin": "Xã Lùng Khấu Nhin",
  "Xa_Thanh_Binh": "Xã Thanh Bình",
  "Xa_Cao_Son": "Xã Cao Sơn",
  "Xa_Lung_Vai": "Xã Lùng Vai",
  "Xa_Ban_Lau": "Xã Bản Lầu",
  "Xa_La_Pan_Tan": "Xã La Pan Tẩn",
  "Xa_Ta_Thang": "Xã Tả Thàng",
  "Xa_Ban_Sen": "Xã Bản Sen",
  "Huyen_Si_Ma_Cai": "Huyện Si Ma Cai",
  "Xa_Nan_San": "Xã Nàn Sán",
  "Xa_Thao_Chu_Phin": "Xã Thào Chư Phìn",
  "Xa_Ban_Me": "Xã Bản Mế",
  "Xa_San_Chai": "Xã Sán Chải",
  "Xa_Lung_Than": "Xã Lùng Thẩn",
  "Xa_Can_Cau": "Xã Cán Cấu",
  "Xa_Sin_Cheng": "Xã Sín Chéng",
  "Xa_Quan_Ho_Than": "Xã Quan Hồ Thẩn",
  "Xa_Nan_Xin": "Xã Nàn Xín",
  "Huyen_Bac_Ha": "Huyện Bắc Hà",
  "Xa_Lung_Cai": "Xã Lùng Cải",
  "Xa_Lung_Phinh": "Xã Lùng Phình",
  "Xa_Ta_Van_Chu": "Xã Tả Van Chư",
  "Xa_Ta_Cu_Ty": "Xã Tả Củ Tỷ",
  "Xa_Thai_Giang_Pho": "Xã Thải Giàng Phố",
  "Xa_Hoang_Thu_Pho": "Xã Hoàng Thu Phố",
  "Xa_Ban_Pho": "Xã Bản Phố",
  "Xa_Ban_Lien": "Xã Bản Liền",
  "Xa_Ta_Chai": "Xã Tà Chải",
  "Xa_Na_Hoi": "Xã Na Hối",
  "Xa_Coc_Ly": "Xã Cốc Ly",
  "Xa_Nam_Mon": "Xã Nậm Mòn",
  "Xa_Nam_Det": "Xã Nậm Đét",
  "Xa_Nam_Khanh": "Xã Nậm Khánh",
  "Xa_Bao_Nhai": "Xã Bảo Nhai",
  "Xa_Nam_Luc": "Xã Nậm Lúc",
  "Xa_Coc_Lau": "Xã Cốc Lầu",
  "Xa_Ban_Cai": "Xã Bản Cái",
  "Huyen_Bao_Thang": "Huyện Bảo Thắng",
  "Thi_tran_N.T_Phong_Hai": "Thị trấn N.T Phong Hải",
  "Thi_tran_Pho_Lu": "Thị trấn Phố Lu",
  "Thi_tran_Tang_Loong": "Thị trấn Tằng Loỏng",
  "Xa_Ban_Phiet": "Xã Bản Phiệt",
  "Xa_Ban_Cam": "Xã Bản Cầm",
  "Xa_Thai_Nien": "Xã Thái Niên",
  "Xa_Phong_Nien": "Xã Phong Niên",
  "Xa_Gia_Phu": "Xã Gia Phú",
  "Xa_Xuan_Quang": "Xã Xuân Quang",
  "Xa_Son_Hai": "Xã Sơn Hải",
  "Xa_Xuan_Giao": "Xã Xuân Giao",
  "Xa_Tri_Quang": "Xã Trì Quang",
  "Xa_Son_Ha": "Xã Sơn Hà",
  "Xa_Phu_Nhuan": "Xã Phú Nhuận",
  "Huyen_Bao_Yen": "Huyện Bảo Yên",
  "Thi_tran_Pho_Rang": "Thị trấn Phố Ràng",
  "Xa_Tan_Tien": "Xã Tân Tiến",
  "Xa_Nghia_Do": "Xã Nghĩa Đô",
  "Xa_Vinh_Yen": "Xã Vĩnh Yên",
  "Xa_Dien_Quan": "Xã Điện Quan",
  "Xa_Xuan_Hoa": "Xã Xuân Hoà",
  "Xa_Tan_Duong": "Xã Tân Dương",
  "Xa_Thuong_Ha": "Xã Thượng Hà",
  "Xa_Kim_Son": "Xã Kim Sơn",
  "Xa_Cam_Con": "Xã Cam Cọn",
  "Xa_Minh_Tan": "Xã Minh Tân",
  "Xa_Xuan_Thuong": "Xã Xuân Thượng",
  "Xa_Viet_Tien": "Xã Việt Tiến",
  "Xa_Yen_Son": "Xã Yên Sơn",
  "Xa_Bao_Ha": "Xã Bảo Hà",
  "Xa_Luong_Son": "Xã Lương Sơn",
  "Xa_Phuc_Khanh": "Xã Phúc Khánh",
  "Thi_xa_Sa_Pa": "Thị xã Sa Pa",
  "Phuong_Sa_Pa": "Phường Sa Pả",
  "Phuong_O_Quy_Ho": "Phường Ô Quý Hồ",
  "Xa_Ngu_Chi_Son": "Xã Ngũ Chỉ Sơn",
  "Phuong_Phan_Si_Pang": "Phường Phan Si Păng",
  "Xa_Trung_Chai": "Xã Trung Chải",
  "Xa_Ta_Phin": "Xã Tả Phìn",
  "Phuong_Ham_Rong": "Phường Hàm Rồng",
  "Xa_Hoang_Lien": "Xã Hoàng Liên",
  "Phuong_Cau_May": "Phường Cầu Mây",
  "Xa_Muong_Hoa": "Xã Mường Hoa",
  "Xa_Ta_Van": "Xã Tả Van",
  "Xa_Muong_Bo": "Xã Mường Bo",
  "Xa_Ban_Ho": "Xã Bản Hồ",
  "Xa_Lien_Minh": "Xã Liên Minh",
  "Huyen_Van_Ban": "Huyện Văn Bàn",
  "Thi_tran_Khanh_Yen": "Thị trấn Khánh Yên",
  "Xa_Vo_Lao": "Xã Võ Lao",
  "Xa_Son_Thuy": "Xã Sơn Thuỷ",
  "Xa_Nam_Ma": "Xã Nậm Mả",
  "Xa_Tan_Thuong": "Xã Tân Thượng",
  "Xa_Nam_Rang": "Xã Nậm Rạng",
  "Xa_Tan_An": "Xã Tân An",
  "Xa_Khanh_Yen_Thuong": "Xã Khánh Yên Thượng",
  "Xa_Nam_Xe": "Xã Nậm Xé",
  "Xa_Dan_Thang": "Xã Dần Thàng",
  "Xa_Chieng_Ken": "Xã Chiềng Ken",
  "Xa_Lang_Giang": "Xã Làng Giàng",
  "Xa_Hoa_Mac": "Xã Hoà Mạc",
  "Xa_Khanh_Yen_Trung": "Xã Khánh Yên Trung",
  "Xa_Khanh_Yen_Ha": "Xã Khánh Yên Hạ",
  "Xa_Duong_Quy": "Xã Dương Quỳ",
  "Xa_Nam_Tha": "Xã Nậm Tha",
  "Xa_Minh_Luong": "Xã Minh Lương",
  "Xa_Tham_Duong": "Xã Thẩm Dương",
  "Xa_Liem_Phu": "Xã Liêm Phú",
  "Xa_Nam_Xay": "Xã Nậm Xây"
}