{
  "Lao_Cai": "Lao Cai",
  "Thanh_pho_Lao_Cai": "Lao Cai city",
  "Phuong_Duyen_Hai": "Duyen Hai Ward",
  "Phuong_Lao_Cai": "Lao Cai Ward",
  "Phuong_Coc_Leu": "Coc Leu Ward",
  "Phuong_Kim_Tan": "Kim Tan Ward",
  "Phuong_Bac_Lenh": "Bac Lenh Ward",
  "Phuong_Pom_Han": "Pom Han Ward",
  "Phuong_Xuan_Tang": "Xuan Tang Ward",
  "Phuong_Binh_Minh": "Binh Minh Ward",
  "Xa_Thong_Nhat": "Thong Nhat Commune",
  "Xa_Dong_Tuyen": "Dong Tuyen commune",
  "Xa_Van_Hoa": "Van Hoa commune",
  "Phuong_Bac_Cuong": "Bac Cuong Ward",
  "Phuong_Nam_Cuong": "Nam Cuong Ward",
  "Xa_Cam_Duong": "Cam Duong commune",
  "Xa_Ta_Phoi": "Ta Phoi commune",
  "Xa_Hop_Thanh": "Hop Thanh Commune",
  "Xa_Coc_San": "Coc San commune",
  "Huyen_Bat_Xat": "Bat Xat district",
  "Xa_A_Mu_Sung": "A Mu Sung commune",
  "Xa_Nam_Chac": "Nam Chac commune",
  "Xa_A_Lu": "A Lu commune",
  "Xa_Trinh_Tuong": "Trinh Tuong commune",
  "Xa_Y_Ty": "Y Ty commune",
  "Xa_Coc_My": "Coc My Commune",
  "Xa_Den_Sang": "Den Sang commune",
  "Xa_Ban_Vuoc": "Ban Vuoc commune",
  "Xa_Sang_Ma_Sao": "Sang Ma Sao Commune",
  "Xa_Ban_Qua": "Ban Qua Commune",
  "Xa_Muong_Vi": "Muong Vi commune",
  "Xa_Den_Thang": "Den Thang commune",
  "Xa_Ban_Xeo": "Ban Xeo commune",
  "Xa_Muong_Hum": "Muong Hum commune",
  "Xa_Trung_Leng_Ho": "Trung Leng Ho commune",
  "Xa_Quang_Kim": "Quang Kim commune",
  "Xa_Pa_Cheo": "Pa Cheo commune",
  "Xa_Nam_Pung": "Nam Pung commune",
  "Xa_Phin_Ngan": "Phin Ngan commune",
  "Xa_Tong_Sanh": "Tong Sanh commune",
  "Huyen_Muong_Khuong": "Muong Khuong District",
  "Xa_Pha_Long": "Pha Long commune",
  "Xa_Ta_Ngai_Cho": "Ta Ngai Cho commune",
  "Xa_Tung_Chung_Pho": "Tung Chung Pho Commune",
  "Xa_Din_Chin": "Din Chin commune",
  "Xa_Ta_Gia_Khau": "Ta Gia Khau commune",
  "Xa_Nam_Chay": "Nam Chay commune",
  "Xa_Nam_Lu": "Nam Lu commune",
  "Xa_Lung_Khau_Nhin": "Lung Khau Nhin commune",
  "Xa_Thanh_Binh": "Thanh Binh commune",
  "Xa_Cao_Son": "Cao Son commune",
  "Xa_Lung_Vai": "Lung Vai commune",
  "Xa_Ban_Lau": "Ban Lau commune",
  "Xa_La_Pan_Tan": "La Pan Tan commune",
  "Xa_Ta_Thang": "Ta Thang commune",
  "Xa_Ban_Sen": "Ban Sen commune",
  "Huyen_Si_Ma_Cai": "Si Ma Cai district",
  "Xa_Nan_San": "Nan San commune",
  "Xa_Thao_Chu_Phin": "Thao Chu Phin commune",
  "Xa_Ban_Me": "Ban Me Commune",
  "Xa_San_Chai": "San Chai commune",
  "Xa_Lung_Than": "Lung Than commune",
  "Xa_Can_Cau": "Can Cau commune",
  "Xa_Sin_Cheng": "Sin Cheng commune",
  "Xa_Quan_Ho_Than": "Quan Ho Than Commune",
  "Xa_Nan_Xin": "Nan Xin commune",
  "Huyen_Bac_Ha": "Bac Ha district",
  "Xa_Lung_Cai": "Lung Cai commune",
  "Xa_Lung_Phinh": "Lung Phinh commune",
  "Xa_Ta_Van_Chu": "Ta Van Chu commune",
  "Xa_Ta_Cu_Ty": "Ta Cu Ty commune",
  "Xa_Thai_Giang_Pho": "Thai Giang Pho commune",
  "Xa_Hoang_Thu_Pho": "Hoang Thu Pho Commune",
  "Xa_Ban_Pho": "Ban Pho Commune",
  "Xa_Ban_Lien": "Ban Lien Commune",
  "Xa_Ta_Chai": "Ta Chai commune",
  "Xa_Na_Hoi": "Na Hoi commune",
  "Xa_Coc_Ly": "Coc Ly commune",
  "Xa_Nam_Mon": "Nam Mon commune",
  "Xa_Nam_Det": "Nam Det commune",
  "Xa_Nam_Khanh": "Nam Khanh commune",
  "Xa_Bao_Nhai": "Bao Nhai commune",
  "Xa_Nam_Luc": "Nam Luc commune",
  "Xa_Coc_Lau": "Coc Lau commune",
  "Xa_Ban_Cai": "Ban Cai commune",
  "Huyen_Bao_Thang": "Bao Thang district",
  "Thi_tran_N.T_Phong_Hai": "N.T Phong Hai town",
  "Thi_tran_Pho_Lu": "Pho Lu town",
  "Thi_tran_Tang_Loong": "Tang Loong town",
  "Xa_Ban_Phiet": "Ban Phiet Commune",
  "Xa_Ban_Cam": "Ban Cam commune",
  "Xa_Thai_Nien": "Thai Nien commune",
  "Xa_Phong_Nien": "Phong Nien Commune",
  "Xa_Gia_Phu": "Gia Phu commune",
  "Xa_Xuan_Quang": "Xuan Quang commune",
  "Xa_Son_Hai": "Son Hai commune",
  "Xa_Xuan_Giao": "Xuan Giao commune",
  "Xa_Tri_Quang": "Tri Quang commune",
  "Xa_Son_Ha": "Son Ha commune",
  "Xa_Phu_Nhuan": "Phu Nhuan commune",
  "Huyen_Bao_Yen": "Bao Yen district",
  "Thi_tran_Pho_Rang": "Pho Rang town",
  "Xa_Tan_Tien": "Tan Tien Commune",
  "Xa_Nghia_Do": "Nghia Do commune",
  "Xa_Vinh_Yen": "Vinh Yen commune",
  "Xa_Dien_Quan": "Dien Quan Commune",
  "Xa_Xuan_Hoa": "Xuan Hoa commune",
  "Xa_Tan_Duong": "Tan Duong commune",
  "Xa_Thuong_Ha": "Thuong Ha commune",
  "Xa_Kim_Son": "Kim Son commune",
  "Xa_Cam_Con": "Cam Con commune",
  "Xa_Minh_Tan": "Minh Tan commune",
  "Xa_Xuan_Thuong": "Xuan Thuong commune",
  "Xa_Viet_Tien": "Viet Tien Commune",
  "Xa_Yen_Son": "Yen Son commune",
  "Xa_Bao_Ha": "Bao Ha commune",
  "Xa_Luong_Son": "Luong Son commune",
  "Xa_Phuc_Khanh": "Phuc Khanh Commune",
  "Thi_xa_Sa_Pa": "Sa Pa town",
  "Phuong_Sa_Pa": "Sa Pa Ward",
  "Phuong_O_Quy_Ho": "O Quy Ho Ward",
  "Xa_Ngu_Chi_Son": "Ngu Chi Son commune",
  "Phuong_Phan_Si_Pang": "Phan Si Pang Ward",
  "Xa_Trung_Chai": "Trung Chai commune",
  "Xa_Ta_Phin": "Ta Phin commune",
  "Phuong_Ham_Rong": "Ham Rong Ward",
  "Xa_Hoang_Lien": "Hoang Lien commune",
  "Phuong_Cau_May": "Cau May Ward",
  "Xa_Muong_Hoa": "Muong Hoa commune",
  "Xa_Ta_Van": "Ta Van commune",
  "Xa_Muong_Bo": "Muong Bo commune",
  "Xa_Ban_Ho": "Ban Ho Commune",
  "Xa_Lien_Minh": "Lien Minh Commune",
  "Huyen_Van_Ban": "Van Ban district",
  "Thi_tran_Khanh_Yen": "Khanh Yen town",
  "Xa_Vo_Lao": "Vo Lao commune",
  "Xa_Son_Thuy": "Son Thuy commune",
  "Xa_Nam_Ma": "Nam Ma Commune",
  "Xa_Tan_Thuong": "Tan Thuong commune",
  "Xa_Nam_Rang": "Nam Rang commune",
  "Xa_Tan_An": "Tan An commune",
  "Xa_Khanh_Yen_Thuong": "Khanh Yen Thuong commune",
  "Xa_Nam_Xe": "Nam Xe commune",
  "Xa_Dan_Thang": "Dan Thang commune",
  "Xa_Chieng_Ken": "Chieng Ken commune",
  "Xa_Lang_Giang": "Lang Giang commune",
  "Xa_Hoa_Mac": "Hoa Mac commune",
  "Xa_Khanh_Yen_Trung": "Khanh Yen Trung commune",
  "Xa_Khanh_Yen_Ha": "Khanh Yen Ha commune",
  "Xa_Duong_Quy": "Duong Quy commune",
  "Xa_Nam_Tha": "Nam Tha commune",
  "Xa_Minh_Luong": "Minh Luong commune",
  "Xa_Tham_Duong": "Tham Duong commune",
  "Xa_Liem_Phu": "Liem Phu commune",
  "Xa_Nam_Xay": "Nam Xay commune"
}