{
  "Gia_Lai": "Gia Lai",
  "Thanh_pho_Pleiku": "Thành phố Pleiku",
  "Phuong_Yen_Do": "Phường Yên Đỗ",
  "Phuong_Dien_Hong": "Phường Diên Hồng",
  "Phuong_Ia_Kring": "Phường Ia Kring",
  "Phuong_Hoi_Thuong": "Phường Hội Thương",
  "Phuong_Hoi_Phu": "Phường Hội Phú",
  "Phuong_Phu_Dong": "Phường Phù Đổng",
  "Phuong_Hoa_Lu": "Phường Hoa Lư",
  "Phuong_Tay_Son": "Phường Tây Sơn",
  "Phuong_Thong_Nhat": "Phường Thống Nhất",
  "Phuong_Dong_Da": "Phường Đống Đa",
  "Phuong_Tra_Ba": "Phường Trà Bá",
  "Phuong_Thang_Loi": "Phường Thắng Lợi",
  "Phuong_Yen_The": "Phường Yên Thế",
  "Phuong_Chi_Lang": "Phường Chi Lăng",
  "Xa_Bien_Ho": "Xã Biển Hồ",
  "Xa_Tan_Son": "Xã Tân Sơn",
  "Xa_Tra_Da": "Xã Trà Đa",
  "Xa_Chu_A": "Xã Chư Á",
  "Xa_An_Phu": "Xã An Phú",
  "Xa_Dien_Phu": "Xã Diên Phú",
  "Xa_Ia_Kenh": "Xã Ia Kênh",
  "Xa_Gao": "Xã Gào",
  "Thi_xa_An_Khe": "Thị xã An Khê",
  "Phuong_An_Binh": "Phường An Bình",
  "Phuong_An_Phu": "Phường An Phú",
  "Phuong_An_Tan": "Phường An Tân",
  "Xa_Tu_An": "Xã Tú An",
  "Xa_Xuan_An": "Xã Xuân An",
  "Xa_Cuu_An": "Xã Cửu An",
  "Phuong_An_Phuoc": "Phường An Phước",
  "Xa_Song_An": "Xã Song An",
  "Phuong_Ngo_May": "Phường Ngô Mây",
  "Xa_Thanh_An": "Xã Thành An",
  "Thi_xa_Ayun_Pa": "Thị xã Ayun Pa",
  "Phuong_Cheo_Reo": "Phường Cheo Reo",
  "Phuong_Hoa_Binh": "Phường Hòa Bình",
  "Phuong_Doan_Ket": "Phường Đoàn Kết",
  "Phuong_Song_Bo": "Phường Sông Bờ",
  "Xa_Ia_RBol": "Xã Ia RBol",
  "Xa_Chu_Bah": "Xã Chư Băh",
  "Xa_Ia_RTo": "Xã Ia RTô",
  "Xa_Ia_Sao": "Xã Ia Sao",
  "Huyen_KBang": "Huyện KBang",
  "Xa_Kon_Pne": "Xã Kon Pne",
  "Xa_Dak_Roong": "Xã Đăk Roong",
  "Xa_Son_Lang": "Xã Sơn Lang",
  "Xa_KRong": "Xã KRong",
  "Xa_So_Pai": "Xã Sơ Pai",
  "Xa_Lo_Ku": "Xã Lơ Ku",
  "Xa_Dong": "Xã Đông",
  "Xa_Dak_SMar": "Xã Đak SMar",
  "Xa_Nghia_An": "Xã Nghĩa An",
  "Xa_To_Tung": "Xã Tơ Tung",
  "Xa_Kong_Long_Khong": "Xã Kông Lơng Khơng",
  "Xa_Kong_Pla": "Xã Kông Pla",
  "Xa_Dak_HLo": "Xã Đăk HLơ",
  "Huyen_Dak_Doa": "Huyện Đăk Đoa",
  "Xa_Ha_Dong": "Xã Hà Đông",
  "Xa_Dak_Somei": "Xã Đăk Sơmei",
  "Xa_Dak_Krong": "Xã Đăk Krong",
  "Xa_Hai_Yang": "Xã Hải Yang",
  "Xa_Kon_Gang": "Xã Kon Gang",
  "Xa_Ha_Bau": "Xã Hà Bầu",
  "Xa_Nam_Yang": "Xã Nam Yang",
  "Xa_K__Dang": "Xã K' Dang",
  "Xa_H__Neng": "Xã H' Neng",
  "Xa_Tan_Binh": "Xã Tân Bình",
  "Xa_Glar": "Xã Glar",
  "Xa_A_Dok": "Xã A Dơk",
  "Xa_Trang": "Xã Trang",
  "Xa_HNol": "Xã HNol",
  "Xa_Ia_Pet": "Xã Ia Pết",
  "Xa_Ia_Bang": "Xã Ia Bang",
  "Huyen_Chu_Pah": "Huyện Chư Păh",
  "Thi_tran_Phu_Hoa": "Thị trấn Phú Hòa",
  "Xa_Ha_Tay": "Xã Hà Tây",
  "Xa_Ia_Khuol": "Xã Ia Khươl",
  "Xa_Ia_Phi": "Xã Ia Phí",
  "Thi_tran_Ia_Ly": "Thị trấn Ia Ly",
  "Xa_Ia_Mo_Nong": "Xã Ia Mơ Nông",
  "Xa_Ia_Kreng": "Xã Ia Kreng",
  "Xa_Dak_To_Ver": "Xã Đăk Tơ Ver",
  "Xa_Hoa_Phu": "Xã Hòa Phú",
  "Xa_Chu_Dang_Ya": "Xã Chư Đăng Ya",
  "Xa_Ia_Ka": "Xã Ia Ka",
  "Xa_Ia_Nhin": "Xã Ia Nhin",
  "Xa_Nghia_Hoa": "Xã Nghĩa Hòa",
  "Xa_Nghia_Hung": "Xã Nghĩa Hưng",
  "Huyen_Ia_Grai": "Huyện Ia Grai",
  "Thi_tran_Ia_Kha": "Thị trấn Ia Kha",
  "Xa_Ia_Yok": "Xã Ia Yok",
  "Xa_Ia_Hrung": "Xã Ia Hrung",
  "Xa_Ia_Ba": "Xã Ia Bă",
  "Xa_Ia_Khai": "Xã Ia Khai",
  "Xa_Ia_KRai": "Xã Ia KRai",
  "Xa_Ia_Grang": "Xã Ia Grăng",
  "Xa_Ia_To": "Xã Ia Tô",
  "Xa_Ia_O": "Xã Ia O",
  "Xa_Ia_Der": "Xã Ia Dêr",
  "Xa_Ia_Chia": "Xã Ia Chia",
  "Xa_Ia_Pech": "Xã Ia Pếch",
  "Huyen_Mang_Yang": "Huyện Mang Yang",
  "Thi_tran_Kon_Dong": "Thị trấn Kon Dơng",
  "Xa_Ayun": "Xã Ayun",
  "Xa_Dak_Jo_Ta": "Xã Đak Jơ Ta",
  "Xa_Dak_Ta_Ley": "Xã Đak Ta Ley",
  "Xa_Hra": "Xã Hra",
  "Xa_Dak_Ya": "Xã Đăk Yă",
  "Xa_Dak_Djrang": "Xã Đăk Djrăng",
  "Xa_Lo_Pang": "Xã Lơ Pang",
  "Xa_Kon_Thup": "Xã Kon Thụp",
  "Xa_De_Ar": "Xã Đê Ar",
  "Xa_Kon_Chieng": "Xã Kon Chiêng",
  "Xa_Dak_Troi": "Xã Đăk Trôi",
  "Huyen_Kong_Chro": "Huyện Kông Chro",
  "Xa_Chu_Krey": "Xã Chư Krêy",
  "Xa_An_Trung": "Xã An Trung",
  "Xa_Kong_Yang": "Xã Kông Yang",
  "Xa_Dak_To_Pang": "Xã Đăk Tơ Pang",
  "Xa_SRo": "Xã SRó",
  "Xa_Dak_Ko_Ning": "Xã Đắk Kơ Ning",
  "Xa_Dak_Song": "Xã Đăk Song",
  "Xa_Dak_Pling": "Xã Đăk Pling",
  "Xa_Yang_Trung": "Xã Yang Trung",
  "Xa_Dak_Po_Pho": "Xã Đăk Pơ Pho",
  "Xa_Ya_Ma": "Xã Ya Ma",
  "Xa_Cho_Long": "Xã Chơ Long",
  "Xa_Yang_Nam": "Xã Yang Nam",
  "Huyen_Duc_Co": "Huyện Đức Cơ",
  "Thi_tran_Chu_Ty": "Thị trấn Chư Ty",
  "Xa_Ia_Dok": "Xã Ia Dơk",
  "Xa_Ia_Krel": "Xã Ia Krêl",
  "Xa_Ia_Din": "Xã Ia Din",
  "Xa_Ia_Kla": "Xã Ia Kla",
  "Xa_Ia_Dom": "Xã Ia Dom",
  "Xa_Ia_Lang": "Xã Ia Lang",
  "Xa_Ia_Krieng": "Xã Ia Kriêng",
  "Xa_Ia_Pnon": "Xã Ia Pnôn",
  "Xa_Ia_Nan": "Xã Ia Nan",
  "Huyen_Chu_Prong": "Huyện Chư Prông",
  "Xa_Ia_Kly": "Xã Ia Kly",
  "Xa_Binh_Giao": "Xã Bình Giáo",
  "Xa_Ia_Drang": "Xã Ia Drăng",
  "Xa_Thang_Hung": "Xã Thăng Hưng",
  "Xa_Bau_Can": "Xã Bàu Cạn",
  "Xa_Ia_Phin": "Xã Ia Phìn",
  "Xa_Ia_Tor": "Xã Ia Tôr",
  "Xa_Ia_Boong": "Xã Ia Boòng",
  "Xa_Ia_Puch": "Xã Ia Púch",
  "Xa_Ia_Me": "Xã Ia Me",
  "Xa_Ia_Ve": "Xã Ia Vê",
  "Xa_Ia_Pia": "Xã Ia Pia",
  "Xa_Ia_Ga": "Xã Ia Ga",
  "Xa_Ia_Lau": "Xã Ia Lâu",
  "Xa_Ia_Pior": "Xã Ia Piơr",
  "Xa_Ia_Mo": "Xã Ia Mơ",
  "Huyen_Chu_Se": "Huyện Chư Sê",
  "Xa_Ia_Tiem": "Xã Ia Tiêm",
  "Xa_Chu_Pong": "Xã Chư Pơng",
  "Xa_Bar_Maih": "Xã Bar Măih",
  "Xa_Bo_Ngoong": "Xã Bờ Ngoong",
  "Xa_Ia_Glai": "Xã Ia Glai",
  "Xa_AL_Ba": "Xã AL Bá",
  "Xa_Kong_HTok": "Xã Kông HTok",
  "Xa_AYun": "Xã AYun",
  "Xa_Ia_HLop": "Xã Ia HLốp",
  "Xa_Ia_Blang": "Xã Ia Blang",
  "Xa_Dun": "Xã Dun",
  "Xa_Ia_Pal": "Xã Ia Pal",
  "Xa_H_Bong": "Xã H Bông",
  "Xa_Ia_Ko": "Xã Ia Ko",
  "Huyen_Dak_Po": "Huyện Đăk Pơ",
  "Xa_Ha_Tam": "Xã Hà Tam",
  "Xa_An_Thanh": "Xã An Thành",
  "Xa_Yang_Bac": "Xã Yang Bắc",
  "Xa_Cu_An": "Xã Cư An",
  "Xa_Tan_An": "Xã Tân An",
  "Xa_Phu_An": "Xã Phú An",
  "Xa_Ya_Hoi": "Xã Ya Hội",
  "Huyen_Ia_Pa": "Huyện Ia Pa",
  "Xa_Po_To": "Xã Pờ Tó",
  "Xa_Chu_Rang": "Xã Chư Răng",
  "Xa_Ia_KDam": "Xã Ia KDăm",
  "Xa_Kim_Tan": "Xã Kim Tân",
  "Xa_Chu_Mo": "Xã Chư Mố",
  "Xa_Ia_Tul": "Xã Ia Tul",
  "Xa_Ia_Ma_Ron": "Xã Ia Ma Rơn",
  "Xa_Ia_Broai": "Xã Ia Broăi",
  "Xa_Ia_Trok": "Xã Ia Trok",
  "Huyen_Krong_Pa": "Huyện Krông Pa",
  "Thi_tran_Phu_Tuc": "Thị trấn Phú Túc",
  "Xa_Ia_RSai": "Xã Ia RSai",
  "Xa_Ia_RSuom": "Xã Ia RSươm",
  "Xa_Chu_Gu": "Xã Chư Gu",
  "Xa_Dat_Bang": "Xã Đất Bằng",
  "Xa_Ia_Mlah": "Xã Ia Mláh",
  "Xa_Chu_Drang": "Xã Chư Drăng",
  "Xa_Phu_Can": "Xã Phú Cần",
  "Xa_Ia_HDreh": "Xã Ia HDreh",
  "Xa_Ia_RMok": "Xã Ia RMok",
  "Xa_Chu_Ngoc": "Xã Chư Ngọc",
  "Xa_Uar": "Xã Uar",
  "Xa_Chu_Rcam": "Xã Chư Rcăm",
  "Xa_Krong_Nang": "Xã Krông Năng",
  "Huyen_Phu_Thien": "Huyện Phú Thiện",
  "Xa_Chu_A_Thai": "Xã Chư A Thai",
  "Xa_Ayun_Ha": "Xã Ayun Hạ",
  "Xa_Ia_Ake": "Xã Ia Ake",
  "Xa_Ia_Sol": "Xã Ia Sol",
  "Xa_Ia_Piar": "Xã Ia Piar",
  "Xa_Ia_Peng": "Xã Ia Peng",
  "Xa_Chroh_Ponan": "Xã Chrôh Pơnan",
  "Xa_Ia_Hiao": "Xã Ia Hiao",
  "Xa_Ia_Yeng": "Xã Ia Yeng",
  "Huyen_Chu_Puh": "Huyện Chư Pưh",
  "Thi_tran_Nhon_Hoa": "Thị trấn Nhơn Hoà",
  "Xa_Ia_Hru": "Xã Ia Hrú",
  "Xa_Ia_Rong": "Xã Ia Rong",
  "Xa_Ia_Dreng": "Xã Ia Dreng",
  "Xa_Ia_Hla": "Xã Ia Hla",
  "Xa_Chu_Don": "Xã Chư Don",
  "Xa_Ia_Phang": "Xã Ia Phang",
  "Xa_Ia_Le": "Xã Ia Le",
  "Xa_Ia_BLu": "Xã Ia BLứ"
}