{
  "Son_La": "Son La",
  "Thanh_pho_Son_La": "Son La city",
  "Phuong_Chieng_Le": "Chieng Le Ward",
  "Phuong_To_Hieu": "To Hieu Ward",
  "Phuong_Quyet_Thang": "Quyet Thang Ward",
  "Phuong_Quyet_Tam": "Quyet Tam Ward",
  "Xa_Chieng_Co": "Chieng Co commune",
  "Xa_Chieng_Den": "Chieng Den commune",
  "Xa_Chieng_Xom": "Chieng Xom commune",
  "Phuong_Chieng_An": "Chieng An Ward",
  "Phuong_Chieng_Coi": "Chieng Coi Ward",
  "Xa_Chieng_Ngan": "Chieng Ngan commune",
  "Xa_Hua_La": "Hua La commune",
  "Phuong_Chieng_Sinh": "Chieng Sinh Ward",
  "Huyen_Quynh_Nhai": "Quynh Nhai district",
  "Xa_Muong_Chien": "Muong Chien commune",
  "Xa_Ca_Nang": "Ca Nang commune",
  "Xa_Chieng_Khay": "Chieng Khay commune",
  "Xa_Muong_Gion": "Muong Gon commune",
  "Xa_Pa_Ma_Pha_Khinh": "Pa Ma Pha Khinh commune",
  "Xa_Chieng_On": "Chieng On commune",
  "Xa_Muong_Giang": "Muong Giang commune",
  "Xa_Chieng_Bang": "Chieng Bang commune",
  "Xa_Muong_Sai": "Muong Sai commune",
  "Xa_Nam_et": "Nam et commune",
  "Xa_Chieng_Khoang": "Chieng Khoang commune",
  "Huyen_Thuan_Chau": "Thuan Chau district",
  "Xa_Phong_Lai": "Phong Lai commune",
  "Xa_Muong_e": "Muong é commune",
  "Xa_Chieng_Pha": "Chieng Pha commune",
  "Xa_Chieng_La": "Chieng La commune",
  "Xa_Chieng_Ngam": "Chieng Ngam commune",
  "Xa_Liep_Te": "Liep Te commune",
  "Xa_e_Tong": "é Tong commune",
  "Xa_Phong_Lap": "Phong Lap commune",
  "Xa_Phong_Lang": "Phung Lang commune",
  "Xa_Chieng_Ly": "Chieng Ly commune",
  "Xa_Noong_Lay": "Noong Lay Commune",
  "Xa_Muong_Khieng": "Muong Khieng commune",
  "Xa_Muong_Bam": "Muong Bam commune",
  "Xa_Long_He": "Long He commune",
  "Xa_Chieng_Bom": "Chieng Bom commune",
  "Xa_Thom_Mon": "Thom Mon commune",
  "Xa_Tong_Lanh": "Tong Lanh Commune",
  "Xa_Tong_Co": "Tong Co commune",
  "Xa_Bo_Muoi": "Bo Muoi commune",
  "Xa_Co_Ma": "Co Ma commune",
  "Xa_Pung_Tra": "Pung Tra commune",
  "Xa_Chieng_Pac": "Chieng Pac commune",
  "Xa_Nam_Lau": "Nam Lau commune",
  "Xa_Bon_Phang": "Bon Phang commune",
  "Xa_Co_Tong": "Co Tong commune",
  "Xa_Muoi_Noi": "Muoi Noi Commune",
  "Xa_Pa_Long": "Pa Long commune",
  "Xa_Ban_Lam": "Ban Lam Commune",
  "Huyen_Muong_La": "Muong La district",
  "Thi_tran_It_Ong": "It Ong Town",
  "Xa_Nam_Gion": "Nam Gon commune",
  "Xa_Chieng_Lao": "Chieng Lao commune",
  "Xa_Hua_Trai": "Hua Trai commune",
  "Xa_Ngoc_Chien": "Ngoc Chien Commune",
  "Xa_Muong_Trai": "Muong Trai commune",
  "Xa_Nam_Pam": "Nam Pam commune",
  "Xa_Chieng_Muon": "Chieng Muon commune",
  "Xa_Chieng_An": "Chieng An commune",
  "Xa_Pi_Toong": "Pi Toong commune",
  "Xa_Chieng_Cong": "Chieng Cong commune",
  "Xa_Ta_Bu": "Ta Bu commune",
  "Xa_Chieng_San": "Chieng San commune",
  "Xa_Muong_Bu": "Muong Bu commune",
  "Xa_Chieng_Hoa": "Chieng Hoa commune",
  "Xa_Muong_Chum": "Muong Chum commune",
  "Huyen_Bac_Yen": "Bac Yen district",
  "Xa_Phieng_Ban": "Phieng Ban commune",
  "Xa_Hang_Chu": "Hang Chu commune",
  "Xa_Xim_Vang": "Xim Vang commune",
  "Xa_Ta_Xua": "Ta Xua commune",
  "Xa_Hang_Dong": "Hang Dong commune",
  "Xa_Pac_Nga": "Pac Nga commune",
  "Xa_Lang_Cheu": "Lang Cheu commune",
  "Xa_Chim_Van": "Chim Van Commune",
  "Xa_Muong_Khoa": "Muong Khoa commune",
  "Xa_Song_Pe": "Song Pe commune",
  "Xa_Hong_Ngai": "Hong Ngai Commune",
  "Xa_Ta_Khoa": "Ta Khoa commune",
  "Xa_Hua_Nhan": "Hua Nhan Commune",
  "Xa_Phieng_Con": "Phieng Con commune",
  "Xa_Chieng_Sai": "Chieng Sai commune",
  "Huyen_Phu_Yen": "Phu Yen district",
  "Xa_Suoi_To": "Suoi To commune",
  "Xa_Muong_Thai": "Muong Thai commune",
  "Xa_Muong_Coi": "Muong Coi commune",
  "Xa_Quang_Huy": "Quang Huy commune",
  "Xa_Huy_Bac": "Huy Bac commune",
  "Xa_Huy_Thuong": "Huy Thuong commune",
  "Xa_Tan_Lang": "Tan Lang commune",
  "Xa_Gia_Phu": "Gia Phu Commune",
  "Xa_Tuong_Phu": "Tuong Phu commune",
  "Xa_Huy_Ha": "Huy Ha Commune",
  "Xa_Huy_Tan": "Huy Tan commune",
  "Xa_Muong_Lang": "Muong Lang commune",
  "Xa_Suoi_Bau": "Suoi Bau commune",
  "Xa_Huy_Tuong": "Huy Tuong commune",
  "Xa_Muong_Do": "Muong Do commune",
  "Xa_Sap_Xa": "Sap Xa commune",
  "Xa_Tuong_Thuong": "Tuong Thuong commune",
  "Xa_Tuong_Tien": "Tuong Tien commune",
  "Xa_Tuong_Phong": "Tuong Phong commune",
  "Xa_Tuong_Ha": "Tuong Ha commune",
  "Xa_Kim_Bon": "Kim Bon commune",
  "Xa_Muong_Bang": "Muong Bang commune",
  "Xa_Da_Do": "Red Rock Commune",
  "Xa_Tan_Phong": "Tan Phong commune",
  "Xa_Nam_Phong": "Nam Phong commune",
  "Xa_Bac_Phong": "Bac Phong commune",
  "Huyen_Moc_Chau": "Moc Chau district",
  "Thi_tran_NT_Moc_Chau": "Moc Chau NT town",
  "Xa_Chieng_Son": "Chieng Son commune",
  "Xa_Tan_Hop": "Tan Hop commune",
  "Xa_Qui_Huong": "Qui Huong Commune",
  "Xa_Tan_Lap": "Tan Lap commune",
  "Xa_Na_Muong": "Na Muong commune",
  "Xa_Ta_Lai": "Ta Lai commune",
  "Xa_Chieng_Hac": "Chieng Hac commune",
  "Xa_Hua_Pang": "Hua Pang commune",
  "Xa_Chieng_Khua": "Chieng Khua commune",
  "Xa_Muong_Sang": "Muong Sang commune",
  "Xa_Dong_Sang": "Dong Sang commune",
  "Xa_Phieng_Luong": "Phieng Luong commune",
  "Xa_Long_Sap": "Long Sap commune",
  "Huyen_Yen_Chau": "Yen Chau district",
  "Xa_Chieng_Dong": "Chieng Dong commune",
  "Xa_Sap_Vat": "Sap Vat commune",
  "Xa_Chieng_Sang": "Chieng Sang commune",
  "Xa_Chieng_Pan": "Chieng Pan commune",
  "Xa_Vieng_Lan": "Vieng Lan commune",
  "Xa_Muong_Lum": "Muong Lum commune",
  "Xa_Yen_Son": "Yen Son commune",
  "Xa_Chieng_Khoi": "Chieng Khoi commune",
  "Xa_Tu_Nang": "Tu Nang commune",
  "Xa_Long_Phieng": "Long Phieng commune",
  "Xa_Phieng_Khoai": "Phieng Khoai commune",
  "Xa_Chieng_Tuong": "Chieng Tuong commune",
  "Huyen_Mai_Son": "Mai Son district",
  "Thi_tran_Hat_Lot": "Hat Lot town",
  "Xa_Chieng_Sung": "Chieng Sung commune",
  "Xa_Chieng_Chan": "Chieng Chan commune",
  "Xa_Muong_Chanh": "Muong Chanh commune",
  "Xa_Chieng_Ban": "Chieng Ban commune",
  "Xa_Chieng_Mung": "Chieng Mung commune",
  "Xa_Muong_Bon": "Muong Bon commune",
  "Xa_Chieng_Chung": "Chieng Chung commune",
  "Xa_Chieng_Mai": "Chieng Mai commune",
  "Xa_Hat_Lot": "Hat Lot commune",
  "Xa_Na_Po": "Na Po commune",
  "Xa_Co_Noi": "Co Noi commune",
  "Xa_Chieng_Noi": "Chieng Noi Commune",
  "Xa_Phieng_Cam": "Phieng Cam commune",
  "Xa_Chieng_Kheo": "Chieng Kheo commune",
  "Xa_Chieng_Ve": "Chieng Ve commune",
  "Xa_Chieng_Luong": "Chieng Luong commune",
  "Xa_Phieng_Pan": "Phieng Pan commune",
  "Xa_Na_Ot": "Na Ot commune",
  "Xa_Ta_Hoc": "Ta Hoc commune",
  "Huyen_Song_Ma": "Song Ma District",
  "Xa_Bo_Sinh": "Bo Sinh commune",
  "Xa_Pu_Pau": "Pu Pau commune",
  "Xa_Chieng_Phung": "Chieng Phung commune",
  "Xa_Chieng_En": "Chieng En commune",
  "Xa_Muong_Lam": "Muong Lam commune",
  "Xa_Nam_Ty": "Nam Ty commune",
  "Xa_Dua_Mon": "Dua Mon commune",
  "Xa_Yen_Hung": "Yen Hung commune",
  "Xa_Chieng_So": "Chieng So commune",
  "Xa_Na_Nghiu": "Na Nghiu commune",
  "Xa_Nam_Man": "Nam Man commune",
  "Xa_Chieng_Khoong": "Chieng Khoong commune",
  "Xa_Chieng_Cang": "Chieng Cang commune",
  "Xa_Huoi_Mot": "Huoi Mot Commune",
  "Xa_Muong_Cai": "Muong Cai commune",
  "Xa_Muong_Hung": "Muong Hung commune",
  "Xa_Chieng_Khuong": "Chieng Khuong commune",
  "Huyen_Sop_Cop": "Sop Cop District",
  "Xa_Sam_Kha": "Sam Kha commune",
  "Xa_Pung_Banh": "Pung Banh Commune",
  "Xa_Sop_Cop": "Sop Cop commune",
  "Xa_Dom_Cang": "Dom Cang commune",
  "Xa_Nam_Lanh": "Nam Lanh Commune",
  "Xa_Muong_Leo": "Muong Leo commune",
  "Xa_Muong_Va": "Muong Va Commune",
  "Xa_Muong_Lan": "Muong Lan commune",
  "Huyen_Van_Ho": "Van Ho district",
  "Xa_Suoi_Bang": "Suoi Bang commune",
  "Xa_Song_Khua": "Song Khua commune",
  "Xa_Lien_Hoa": "Lien Hoa Commune",
  "Xa_To_Mua": "To Mua commune",
  "Xa_Muong_Te": "Muong Te commune",
  "Xa_Chieng_Khoa": "Chieng Khoa commune",
  "Xa_Muong_Men": "Muong Men commune",
  "Xa_Quang_Minh": "Quang Minh commune",
  "Xa_Van_Ho": "Van Ho commune",
  "Xa_Long_Luong": "Long Luong commune",
  "Xa_Chieng_Yen": "Chieng Yen commune",
  "Xa_Chieng_Xuan": "Chieng Xuan Commune",
  "Xa_Xuan_Nha": "Xuan Nha commune",
  "Xa_Tan_Xuan": "Tan Xuan commune"
}