{
  "Hoa_Binh": "Peace",
  "Thanh_pho_Hoa_Binh": "Hoa Binh City",
  "Phuong_Thai_Binh": "Thai Binh Ward",
  "Phuong_Tan_Hoa": "Tan Hoa Ward",
  "Phuong_Thinh_Lang": "Thinh Lang Ward",
  "Phuong_Huu_Nghi": "Huu Nghi Ward",
  "Phuong_Tan_Thinh": "Tan Thinh Ward",
  "Phuong_Dong_Tien": "Dong Tien Ward",
  "Phuong_Phuong_Lam": "Phuong Lam Ward",
  "Xa_Yen_Mong": "Yen Mong commune",
  "Xa_Su_Ngoi": "Su Ngoi commune",
  "Phuong_Dan_Chu": "Dan Chu Ward",
  "Xa_Hoa_Binh": "Hoa Binh Commune",
  "Phuong_Thong_Nhat": "Thong Nhat Ward",
  "Phuong_Ky_Son": "Ky Son Ward",
  "Xa_Thinh_Minh": "Thinh Minh Commune",
  "Xa_Hop_Thanh": "Hop Thanh Commune",
  "Xa_Quang_Tien": "Quang Tien Commune",
  "Xa_Mong_Hoa": "Mong Hoa Commune",
  "Xa_Trung_Minh": "Trung Minh commune",
  "Xa_Doc_Lap": "Doc Lap Commune",
  "Huyen_Da_Bac": "Da Bac district",
  "Xa_Nanh_Nghe": "Nanh Nghe commune",
  "Xa_Giap_Dat": "Giap Dat Commune",
  "Xa_Muong_Chieng": "Muong Chieng commune",
  "Xa_Tan_Pheo": "Tan Pheo commune",
  "Xa_Dong_Chum": "Dong Chum commune",
  "Xa_Tan_Minh": "Tan Minh commune",
  "Xa_Doan_Ket": "Doan Ket Commune",
  "Xa_Dong_Ruong": "Dong Ruong Commune",
  "Xa_Tu_Ly": "Tu Ly commune",
  "Xa_Trung_Thanh": "Trung Thanh Commune",
  "Xa_Yen_Hoa": "Yen Hoa commune",
  "Xa_Cao_Son": "Cao Son commune",
  "Xa_Toan_Son": "Toan Son commune",
  "Xa_Hien_Luong": "Hien Luong commune",
  "Xa_Tien_Phong": "Tien Phong Commune",
  "Xa_Vay_Nua": "Vay Nua commune",
  "Huyen_Luong_Son": "Luong Son district",
  "Xa_Lam_Son": "Lam Son commune",
  "Xa_Hoa_Son": "Hoa Son commune",
  "Xa_Tan_Vinh": "Tan Vinh commune",
  "Xa_Nhuan_Trach": "Nhuan Trach Commune",
  "Xa_Cu_Yen": "Cu Yen commune",
  "Xa_Lien_Son": "Lien Son commune",
  "Xa_Cao_Duong": "Cao Duong commune",
  "Xa_Thanh_Son": "Thanh Son commune",
  "Xa_Thanh_Cao": "Thanh Cao Commune",
  "Huyen_Kim_Boi": "Kim Boi district",
  "Thi_tran_Bo": "Bo Town",
  "Xa_Du_Sang": "Du Sang Commune",
  "Xa_Hung_Son": "Hung Son commune",
  "Xa_Binh_Son": "Binh Son commune",
  "Xa_Tu_Son": "Tu Son commune",
  "Xa_Vinh_Tien": "Vinh Tien commune",
  "Xa_Dong_Bac": "Dong Bac Commune",
  "Xa_Xuan_Thuy": "Xuan Thuy commune",
  "Xa_Vinh_Dong": "Vinh Dong commune",
  "Xa_Kim_Lap": "Kim Lap commune",
  "Xa_Hop_Tien": "Hop Tien Commune",
  "Xa_Kim_Boi": "Kim Boi commune",
  "Xa_Nam_Thuong": "Nam Thuong commune",
  "Xa_Cuoi_Ha": "Cuoi Ha Commune",
  "Xa_Sao_Bay": "Sao Bay commune",
  "Xa_Mi_Hoa": "Mi Hoa commune",
  "Xa_Nuong_Dam": "Nuong Dam commune",
  "Huyen_Cao_Phong": "Cao Phong district",
  "Xa_Binh_Thanh": "Binh Thanh commune",
  "Xa_Thung_Nai": "Thung Nai commune",
  "Xa_Bac_Phong": "Bac Phong commune",
  "Xa_Thu_Phong": "Thu Phong commune",
  "Xa_Hop_Phong": "Hop Phong commune",
  "Xa_Tay_Phong": "Tay Phong commune",
  "Xa_Dung_Phong": "Dung Phong commune",
  "Xa_Nam_Phong": "Nam Phong commune",
  "Xa_Thach_Yen": "Thach Yen commune",
  "Huyen_Tan_Lac": "Tan Lac district",
  "Thi_tran_Man_Duc": "Man Duc town",
  "Xa_Suoi_Hoa": "Suoi Hoa commune",
  "Xa_Phu_Vinh": "Phu Vinh commune",
  "Xa_Phu_Cuong": "Phu Cuong commune",
  "Xa_My_Hoa": "My Hoa commune",
  "Xa_Quyet_Chien": "Quyet Chien Commune",
  "Xa_Phong_Phu": "Phong Phu commune",
  "Xa_Tu_Ne": "Tu Ne commune",
  "Xa_Thanh_Hoi": "Thanh Hoi commune",
  "Xa_Ngoc_My": "Ngoc My commune",
  "Xa_Dong_Lai": "Dong Lai commune",
  "Xa_Van_Son": "Van Son commune",
  "Xa_Nhan_My": "Nhan My Commune",
  "Xa_Lo_Son": "Lo Son commune",
  "Xa_Ngo_Luong": "Ngo Luong commune",
  "Xa_Gia_Mo": "Gia Mo commune",
  "Huyen_Mai_Chau": "Mai Chau district",
  "Xa_Tan_Thanh": "Tan Thanh commune",
  "Xa_Son_Thuy": "Son Thuy commune",
  "Xa_Pa_Co": "Pa Co commune",
  "Xa_Hang_Kia": "Hang Kia commune",
  "Xa_Dong_Tan": "Dong Tan commune",
  "Xa_Cun_Pheo": "Cun Pheo commune",
  "Xa_Bao_La": "Bao La commune",
  "Xa_Tong_Dau": "Tong Dau commune",
  "Xa_Na_Phon": "Na Phon commune",
  "Xa_Sam_Khoe": "Sam Khoe commune",
  "Xa_Chieng_Chau": "Chieng Chau commune",
  "Xa_Mai_Ha": "Mai Ha commune",
  "Xa_Mai_Hich": "Mai Hich commune",
  "Xa_Van_Mai": "Van Mai commune",
  "Huyen_Lac_Son": "Lac Son district",
  "Thi_tran_Vu_Ban": "Vu Ban town",
  "Xa_Quy_Hoa": "Quy Hoa commune",
  "Xa_Mien_Doi": "Hilly Commune",
  "Xa_My_Thanh": "My Thanh commune",
  "Xa_Tuan_Dao": "Tuan Dao Commune",
  "Xa_Van_Nghia": "Van Nghia commune",
  "Xa_Tan_Lap": "Tan Lap commune",
  "Xa_Nhan_Nghia": "Nhan Nghia Commune",
  "Xa_Thuong_Coc": "Thuong Coc commune",
  "Xa_Quyet_Thang": "Quyet Thang commune",
  "Xa_Xuat_Hoa": "Xuat Hoa Commune",
  "Xa_Yen_Phu": "Yen Phu commune",
  "Xa_Binh_Hem": "Binh Hem commune",
  "Xa_Dinh_Cu": "Dinh Cu Commune",
  "Xa_Chi_Dao": "Chi Dao Commune",
  "Xa_Ngoc_Son": "Ngoc Son commune",
  "Xa_Huong_Nhuong": "Huong Nhuong commune",
  "Xa_Vu_Binh": "Vu Binh commune",
  "Xa_Tu_Do": "Tu Do Commune",
  "Xa_Yen_Nghiep": "Yen Nghiep commune",
  "Xa_Tan_My": "Tan My commune",
  "Xa_An_Nghia": "An Nghia commune",
  "Xa_Ngoc_Lau": "Ngoc Lau commune",
  "Huyen_Yen_Thuy": "Yen Thuy district",
  "Thi_tran_Hang_Tram": "Hang Tram town",
  "Xa_Lac_Sy": "Lac Sy commune",
  "Xa_Lac_Luong": "Lac Luong commune",
  "Xa_Bao_Hieu": "Bao Hieu commune",
  "Xa_Da_Phuc": "Da Phuc Commune",
  "Xa_Huu_Loi": "Huu Loi Commune",
  "Xa_Lac_Thinh": "Lac Thinh commune",
  "Xa_Phu_Lai": "Phu Lai commune",
  "Xa_Yen_Tri": "Yen Tri commune",
  "Xa_Ngoc_Luong": "Ngoc Luong commune",
  "Huyen_Lac_Thuy": "Lac Thuy district",
  "Thi_tran_Ba_Hang_Doi": "Ba Hang Doi town",
  "Thi_tran_Chi_Ne": "Chi Ne town",
  "Xa_Phu_Nghia": "Phu Nghia commune",
  "Xa_Phu_Thanh": "Phu Thanh commune",
  "Xa_Hung_Thi": "Hung Thi commune",
  "Xa_Khoan_Du": "Khoan Du commune",
  "Xa_Dong_Tam": "Dong Tam commune",
  "Xa_Yen_Bong": "Yen Bong commune",
  "Xa_Thong_Nhat": "Thong Nhat Commune",
  "Xa_An_Binh": "An Binh commune"
}