{
  "Quang_Nam": "Quảng Nam",
  "Thanh_pho_Tam_Ky": "Thành phố Tam Kỳ",
  "Phuong_Tan_Thanh": "Phường Tân Thạnh",
  "Phuong_Phuoc_Hoa": "Phường Phước Hòa",
  "Phuong_An_My": "Phường An Mỹ",
  "Phuong_Hoa_Huong": "Phường Hòa Hương",
  "Phuong_An_Xuan": "Phường An Xuân",
  "Phuong_An_Son": "Phường An Sơn",
  "Phuong_Truong_Xuan": "Phường Trường Xuân",
  "Phuong_An_Phu": "Phường An Phú",
  "Xa_Tam_Thanh": "Xã Tam Thành",
  "Xa_Tam_Thang": "Xã Tam Thăng",
  "Xa_Tam_Phu": "Xã Tam Phú",
  "Phuong_Hoa_Thuan": "Phường Hoà Thuận",
  "Xa_Tam_Ngoc": "Xã Tam Ngọc",
  "Thanh_pho_Hoi_An": "Thành phố Hội An",
  "Phuong_Minh_An": "Phường Minh An",
  "Phuong_Tan_An": "Phường Tân An",
  "Phuong_Cam_Pho": "Phường Cẩm Phô",
  "Phuong_Thanh_Ha": "Phường Thanh Hà",
  "Phuong_Son_Phong": "Phường Sơn Phong",
  "Phuong_Cam_Chau": "Phường Cẩm Châu",
  "Phuong_Cua_Dai": "Phường Cửa Đại",
  "Phuong_Cam_An": "Phường Cẩm An",
  "Xa_Cam_Ha": "Xã Cẩm Hà",
  "Xa_Cam_Kim": "Xã Cẩm Kim",
  "Phuong_Cam_Nam": "Phường Cẩm Nam",
  "Xa_Cam_Thanh": "Xã Cẩm Thanh",
  "Xa_Tan_Hiep": "Xã Tân Hiệp",
  "Huyen_Tay_Giang": "Huyện Tây Giang",
  "Xa_Ch_om": "Xã Ch'ơm",
  "Xa_Ga_Ri": "Xã Ga Ri",
  "Xa_A_Xan": "Xã A Xan",
  "Xa_Tr_Hy": "Xã Tr'Hy",
  "Xa_Lang": "Xã Lăng",
  "Xa_A_Nong": "Xã A Nông",
  "Xa_A_Tieng": "Xã A Tiêng",
  "Xa_Bha_Le": "Xã Bha Lê",
  "Xa_A_Vuong": "Xã A Vương",
  "Xa_Dang": "Xã Dang",
  "Huyen_Dong_Giang": "Huyện Đông Giang",
  "Thi_tran_P_Rao": "Thị trấn P Rao",
  "Xa_Ta_Lu": "Xã Tà Lu",
  "Xa_Song_Kon": "Xã Sông Kôn",
  "Xa_Jo_Ngay": "Xã Jơ Ngây",
  "Xa_A_Ting": "Xã A Ting",
  "Xa_Tu": "Xã Tư",
  "Xa_Ba": "Xã Ba",
  "Xa_A_Rooi": "Xã A Rooi",
  "Xa_Za_Hung": "Xã Za Hung",
  "Xa_Ma_Cooi": "Xã Mà Cooi",
  "Xa_Ka_Dang": "Xã Ka Dăng",
  "Huyen_Dai_Loc": "Huyện Đại Lộc",
  "Thi_Tran_Ai_Nghia": "Thị Trấn Ái Nghĩa",
  "Xa_Dai_Son": "Xã Đại Sơn",
  "Xa_Dai_Lanh": "Xã Đại Lãnh",
  "Xa_Dai_Hung": "Xã Đại Hưng",
  "Xa_Dai_Hong": "Xã Đại Hồng",
  "Xa_Dai_Dong": "Xã Đại Đồng",
  "Xa_Dai_Quang": "Xã Đại Quang",
  "Xa_Dai_Nghia": "Xã Đại Nghĩa",
  "Xa_Dai_Hiep": "Xã Đại Hiệp",
  "Xa_Dai_Thanh": "Xã Đại Thạnh",
  "Xa_Dai_Chanh": "Xã Đại Chánh",
  "Xa_Dai_Tan": "Xã Đại Tân",
  "Xa_Dai_Phong": "Xã Đại Phong",
  "Xa_Dai_Minh": "Xã Đại Minh",
  "Xa_Dai_Thang": "Xã Đại Thắng",
  "Xa_Dai_Cuong": "Xã Đại Cường",
  "Xa_Dai_An": "Xã Đại An",
  "Xa_Dai_Hoa": "Xã Đại Hòa",
  "Thi_xa_Dien_Ban": "Thị xã Điện Bàn",
  "Phuong_Vinh_Dien": "Phường Vĩnh Điện",
  "Xa_Dien_Tien": "Xã Điện Tiến",
  "Xa_Dien_Hoa": "Xã Điện Hòa",
  "Xa_Dien_Thang_Bac": "Xã Điện Thắng Bắc",
  "Xa_Dien_Thang_Trung": "Xã Điện Thắng Trung",
  "Xa_Dien_Thang_Nam": "Xã Điện Thắng Nam",
  "Phuong_Dien_Ngoc": "Phường Điện Ngọc",
  "Xa_Dien_Hong": "Xã Điện Hồng",
  "Xa_Dien_Tho": "Xã Điện Thọ",
  "Xa_Dien_Phuoc": "Xã Điện Phước",
  "Phuong_Dien_An": "Phường Điện An",
  "Phuong_Dien_Nam_Bac": "Phường Điện Nam Bắc",
  "Phuong_Dien_Nam_Trung": "Phường Điện Nam Trung",
  "Phuong_Dien_Nam_Dong": "Phường Điện Nam Đông",
  "Phuong_Dien_Duong": "Phường Điện Dương",
  "Xa_Dien_Quang": "Xã Điện Quang",
  "Xa_Dien_Trung": "Xã Điện Trung",
  "Xa_Dien_Phong": "Xã Điện Phong",
  "Xa_Dien_Minh": "Xã Điện Minh",
  "Xa_Dien_Phuong": "Xã Điện Phương",
  "Huyen_Duy_Xuyen": "Huyện Duy Xuyên",
  "Thi_tran_Nam_Phuoc": "Thị trấn Nam Phước",
  "Xa_Duy_Thu": "Xã Duy Thu",
  "Xa_Duy_Phu": "Xã Duy Phú",
  "Xa_Duy_Tan": "Xã Duy Tân",
  "Xa_Duy_Hoa": "Xã Duy Hòa",
  "Xa_Duy_Chau": "Xã Duy Châu",
  "Xa_Duy_Trinh": "Xã Duy Trinh",
  "Xa_Duy_Son": "Xã Duy Sơn",
  "Xa_Duy_Trung": "Xã Duy Trung",
  "Xa_Duy_Phuoc": "Xã Duy Phước",
  "Xa_Duy_Thanh": "Xã Duy Thành",
  "Xa_Duy_Vinh": "Xã Duy Vinh",
  "Xa_Duy_Nghia": "Xã Duy Nghĩa",
  "Xa_Duy_Hai": "Xã Duy Hải",
  "Huyen_Que_Son": "Huyện Quế Sơn",
  "Thi_tran_Dong_Phu": "Thị trấn Đông Phú",
  "Xa_Que_Xuan_1": "Xã Quế Xuân 1",
  "Xa_Que_Xuan_2": "Xã Quế Xuân 2",
  "Xa_Que_Phu": "Xã Quế Phú",
  "Thi_tran_Huong_An": "Thị trấn Hương An",
  "Xa_Que_Hiep": "Xã Quế Hiệp",
  "Xa_Que_Thuan": "Xã Quế Thuận",
  "Xa_Que_My": "Xã Quế Mỹ",
  "Xa_Que_Long": "Xã Quế Long",
  "Xa_Que_Chau": "Xã Quế Châu",
  "Xa_Que_Phong": "Xã Quế Phong",
  "Xa_Que_An": "Xã Quế An",
  "Xa_Que_Minh": "Xã Quế Minh",
  "Huyen_Nam_Giang": "Huyện Nam Giang",
  "Thi_tran_Thanh_My": "Thị trấn Thạnh Mỹ",
  "Xa_Laee": "Xã Laêê",
  "Xa_Cho_Chun": "Xã Chơ Chun",
  "Xa_Zuoich": "Xã Zuôich",
  "Xa_Ta_Poo": "Xã Tà Pơơ",
  "Xa_La_Dee": "Xã La Dêê",
  "Xa_Dac_Toi": "Xã Đắc Tôi",
  "Xa_Cha_Val": "Xã Chà Vàl",
  "Xa_Ta_Bhinh": "Xã Tà Bhinh",
  "Xa_Ca_Dy": "Xã Cà Dy",
  "Xa_Dac_Pre": "Xã Đắc Pre",
  "Xa_Dac_Pring": "Xã Đắc Pring",
  "Huyen_Phuoc_Son": "Huyện Phước Sơn",
  "Thi_tran_Kham_Duc": "Thị trấn Khâm Đức",
  "Xa_Phuoc_Xuan": "Xã Phước Xuân",
  "Xa_Phuoc_Hiep": "Xã Phước Hiệp",
  "Xa_Phuoc_Hoa": "Xã Phước Hoà",
  "Xa_Phuoc_Duc": "Xã Phước Đức",
  "Xa_Phuoc_Nang": "Xã Phước Năng",
  "Xa_Phuoc_My": "Xã Phước Mỹ",
  "Xa_Phuoc_Chanh": "Xã Phước Chánh",
  "Xa_Phuoc_Cong": "Xã Phước Công",
  "Xa_Phuoc_Kim": "Xã Phước Kim",
  "Xa_Phuoc_Loc": "Xã Phước Lộc",
  "Xa_Phuoc_Thanh": "Xã Phước Thành",
  "Huyen_Hiep_Duc": "Huyện Hiệp Đức",
  "Xa_Hiep_Hoa": "Xã Hiệp Hòa",
  "Xa_Hiep_Thuan": "Xã Hiệp Thuận",
  "Xa_Que_Tho": "Xã Quế Thọ",
  "Xa_Binh_Lam": "Xã Bình Lâm",
  "Xa_Song_Tra": "Xã Sông Trà",
  "Xa_Phuoc_Tra": "Xã Phước Trà",
  "Xa_Phuoc_Gia": "Xã Phước Gia",
  "Thi_tran_Tan_Binh": "Thị trấn Tân Bình",
  "Xa_Que_Luu": "Xã Quế Lưu",
  "Xa_Thang_Phuoc": "Xã Thăng Phước",
  "Xa_Binh_Son": "Xã Bình Sơn",
  "Huyen_Thang_Binh": "Huyện Thăng Bình",
  "Thi_tran_Ha_Lam": "Thị trấn Hà Lam",
  "Xa_Binh_Duong": "Xã Bình Dương",
  "Xa_Binh_Giang": "Xã Bình Giang",
  "Xa_Binh_Nguyen": "Xã Bình Nguyên",
  "Xa_Binh_Phuc": "Xã Bình Phục",
  "Xa_Binh_Trieu": "Xã Bình Triều",
  "Xa_Binh_Dao": "Xã Bình Đào",
  "Xa_Binh_Minh": "Xã Bình Minh",
  "Xa_Binh_Lanh": "Xã Bình Lãnh",
  "Xa_Binh_Tri": "Xã Bình Trị",
  "Xa_Binh_Dinh_Bac": "Xã Bình Định Bắc",
  "Xa_Binh_Dinh_Nam": "Xã Bình Định Nam",
  "Xa_Binh_Quy": "Xã Bình Quý",
  "Xa_Binh_Phu": "Xã Bình Phú",
  "Xa_Binh_Chanh": "Xã Bình Chánh",
  "Xa_Binh_Tu": "Xã Bình Tú",
  "Xa_Binh_Sa": "Xã Bình Sa",
  "Xa_Binh_Hai": "Xã Bình Hải",
  "Xa_Binh_Que": "Xã Bình Quế",
  "Xa_Binh_An": "Xã Bình An",
  "Xa_Binh_Trung": "Xã Bình Trung",
  "Xa_Binh_Nam": "Xã Bình Nam",
  "Huyen_Tien_Phuoc": "Huyện Tiên Phước",
  "Thi_tran_Tien_Ky": "Thị trấn Tiên Kỳ",
  "Xa_Tien_Son": "Xã Tiên Sơn",
  "Xa_Tien_Ha": "Xã Tiên Hà",
  "Xa_Tien_Cam": "Xã Tiên Cẩm",
  "Xa_Tien_Chau": "Xã Tiên Châu",
  "Xa_Tien_Lanh": "Xã Tiên Lãnh",
  "Xa_Tien_Ngoc": "Xã Tiên Ngọc",
  "Xa_Tien_Hiep": "Xã Tiên Hiệp",
  "Xa_Tien_Canh": "Xã Tiên Cảnh",
  "Xa_Tien_My": "Xã Tiên Mỹ",
  "Xa_Tien_Phong": "Xã Tiên Phong",
  "Xa_Tien_Tho": "Xã Tiên Thọ",
  "Xa_Tien_An": "Xã Tiên An",
  "Xa_Tien_Loc": "Xã Tiên Lộc",
  "Xa_Tien_Lap": "Xã Tiên Lập",
  "Huyen_Bac_Tra_My": "Huyện Bắc Trà My",
  "Thi_tran_Tra_My": "Thị trấn Trà My",
  "Xa_Tra_Son": "Xã Trà Sơn",
  "Xa_Tra_Kot": "Xã Trà Kót",
  "Xa_Tra_Nu": "Xã Trà Nú",
  "Xa_Tra_Dong": "Xã Trà Đông",
  "Xa_Tra_Duong": "Xã Trà Dương",
  "Xa_Tra_Giang": "Xã Trà Giang",
  "Xa_Tra_Bui": "Xã Trà Bui",
  "Xa_Tra_Doc": "Xã Trà Đốc",
  "Xa_Tra_Tan": "Xã Trà Tân",
  "Xa_Tra_Giac": "Xã Trà Giác",
  "Xa_Tra_Giap": "Xã Trà Giáp",
  "Xa_Tra_Ka": "Xã Trà Ka",
  "Huyen_Nam_Tra_My": "Huyện Nam Trà My",
  "Xa_Tra_Leng": "Xã Trà Leng",
  "Xa_Tra_Don": "Xã Trà Don",
  "Xa_Tra_Tap": "Xã Trà Tập",
  "Xa_Tra_Mai": "Xã Trà Mai",
  "Xa_Tra_Cang": "Xã Trà Cang",
  "Xa_Tra_Linh": "Xã Trà Linh",
  "Xa_Tra_Nam": "Xã Trà Nam",
  "Xa_Tra_Van": "Xã Trà Vân",
  "Xa_Tra_Vinh": "Xã Trà Vinh",
  "Huyen_Nui_Thanh": "Huyện Núi Thành",
  "Xa_Tam_Xuan_I": "Xã Tam Xuân I",
  "Xa_Tam_Xuan_II": "Xã Tam Xuân II",
  "Xa_Tam_Tien": "Xã Tam Tiến",
  "Xa_Tam_Son": "Xã Tam Sơn",
  "Xa_Tam_Anh_Bac": "Xã Tam Anh Bắc",
  "Xa_Tam_Anh_Nam": "Xã Tam Anh Nam",
  "Xa_Tam_Hoa": "Xã Tam Hòa",
  "Xa_Tam_Hiep": "Xã Tam Hiệp",
  "Xa_Tam_Hai": "Xã Tam Hải",
  "Xa_Tam_Giang": "Xã Tam Giang",
  "Xa_Tam_Quang": "Xã Tam Quang",
  "Xa_Tam_Nghia": "Xã Tam Nghĩa",
  "Xa_Tam_My_Tay": "Xã Tam Mỹ Tây",
  "Xa_Tam_My_Dong": "Xã Tam Mỹ Đông",
  "Xa_Tam_Tra": "Xã Tam Trà",
  "Huyen_Phu_Ninh": "Huyện Phú Ninh",
  "Thi_tran_Phu_Thinh": "Thị trấn Phú Thịnh",
  "Xa_Tam_An": "Xã Tam An",
  "Xa_Tam_Dan": "Xã Tam Dân",
  "Xa_Tam_Loc": "Xã Tam Lộc",
  "Xa_Tam_Phuoc": "Xã Tam Phước",
  "Xa_Tam_Vinh": "Xã Tam Vinh",
  "Xa_Tam_Thai": "Xã Tam Thái",
  "Xa_Tam_Dai": "Xã Tam Đại",
  "Xa_Tam_Lanh": "Xã Tam Lãnh",
  "Huyen_Nong_Son": "Huyện Nông Sơn",
  "Xa_Que_Trung": "Xã Quế Trung",
  "Xa_Ninh_Phuoc": "Xã Ninh Phước",
  "Xa_Phuoc_Ninh": "Xã Phước Ninh",
  "Xa_Que_Loc": "Xã Quế Lộc",
  "Xa_Son_Vien": "Xã Sơn Viên",
  "Xa_Que_Lam": "Xã Quế Lâm"
}