{
  "Thai_Binh": "Peace",
  "Thanh_pho_Thai_Binh": "Thai Binh City",
  "Phuong_Le_Hong_Phong": "Le Hong Phong Ward",
  "Phuong_Bo_Xuyen": "Bo Xuyen Ward",
  "Phuong_De_Tham": "De Tham Ward",
  "Phuong_Ky_Ba": "Ky Ba Ward",
  "Phuong_Quang_Trung": "Quang Trung Ward",
  "Phuong_Phu_Khanh": "Phu Khanh Ward",
  "Phuong_Tien_Phong": "Tien Phong Ward",
  "Phuong_Tran_Hung_Dao": "Tran Hung Dao Ward",
  "Phuong_Tran_Lam": "Tran Lam Ward",
  "Xa_Dong_Hoa": "Dong Hoa commune",
  "Phuong_Hoang_Dieu": "Hoang Dieu Ward",
  "Xa_Phu_Xuan": "Phu Xuan commune",
  "Xa_Vu_Phuc": "Vu Phuc commune",
  "Xa_Vu_Chinh": "Vu Chinh commune",
  "Xa_Dong_My": "Dong My Commune",
  "Xa_Dong_Tho": "Dong Tho commune",
  "Xa_Vu_Dong": "Vu Dong commune",
  "Xa_Vu_Lac": "Vu Lac commune",
  "Xa_Tan_Binh": "Tan Binh commune",
  "Huyen_Quynh_Phu": "Quynh Phu district",
  "Thi_tran_Quynh_Coi": "Quynh Coi town",
  "Xa_An_Khe": "An Khe commune",
  "Xa_An_Dong": "An Dong commune",
  "Xa_Quynh_Hoa": "Quynh Hoa commune",
  "Xa_Quynh_Lam": "Quynh Lam commune",
  "Xa_Quynh_Tho": "Quynh Tho commune",
  "Xa_An_Hiep": "An Hiep commune",
  "Xa_Quynh_Hoang": "Quynh Hoang commune",
  "Xa_Quynh_Giao": "Quynh Giao commune",
  "Xa_An_Thai": "An Thai commune",
  "Xa_An_Cau": "An Cau commune",
  "Xa_Quynh_Hong": "Quynh Hong commune",
  "Xa_Quynh_Khe": "Quynh Khe commune",
  "Xa_Quynh_Minh": "Quynh Minh commune",
  "Xa_An_Ninh": "An Ninh Commune",
  "Xa_Quynh_Ngoc": "Quynh Ngoc commune",
  "Xa_Quynh_Hai": "Quynh Hai commune",
  "Thi_tran_An_Bai": "An Bai town",
  "Xa_An_Ap": "An Ap commune",
  "Xa_Quynh_Hoi": "Quynh Hoi commune",
  "Xa_Chau_Son": "Chau Son commune",
  "Xa_Quynh_My": "Quynh My commune",
  "Xa_An_Qui": "An Qui commune",
  "Xa_An_Thanh": "An Thanh commune",
  "Xa_An_Vu": "An Vu commune",
  "Xa_An_Le": "An Le commune",
  "Xa_Quynh_Hung": "Quynh Hung commune",
  "Xa_Quynh_Bao": "Quynh Bao commune",
  "Xa_An_My": "An My commune",
  "Xa_Quynh_Nguyen": "Quynh Nguyen commune",
  "Xa_An_Vinh": "An Vinh commune",
  "Xa_Quynh_Xa": "Quynh Xa commune",
  "Xa_An_Duc": "An Duc commune",
  "Xa_Dong_Hai": "Dong Hai commune",
  "Xa_Quynh_Trang": "Quynh Trang commune",
  "Xa_An_Trang": "An Trang commune",
  "Xa_Dong_Tien": "Dong Tien Commune",
  "Huyen_Hung_Ha": "Hung Ha district",
  "Xa_Diep_Nong": "Diep Nong Commune",
  "Xa_Tan_Le": "Tan Le commune",
  "Xa_Cong_Hoa": "Cong Hoa commune",
  "Xa_Dan_Chu": "Democratic Commune",
  "Xa_Canh_Tan": "Canh Tan Commune",
  "Xa_Hoa_Tien": "Hoa Tien Commune",
  "Xa_Hung_Dung": "Hung Dung commune",
  "Xa_Tan_Tien": "Tan Tien Commune",
  "Thi_tran_Hung_Nhan": "Hung Nhan town",
  "Xa_Doan_Hung": "Doan Hung commune",
  "Xa_Duyen_Hai": "Duyen Hai commune",
  "Xa_Tan_Hoa": "Tan Hoa commune",
  "Xa_Van_Cam": "Van Cam commune",
  "Xa_Bac_Son": "Bac Son commune",
  "Xa_Dong_Do": "Dong Do commune",
  "Xa_Phuc_Khanh": "Phuc Khanh Commune",
  "Xa_Lien_Hiep": "Lien Hiep Commune",
  "Xa_Tay_Do": "Tay Do commune",
  "Xa_Thong_Nhat": "Thong Nhat Commune",
  "Xa_Tien_Duc": "Tien Duc Commune",
  "Xa_Thai_Hung": "Thai Hung commune",
  "Xa_Thai_Phuong": "Thai Phuong commune",
  "Xa_Hoa_Binh": "Hoa Binh Commune",
  "Xa_Chi_Lang": "Chi Lang commune",
  "Xa_Minh_Khai": "Minh Khai commune",
  "Xa_Hong_An": "Hong An commune",
  "Xa_Kim_Chung": "Kim Chung commune",
  "Xa_Hong_Linh": "Hong Linh commune",
  "Xa_Minh_Tan": "Minh Tan commune",
  "Xa_Van_Lang": "Van Lang commune",
  "Xa_Doc_Lap": "Doc Lap Commune",
  "Xa_Chi_Hoa": "Chi Hoa Commune",
  "Xa_Minh_Hoa": "Minh Hoa Commune",
  "Xa_Hong_Minh": "Hong Minh commune",
  "Huyen_Dong_Hung": "Dong Hung district",
  "Xa_Do_Luong": "Do Luong commune",
  "Xa_Dong_Phuong": "Dong Phuong commune",
  "Xa_Lien_Giang": "Lien Giang commune",
  "Xa_An_Chau": "An Chau commune",
  "Xa_Dong_Son": "Dong Son commune",
  "Xa_Dong_Cuong": "Dong Cuong commune",
  "Xa_Phu_Luong": "Phu Luong commune",
  "Xa_Me_Linh": "Me Linh commune",
  "Xa_Lo_Giang": "Lo Giang commune",
  "Xa_Dong_La": "Dong La commune",
  "Xa_Dong_Xa": "Dong Xa commune",
  "Xa_Chuong_Duong": "Chuong Duong commune",
  "Xa_Nguyen_Xa": "Nguyen Xa Commune",
  "Xa_Phong_Chau": "Phong Chau commune",
  "Xa_Hop_Tien": "Hop Tien Commune",
  "Xa_Hong_Viet": "Hong Viet Commune",
  "Xa_Ha_Giang": "Ha Giang commune",
  "Xa_Dong_Kinh": "Dong Kinh commune",
  "Xa_Dong_Hop": "Dong Hop commune",
  "Xa_Thang_Long": "Thang Long commune",
  "Xa_Dong_Cac": "Dong Cac commune",
  "Xa_Phu_Chau": "Phu Chau commune",
  "Xa_Lien_Hoa": "Lien Hoa Commune",
  "Xa_Dong_Tan": "Dong Tan commune",
  "Xa_Dong_Vinh": "Dong Vinh commune",
  "Xa_Dong_Dong": "Dong Dong commune",
  "Xa_Hong_Bach": "Hong Bach commune",
  "Xa_Trong_Quan": "Trong Quan Commune",
  "Xa_Hong_Giang": "Hong Giang commune",
  "Xa_Dong_Quan": "Dong Quan commune",
  "Xa_Dong_Quang": "Dong Quang commune",
  "Xa_Dong_Xuan": "Dong Xuan commune",
  "Xa_Dong_A": "Dong A commune",
  "Xa_Dong_Hoang": "Dong Hoang commune",
  "Xa_Dong_Duong": "Dong Duong commune",
  "Xa_Minh_Phu": "Minh Phu commune",
  "Huyen_Thai_Thuy": "Thai Thuy district",
  "Thi_tran_Diem_Dien": "Diem Dien town",
  "Xa_Thuy_Truong": "Thuy Truong commune",
  "Xa_Hong_Dung": "Hong Dung commune",
  "Xa_Thuy_Quynh": "Thuy Quynh commune",
  "Xa_An_Tan": "An Tan commune",
  "Xa_Thuy_Ninh": "Thuy Ninh commune",
  "Xa_Thuy_Hung": "Thuy Hung commune",
  "Xa_Thuy_Viet": "Thuy Viet commune",
  "Xa_Thuy_Van": "Thuy Van commune",
  "Xa_Thuy_Xuan": "Thuy Xuan commune",
  "Xa_Duong_Phuc": "Duong Phuc commune",
  "Xa_Thuy_Trinh": "Thuy Trinh commune",
  "Xa_Thuy_Binh": "Thuy Binh commune",
  "Xa_Thuy_Chinh": "Thuy Chinh commune",
  "Xa_Thuy_Dan": "Thuy Dan commune",
  "Xa_Thuy_Hai": "Thuy Hai commune",
  "Xa_Thuy_Lien": "Thuy Lien commune",
  "Xa_Thuy_Duyen": "Thuy Duyen commune",
  "Xa_Thuy_Thanh": "Thuy Thanh commune",
  "Xa_Thuy_Son": "Thuy Son commune",
  "Xa_Thuy_Phong": "Thuy Phong commune",
  "Xa_Thai_Thuong": "Thai Thuong commune",
  "Xa_Thai_Nguyen": "Thai Nguyen commune",
  "Xa_Duong_Hong_Thuy": "Duong Hong Thuy commune",
  "Xa_Thai_Giang": "Thai Giang commune",
  "Xa_Hoa_An": "Hoa An commune",
  "Xa_Son_Ha": "Son Ha commune",
  "Xa_Thai_Phuc": "Thai Phuc commune",
  "Xa_Thai_Do": "Thai Do commune",
  "Xa_Thai_Xuyen": "Thai Xuyen commune",
  "Xa_My_Loc": "My Loc commune",
  "Xa_Tan_Hoc": "Tan Hoc Commune",
  "Xa_Thai_Thinh": "Thai Thinh commune",
  "Xa_Thuan_Thanh": "Thuan Thanh commune",
  "Xa_Thai_Tho": "Thai Tho commune",
  "Huyen_Tien_Hai": "Tien Hai district",
  "Xa_Dong_Tra": "Dong Tra commune",
  "Xa_Dong_Long": "Dong Long commune",
  "Xa_Dong_Qui": "Dong Qui commune",
  "Xa_Vu_Lang": "Vu Lang commune",
  "Xa_Dong_Xuyen": "Dong Xuyen commune",
  "Xa_Tay_Luong": "Tay Luong commune",
  "Xa_Tay_Ninh": "Tay Ninh commune",
  "Xa_Dong_Trung": "Dong Trung Commune",
  "Xa_Dong_Minh": "Dong Minh commune",
  "Xa_Dong_Phong": "Dong Phong commune",
  "Xa_Dong_Co": "Dong Co commune",
  "Xa_Tay_Giang": "Tay Giang commune",
  "Xa_Dong_Lam": "Dong Lam commune",
  "Xa_Phuong_Cong": "Phuong Cong Commune",
  "Xa_Tay_Phong": "Tay Phong commune",
  "Xa_Tay_Tien": "Tay Tien commune",
  "Xa_Nam_Cuong": "Nam Cuong commune",
  "Xa_Van_Truong": "Van Truong commune",
  "Xa_Nam_Thang": "Nam Thang commune",
  "Xa_Nam_Chinh": "Nam Chinh Commune",
  "Xa_Bac_Hai": "Bac Hai commune",
  "Xa_Nam_Thinh": "Nam Thinh commune",
  "Xa_Nam_Ha": "Nam Ha commune",
  "Xa_Nam_Thanh": "Nam Thanh commune",
  "Xa_Nam_Trung": "Nam Trung commune",
  "Xa_Nam_Hong": "Nam Hong commune",
  "Xa_Nam_Hung": "Nam Hung commune",
  "Xa_Nam_Hai": "Nam Hai commune",
  "Xa_Nam_Phu": "Nam Phu commune",
  "Huyen_Kien_Xuong": "Kien Xuong district",
  "Xa_Tra_Giang": "Tra Giang commune",
  "Xa_Quoc_Tuan": "Quoc Tuan Commune",
  "Xa_An_Binh": "An Binh commune",
  "Xa_Tay_Son": "Tay Son commune",
  "Xa_Hong_Thai": "Hong Thai commune",
  "Xa_Binh_Nguyen": "Binh Nguyen commune",
  "Xa_Le_Loi": "Le Loi commune",
  "Xa_Vu_Le": "Vu Le commune",
  "Xa_Thanh_Tan": "Thanh Tan commune",
  "Xa_Thuong_Hien": "Thuong Hien commune",
  "Xa_Nam_Cao": "Nam Cao commune",
  "Xa_Dinh_Phung": "Dinh Phung commune",
  "Xa_Vu_Ninh": "Vu Ninh commune",
  "Xa_Vu_An": "Vu An commune",
  "Xa_Quang_Lich": "Quang Lich commune",
  "Xa_Binh_Minh": "Binh Minh Commune",
  "Xa_Vu_Qui": "Vu Qui commune",
  "Xa_Quang_Binh": "Quang Binh commune",
  "Xa_Vu_Trung": "Vu Trung commune",
  "Xa_Vu_Thang": "Vu Thang commune",
  "Xa_Vu_Cong": "Vu Cong commune",
  "Xa_Vu_Hoa": "Vu Hoa commune",
  "Xa_Quang_Minh": "Quang Minh commune",
  "Xa_Quang_Trung": "Quang Trung commune",
  "Xa_Minh_Quang": "Minh Quang commune",
  "Xa_Vu_Binh": "Vu Binh commune",
  "Xa_Nam_Binh": "Nam Binh commune",
  "Xa_Binh_Thanh": "Binh Thanh commune",
  "Xa_Binh_Dinh": "Binh Dinh commune",
  "Xa_Hong_Tien": "Hong Tien commune",
  "Huyen_Vu_Thu": "Vu Thu district",
  "Xa_Hong_Ly": "Hong Ly commune",
  "Xa_Dong_Thanh": "Dong Thanh commune",
  "Xa_Xuan_Hoa": "Xuan Hoa Commune",
  "Xa_Hiep_Hoa": "Hiep Hoa Commune",
  "Xa_Phuc_Thanh": "Phuc Thanh Commune",
  "Xa_Tan_Phong": "Tan Phong commune",
  "Xa_Song_Lang": "Song Lang commune",
  "Xa_Viet_Hung": "Viet Hung commune",
  "Xa_Minh_Lang": "Minh Lang commune",
  "Xa_Dung_Nghia": "Dung Nghia commune",
  "Xa_Tam_Quang": "Tam Quang commune",
  "Xa_Tan_Lap": "Tan Lap commune",
  "Xa_Bach_Thuan": "Bach Thuan commune",
  "Xa_Tu_Tan": "Tu Tan commune",
  "Xa_Song_An": "Song An commune",
  "Xa_Trung_An": "Trung An commune",
  "Xa_Vu_Hoi": "Vu Hoi Commune",
  "Xa_Viet_Thuan": "Viet Thuan commune",
  "Xa_Vu_Vinh": "Vu Vinh commune",
  "Xa_Vu_Doai": "Vu Doai commune",
  "Xa_Vu_Tien": "Vu Tien commune",
  "Xa_Vu_Van": "Vu Van commune",
  "Xa_Duy_Nhat": "Duy Nhat Commune",
  "Xa_Hong_Phong": "Hong Phong commune"
}