{
  "Phu_Tho": "Phu Tho",
  "Thanh_pho_Viet_Tri": "Viet Tri city",
  "Phuong_Duu_Lau": "Du Lau Ward",
  "Phuong_Van_Co": "Van Co Ward",
  "Phuong_Nong_Trang": "Nong Trang Ward",
  "Phuong_Tan_Dan": "Tan Dan Ward",
  "Phuong_Gia_Cam": "Gia Cam Ward",
  "Phuong_Tien_Cat": "Tien Cat Ward",
  "Phuong_Tho_Son": "Tho Son Ward",
  "Phuong_Thanh_Mieu": "Thanh Mieu Ward",
  "Phuong_Bach_Hac": "Bach Hac Ward",
  "Phuong_Ben_Got": "Ben Got Ward",
  "Phuong_Van_Phu": "Van Phu Ward",
  "Xa_Phuong_Lau": "Phuong Lau commune",
  "Xa_Thuy_Van": "Thuy Van commune",
  "Phuong_Minh_Phuong": "Minh Phuong Ward",
  "Xa_Trung_Vuong": "Trung Vuong commune",
  "Phuong_Minh_Nong": "Minh Nong Ward",
  "Xa_Song_Lo": "Song Lo Commune",
  "Xa_Kim_Duc": "Kim Duc commune",
  "Xa_Hung_Lo": "Hung Lo commune",
  "Xa_Hy_Cuong": "Hy Cuong commune",
  "Xa_Chu_Hoa": "Chu Hoa commune",
  "Xa_Thanh_Dinh": "Thanh Dinh commune",
  "Thi_xa_Phu_Tho": "Phu Tho town",
  "Phuong_Hung_Vuong": "Hung Vuong Ward",
  "Phuong_Phong_Chau": "Phong Chau Ward",
  "Phuong_Au_Co": "Au Co Ward",
  "Xa_Ha_Loc": "Ha Loc commune",
  "Xa_Phu_Ho": "Phu Ho commune",
  "Xa_Van_Lung": "Van Lung commune",
  "Xa_Thanh_Minh": "Thanh Minh commune",
  "Xa_Ha_Thach": "Ha Thach commune",
  "Phuong_Thanh_Vinh": "Thanh Vinh Ward",
  "Huyen_Doan_Hung": "Doan Hung district",
  "Xa_Hung_Xuyen": "Hung Xuyen commune",
  "Xa_Bang_Luan": "Bang Luan Commune",
  "Xa_Van_Du": "Van Du commune",
  "Xa_Phu_Lam": "Phu Lam commune",
  "Xa_Minh_Luong": "Minh Luong commune",
  "Xa_Bang_Doan": "Bang Doan commune",
  "Xa_Chi_Dam": "Chi Dam commune",
  "Xa_Phuc_Lai": "Phuc Lai commune",
  "Xa_Ngoc_Quan": "Ngoc Quan commune",
  "Xa_Hop_Nhat": "Hop Nhat Commune",
  "Xa_Soc_Dang": "Soc Dang commune",
  "Xa_Tay_Coc": "Tay Coc commune",
  "Xa_Yen_Kien": "Yen Kien Commune",
  "Xa_Hung_Long": "Hung Long commune",
  "Xa_Vu_Quang": "Vu Quang Commune",
  "Xa_Van_Don": "Van Don commune",
  "Xa_Tieu_Son": "Tieu Son commune",
  "Xa_Minh_Tien": "Minh Tien Commune",
  "Xa_Minh_Phu": "Minh Phu commune",
  "Xa_Chan_Mong": "Chan Mong commune",
  "Xa_Ca_Dinh": "Ca Dinh commune",
  "Huyen_Ha_Hoa": "Ha Hoa district",
  "Xa_Dai_Pham": "Dai Pham commune",
  "Xa_Dan_Thuong": "Dan Thuong commune",
  "Xa_Ha_Luong": "Ha Luong commune",
  "Xa_Tu_Hiep": "Tu Hiep commune",
  "Xa_Hien_Luong": "Hien Luong commune",
  "Xa_Phuong_Vien": "Phuong Vien Commune",
  "Xa_Gia_Dien": "Gia Dien commune",
  "Xa_Am_Ha": "Am Ha commune",
  "Xa_Huong_Xa": "Huong Xa commune",
  "Xa_Xuan_Ang": "Xuan Ang commune",
  "Xa_Yen_Ky": "Yen Ky commune",
  "Xa_Minh_Hac": "Minh Hac Commune",
  "Xa_Lang_Son": "Lang Son commune",
  "Xa_Bang_Gia": "Bang Gia Commune",
  "Xa_Yen_Luat": "Yen Luat Commune",
  "Xa_Vo_Tranh": "Vo Tranh Commune",
  "Xa_Van_Lang": "Van Lang commune",
  "Xa_Minh_Coi": "Minh Coi Commune",
  "Xa_Vinh_Chan": "Vinh Chan commune",
  "Huyen_Thanh_Ba": "Thanh Ba district",
  "Xa_Van_Linh": "Van Linh commune",
  "Xa_Dong_Linh": "Dong Linh commune",
  "Xa_Dai_An": "Dai An commune",
  "Xa_Hanh_Cu": "Hanh Cu commune",
  "Xa_Dong_Xuan": "Dong Xuan commune",
  "Xa_Quang_Yen": "Quang Yen commune",
  "Xa_Ninh_Dan": "Ninh Dan commune",
  "Xa_Vo_Lao": "Vo Lao commune",
  "Xa_Khai_Xuan": "Khai Xuan commune",
  "Xa_Man_Lan": "Man Lan commune",
  "Xa_Hoang_Cuong": "Hoang Cuong commune",
  "Xa_Chi_Tien": "Chi Tien commune",
  "Xa_Dong_Thanh": "Dong Thanh commune",
  "Xa_Son_Cuong": "Son Cuong commune",
  "Xa_Thanh_Ha": "Thanh Ha commune",
  "Xa_Do_Son": "Do Son commune",
  "Xa_Do_Xuyen": "Do Xuyen commune",
  "Xa_Luong_Lo": "Luong Lo Commune",
  "Huyen_Phu_Ninh": "Phu Ninh district",
  "Thi_tran_Phong_Chau": "Phong Chau town",
  "Xa_Phu_My": "Phu My commune",
  "Xa_Le_My": "Le My commune",
  "Xa_Lien_Hoa": "Lien Hoa Commune",
  "Xa_Tram_Than": "Tram Than commune",
  "Xa_Tri_Quan": "Tri District Commune",
  "Xa_Trung_Giap": "Trung Giap commune",
  "Xa_Tien_Phu": "Tien Phu commune",
  "Xa_Ha_Giap": "Ha Giap commune",
  "Xa_Bao_Thanh": "Bao Thanh commune",
  "Xa_Phu_Loc": "Phu Loc commune",
  "Xa_Gia_Thanh": "Gia Thanh Commune",
  "Xa_Tien_Du": "Tien Du commune",
  "Xa_Phu_Nham": "Phu Nham commune",
  "Xa_An_Dao": "An Dao Commune",
  "Xa_Binh_Phu": "Binh Phu commune",
  "Xa_Phu_Ninh": "Phu Ninh commune",
  "Huyen_Yen_Lap": "Yen Lap district",
  "Xa_My_Lung": "My Lung commune",
  "Xa_My_Luong": "My Luong commune",
  "Xa_Luong_Son": "Luong Son commune",
  "Xa_Xuan_An": "Xuan An commune",
  "Xa_Xuan_Vien": "Xuan Vien Commune",
  "Xa_Xuan_Thuy": "Xuan Thuy commune",
  "Xa_Trung_Son": "Trung Son commune",
  "Xa_Nga_Hoang": "Nga Hoang commune",
  "Xa_Dong_Lac": "Dong Lac commune",
  "Xa_Thuong_Long": "Thuong Long commune",
  "Xa_Dong_Thinh": "Dong Thinh commune",
  "Xa_Phuc_Khanh": "Phuc Khanh Commune",
  "Xa_Minh_Hoa": "Minh Hoa Commune",
  "Xa_Ngoc_Lap": "Ngoc Lap commune",
  "Xa_Ngoc_Dong": "Ngoc Dong commune",
  "Huyen_Cam_Khe": "Cam Khe district",
  "Xa_Tien_Luong": "Tien Luong commune",
  "Xa_Tuy_Loc": "Tuy Loc commune",
  "Xa_Ngo_Xa": "Ngo Xa commune",
  "Xa_Minh_Tan": "Minh Tan commune",
  "Xa_Phuong_Vi": "Phuong Vi commune",
  "Xa_Thuy_Lieu": "Thuy Lieu commune",
  "Xa_Tung_Khe": "Tung Khe commune",
  "Xa_Tam_Son": "Tam Son commune",
  "Xa_Van_Ban": "Van Ban Commune",
  "Xa_Cap_Dan": "Cap Dat Commune",
  "Xa_Xuong_Thinh": "Xuong Thinh commune",
  "Xa_Phu_Khe": "Phu Khe commune",
  "Xa_Son_Tinh": "Son Tinh commune",
  "Xa_Yen_Tap": "Yen Tap commune",
  "Xa_Huong_Lung": "Huong Lung commune",
  "Xa_Ta_Xa": "Ta Xa commune",
  "Xa_Phu_Lac": "Phu Lac commune",
  "Xa_Chuong_Xa": "Chuong Xa commune",
  "Xa_Hung_Viet": "Hung Viet commune",
  "Xa_Van_Khuc": "Van Khuc commune",
  "Xa_Yen_Duong": "Yen Duong commune",
  "Xa_Dieu_Luong": "Dieu Luong commune",
  "Xa_Dong_Luong": "Dong Luong commune",
  "Huyen_Tam_Nong": "Tam Nong district",
  "Thi_tran_Hung_Hoa": "Hung Hoa town",
  "Xa_Hien_Quan": "Hien Quan commune",
  "Xa_Bac_Son": "Bac Son commune",
  "Xa_Thanh_Uyen": "Thanh Uyen commune",
  "Xa_Lam_Son": "Lam Son commune",
  "Xa_Van_Xuan": "Van Xuan commune",
  "Xa_Quang_Huc": "Quang Huc commune",
  "Xa_Huong_Non": "Huong Non commune",
  "Xa_Te_Le": "Te Le commune",
  "Xa_Tho_Van": "Tho Van commune",
  "Xa_Di_Nau": "Di Nau commune",
  "Xa_Dan_Quyen": "Dan Quyen Commune",
  "Huyen_Lam_Thao": "Lam Thao district",
  "Xa_Tien_Kien": "Tien Kien commune",
  "Thi_tran_Hung_Son": "Hung Son town",
  "Xa_Xuan_Lung": "Xuan Lung commune",
  "Xa_Xuan_Huy": "Xuan Huy commune",
  "Xa_Thach_Son": "Thach Son commune",
  "Xa_Son_Vi": "Son Vi commune",
  "Xa_Phung_Nguyen": "Phung Nguyen commune",
  "Xa_Cao_Xa": "Cao Xa commune",
  "Xa_Vinh_Lai": "Vinh Lai commune",
  "Xa_Tu_Xa": "Tu Xa Commune",
  "Xa_Ban_Nguyen": "Ban Nguyen commune",
  "Huyen_Thanh_Son": "Thanh Son district",
  "Xa_Son_Hung": "Son Hung commune",
  "Xa_Dich_Qua": "Dich Qua commune",
  "Xa_Giap_Lai": "Giap Lai commune",
  "Xa_Thuc_Luyen": "Thuc Luyen commune",
  "Xa_Vo_Mieu": "Vo Mieu Commune",
  "Xa_Thach_Khoan": "Thach Khoan commune",
  "Xa_Cu_Thang": "Cu Thang commune",
  "Xa_Tat_Thang": "Tat Thang commune",
  "Xa_Van_Mieu": "Van Mieu Commune",
  "Xa_Cu_Dong": "Cu Dong commune",
  "Xa_Thang_Son": "Thang Son commune",
  "Xa_Tan_Minh": "Tan Minh commune",
  "Xa_Huong_Can": "Huong Can Commune",
  "Xa_Kha_Cuu": "Kha Cuu commune",
  "Xa_Dong_Cuu": "Dong Cuu commune",
  "Xa_Tan_Lap": "Tan Lap commune",
  "Xa_Yen_Lang": "Yen Lang commune",
  "Xa_Yen_Luong": "Yen Luong commune",
  "Xa_Thuong_Cuu": "Thuong Cuu commune",
  "Xa_Luong_Nha": "Luong Nha Commune",
  "Xa_Yen_Son": "Yen Son commune",
  "Xa_Tinh_Nhue": "Tinh Nhue commune",
  "Huyen_Thanh_Thuy": "Thanh Thuy district",
  "Xa_Dao_Xa": "Dao Xa Commune",
  "Xa_Thach_Dong": "Thach Dong commune",
  "Xa_Xuan_Loc": "Xuan Loc commune",
  "Xa_Tan_Phuong": "Tan Phuong commune",
  "Thi_tran_Thanh_Thuy": "Thanh Thuy town",
  "Xa_Son_Thuy": "Son Thuy commune",
  "Xa_Bao_Yen": "Bao Yen commune",
  "Xa_Doan_Ha": "Doan Ha commune",
  "Xa_Dong_Trung": "Dong Trung commune",
  "Xa_Hoang_Xa": "Hoang Xa commune",
  "Xa_Tu_Vu": "Tu Vu commune",
  "Huyen_Tan_Son": "Tan Son district",
  "Xa_Thu_Cuc": "Thu Cuc commune",
  "Xa_Thach_Kiet": "Thach Kiet commune",
  "Xa_Thu_Ngac": "Thu Ngac commune",
  "Xa_Kiet_Son": "Kiet Son commune",
  "Xa_Dong_Son": "Dong Son commune",
  "Xa_Lai_Dong": "Lai Dong commune",
  "Xa_Tan_Phu": "Tan Phu commune",
  "Xa_My_Thuan": "My Thuan commune",
  "Xa_Tan_Son": "Tan Son commune",
  "Xa_Xuan_Dai": "Xuan Dai commune",
  "Xa_Minh_Dai": "Minh Dai commune",
  "Xa_Van_Luong": "Van Luong commune",
  "Xa_Xuan_Son": "Xuan Son commune",
  "Xa_Long_Coc": "Long Coc commune",
  "Xa_Kim_Thuong": "Kim Thuong commune",
  "Xa_Tam_Thanh": "Tam Thanh commune",
  "Xa_Vinh_Tien": "Vinh Tien Commune"
}