{
  "Phu_Tho": "Phú Thọ",
  "Thanh_pho_Viet_Tri": "Thành phố Việt Trì",
  "Phuong_Duu_Lau": "Phường Dữu Lâu",
  "Phuong_Van_Co": "Phường Vân Cơ",
  "Phuong_Nong_Trang": "Phường Nông Trang",
  "Phuong_Tan_Dan": "Phường Tân Dân",
  "Phuong_Gia_Cam": "Phường Gia Cẩm",
  "Phuong_Tien_Cat": "Phường Tiên Cát",
  "Phuong_Tho_Son": "Phường Thọ Sơn",
  "Phuong_Thanh_Mieu": "Phường Thanh Miếu",
  "Phuong_Bach_Hac": "Phường Bạch Hạc",
  "Phuong_Ben_Got": "Phường Bến Gót",
  "Phuong_Van_Phu": "Phường Vân Phú",
  "Xa_Phuong_Lau": "Xã Phượng Lâu",
  "Xa_Thuy_Van": "Xã Thụy Vân",
  "Phuong_Minh_Phuong": "Phường Minh Phương",
  "Xa_Trung_Vuong": "Xã Trưng Vương",
  "Phuong_Minh_Nong": "Phường Minh Nông",
  "Xa_Song_Lo": "Xã Sông Lô",
  "Xa_Kim_Duc": "Xã Kim Đức",
  "Xa_Hung_Lo": "Xã Hùng Lô",
  "Xa_Hy_Cuong": "Xã Hy Cương",
  "Xa_Chu_Hoa": "Xã Chu Hóa",
  "Xa_Thanh_Dinh": "Xã Thanh Đình",
  "Thi_xa_Phu_Tho": "Thị xã Phú Thọ",
  "Phuong_Hung_Vuong": "Phường Hùng Vương",
  "Phuong_Phong_Chau": "Phường Phong Châu",
  "Phuong_Au_Co": "Phường Âu Cơ",
  "Xa_Ha_Loc": "Xã Hà Lộc",
  "Xa_Phu_Ho": "Xã Phú Hộ",
  "Xa_Van_Lung": "Xã Văn Lung",
  "Xa_Thanh_Minh": "Xã Thanh Minh",
  "Xa_Ha_Thach": "Xã Hà Thạch",
  "Phuong_Thanh_Vinh": "Phường Thanh Vinh",
  "Huyen_Doan_Hung": "Huyện Đoan Hùng",
  "Xa_Hung_Xuyen": "Xã Hùng Xuyên",
  "Xa_Bang_Luan": "Xã Bằng Luân",
  "Xa_Van_Du": "Xã Vân Du",
  "Xa_Phu_Lam": "Xã Phú Lâm",
  "Xa_Minh_Luong": "Xã Minh Lương",
  "Xa_Bang_Doan": "Xã Bằng Doãn",
  "Xa_Chi_Dam": "Xã Chí Đám",
  "Xa_Phuc_Lai": "Xã Phúc Lai",
  "Xa_Ngoc_Quan": "Xã Ngọc Quan",
  "Xa_Hop_Nhat": "Xã Hợp Nhất",
  "Xa_Soc_Dang": "Xã Sóc Đăng",
  "Xa_Tay_Coc": "Xã Tây Cốc",
  "Xa_Yen_Kien": "Xã Yên Kiện",
  "Xa_Hung_Long": "Xã Hưng Long",
  "Xa_Vu_Quang": "Xã Vụ Quang",
  "Xa_Van_Don": "Xã Vân Đồn",
  "Xa_Tieu_Son": "Xã Tiêu Sơn",
  "Xa_Minh_Tien": "Xã Minh Tiến",
  "Xa_Minh_Phu": "Xã Minh Phú",
  "Xa_Chan_Mong": "Xã Chân Mộng",
  "Xa_Ca_Dinh": "Xã Ca Đình",
  "Huyen_Ha_Hoa": "Huyện Hạ Hoà",
  "Xa_Dai_Pham": "Xã Đại Phạm",
  "Xa_Dan_Thuong": "Xã Đan Thượng",
  "Xa_Ha_Luong": "Xã Hà Lương",
  "Xa_Tu_Hiep": "Xã Tứ Hiệp",
  "Xa_Hien_Luong": "Xã Hiền Lương",
  "Xa_Phuong_Vien": "Xã Phương Viên",
  "Xa_Gia_Dien": "Xã Gia Điền",
  "Xa_Am_Ha": "Xã Ấm Hạ",
  "Xa_Huong_Xa": "Xã Hương Xạ",
  "Xa_Xuan_Ang": "Xã Xuân Áng",
  "Xa_Yen_Ky": "Xã Yên Kỳ",
  "Xa_Minh_Hac": "Xã Minh Hạc",
  "Xa_Lang_Son": "Xã Lang Sơn",
  "Xa_Bang_Gia": "Xã Bằng Giã",
  "Xa_Yen_Luat": "Xã Yên Luật",
  "Xa_Vo_Tranh": "Xã Vô Tranh",
  "Xa_Van_Lang": "Xã Văn Lang",
  "Xa_Minh_Coi": "Xã Minh Côi",
  "Xa_Vinh_Chan": "Xã Vĩnh Chân",
  "Huyen_Thanh_Ba": "Huyện Thanh Ba",
  "Xa_Van_Linh": "Xã Vân Lĩnh",
  "Xa_Dong_Linh": "Xã Đông Lĩnh",
  "Xa_Dai_An": "Xã Đại An",
  "Xa_Hanh_Cu": "Xã Hanh Cù",
  "Xa_Dong_Xuan": "Xã Đồng Xuân",
  "Xa_Quang_Yen": "Xã Quảng Yên",
  "Xa_Ninh_Dan": "Xã Ninh Dân",
  "Xa_Vo_Lao": "Xã Võ Lao",
  "Xa_Khai_Xuan": "Xã Khải Xuân",
  "Xa_Man_Lan": "Xã Mạn Lạn",
  "Xa_Hoang_Cuong": "Xã Hoàng Cương",
  "Xa_Chi_Tien": "Xã Chí Tiên",
  "Xa_Dong_Thanh": "Xã Đông Thành",
  "Xa_Son_Cuong": "Xã Sơn Cương",
  "Xa_Thanh_Ha": "Xã Thanh Hà",
  "Xa_Do_Son": "Xã Đỗ Sơn",
  "Xa_Do_Xuyen": "Xã Đỗ Xuyên",
  "Xa_Luong_Lo": "Xã Lương Lỗ",
  "Huyen_Phu_Ninh": "Huyện Phù Ninh",
  "Thi_tran_Phong_Chau": "Thị trấn Phong Châu",
  "Xa_Phu_My": "Xã Phú Mỹ",
  "Xa_Le_My": "Xã Lệ Mỹ",
  "Xa_Lien_Hoa": "Xã Liên Hoa",
  "Xa_Tram_Than": "Xã Trạm Thản",
  "Xa_Tri_Quan": "Xã Trị Quận",
  "Xa_Trung_Giap": "Xã Trung Giáp",
  "Xa_Tien_Phu": "Xã Tiên Phú",
  "Xa_Ha_Giap": "Xã Hạ Giáp",
  "Xa_Bao_Thanh": "Xã Bảo Thanh",
  "Xa_Phu_Loc": "Xã Phú Lộc",
  "Xa_Gia_Thanh": "Xã Gia Thanh",
  "Xa_Tien_Du": "Xã Tiên Du",
  "Xa_Phu_Nham": "Xã Phú Nham",
  "Xa_An_Dao": "Xã An Đạo",
  "Xa_Binh_Phu": "Xã Bình Phú",
  "Xa_Phu_Ninh": "Xã Phù Ninh",
  "Huyen_Yen_Lap": "Huyện Yên Lập",
  "Xa_My_Lung": "Xã Mỹ Lung",
  "Xa_My_Luong": "Xã Mỹ Lương",
  "Xa_Luong_Son": "Xã Lương Sơn",
  "Xa_Xuan_An": "Xã Xuân An",
  "Xa_Xuan_Vien": "Xã Xuân Viên",
  "Xa_Xuan_Thuy": "Xã Xuân Thủy",
  "Xa_Trung_Son": "Xã Trung Sơn",
  "Xa_Nga_Hoang": "Xã Nga Hoàng",
  "Xa_Dong_Lac": "Xã Đồng Lạc",
  "Xa_Thuong_Long": "Xã Thượng Long",
  "Xa_Dong_Thinh": "Xã Đồng Thịnh",
  "Xa_Phuc_Khanh": "Xã Phúc Khánh",
  "Xa_Minh_Hoa": "Xã Minh Hòa",
  "Xa_Ngoc_Lap": "Xã Ngọc Lập",
  "Xa_Ngoc_Dong": "Xã Ngọc Đồng",
  "Huyen_Cam_Khe": "Huyện Cẩm Khê",
  "Xa_Tien_Luong": "Xã Tiên Lương",
  "Xa_Tuy_Loc": "Xã Tuy Lộc",
  "Xa_Ngo_Xa": "Xã Ngô Xá",
  "Xa_Minh_Tan": "Xã Minh Tân",
  "Xa_Phuong_Vi": "Xã Phượng Vĩ",
  "Xa_Thuy_Lieu": "Xã Thụy Liễu",
  "Xa_Tung_Khe": "Xã Tùng Khê",
  "Xa_Tam_Son": "Xã Tam Sơn",
  "Xa_Van_Ban": "Xã Văn Bán",
  "Xa_Cap_Dan": "Xã Cấp Dẫn",
  "Xa_Xuong_Thinh": "Xã Xương Thịnh",
  "Xa_Phu_Khe": "Xã Phú Khê",
  "Xa_Son_Tinh": "Xã Sơn Tình",
  "Xa_Yen_Tap": "Xã Yên Tập",
  "Xa_Huong_Lung": "Xã Hương Lung",
  "Xa_Ta_Xa": "Xã Tạ Xá",
  "Xa_Phu_Lac": "Xã Phú Lạc",
  "Xa_Chuong_Xa": "Xã Chương Xá",
  "Xa_Hung_Viet": "Xã Hùng Việt",
  "Xa_Van_Khuc": "Xã Văn Khúc",
  "Xa_Yen_Duong": "Xã Yên Dưỡng",
  "Xa_Dieu_Luong": "Xã Điêu Lương",
  "Xa_Dong_Luong": "Xã Đồng Lương",
  "Huyen_Tam_Nong": "Huyện Tam Nông",
  "Thi_tran_Hung_Hoa": "Thị trấn Hưng Hoá",
  "Xa_Hien_Quan": "Xã Hiền Quan",
  "Xa_Bac_Son": "Xã Bắc Sơn",
  "Xa_Thanh_Uyen": "Xã Thanh Uyên",
  "Xa_Lam_Son": "Xã Lam Sơn",
  "Xa_Van_Xuan": "Xã Vạn Xuân",
  "Xa_Quang_Huc": "Xã Quang Húc",
  "Xa_Huong_Non": "Xã Hương Nộn",
  "Xa_Te_Le": "Xã Tề Lễ",
  "Xa_Tho_Van": "Xã Thọ Văn",
  "Xa_Di_Nau": "Xã Dị Nậu",
  "Xa_Dan_Quyen": "Xã Dân Quyền",
  "Huyen_Lam_Thao": "Huyện Lâm Thao",
  "Xa_Tien_Kien": "Xã Tiên Kiên",
  "Thi_tran_Hung_Son": "Thị trấn Hùng Sơn",
  "Xa_Xuan_Lung": "Xã Xuân Lũng",
  "Xa_Xuan_Huy": "Xã Xuân Huy",
  "Xa_Thach_Son": "Xã Thạch Sơn",
  "Xa_Son_Vi": "Xã Sơn Vi",
  "Xa_Phung_Nguyen": "Xã Phùng Nguyên",
  "Xa_Cao_Xa": "Xã Cao Xá",
  "Xa_Vinh_Lai": "Xã Vĩnh Lại",
  "Xa_Tu_Xa": "Xã Tứ Xã",
  "Xa_Ban_Nguyen": "Xã Bản Nguyên",
  "Huyen_Thanh_Son": "Huyện Thanh Sơn",
  "Xa_Son_Hung": "Xã Sơn Hùng",
  "Xa_Dich_Qua": "Xã Địch Quả",
  "Xa_Giap_Lai": "Xã Giáp Lai",
  "Xa_Thuc_Luyen": "Xã Thục Luyện",
  "Xa_Vo_Mieu": "Xã Võ Miếu",
  "Xa_Thach_Khoan": "Xã Thạch Khoán",
  "Xa_Cu_Thang": "Xã Cự Thắng",
  "Xa_Tat_Thang": "Xã Tất Thắng",
  "Xa_Van_Mieu": "Xã Văn Miếu",
  "Xa_Cu_Dong": "Xã Cự Đồng",
  "Xa_Thang_Son": "Xã Thắng Sơn",
  "Xa_Tan_Minh": "Xã Tân Minh",
  "Xa_Huong_Can": "Xã Hương Cần",
  "Xa_Kha_Cuu": "Xã Khả Cửu",
  "Xa_Dong_Cuu": "Xã Đông Cửu",
  "Xa_Tan_Lap": "Xã Tân Lập",
  "Xa_Yen_Lang": "Xã Yên Lãng",
  "Xa_Yen_Luong": "Xã Yên Lương",
  "Xa_Thuong_Cuu": "Xã Thượng Cửu",
  "Xa_Luong_Nha": "Xã Lương Nha",
  "Xa_Yen_Son": "Xã Yên Sơn",
  "Xa_Tinh_Nhue": "Xã Tinh Nhuệ",
  "Huyen_Thanh_Thuy": "Huyện Thanh Thuỷ",
  "Xa_Dao_Xa": "Xã Đào Xá",
  "Xa_Thach_Dong": "Xã Thạch Đồng",
  "Xa_Xuan_Loc": "Xã Xuân Lộc",
  "Xa_Tan_Phuong": "Xã Tân Phương",
  "Thi_tran_Thanh_Thuy": "Thị trấn Thanh Thủy",
  "Xa_Son_Thuy": "Xã Sơn Thủy",
  "Xa_Bao_Yen": "Xã Bảo Yên",
  "Xa_Doan_Ha": "Xã Đoan Hạ",
  "Xa_Dong_Trung": "Xã Đồng Trung",
  "Xa_Hoang_Xa": "Xã Hoàng Xá",
  "Xa_Tu_Vu": "Xã Tu Vũ",
  "Huyen_Tan_Son": "Huyện Tân Sơn",
  "Xa_Thu_Cuc": "Xã Thu Cúc",
  "Xa_Thach_Kiet": "Xã Thạch Kiệt",
  "Xa_Thu_Ngac": "Xã Thu Ngạc",
  "Xa_Kiet_Son": "Xã Kiệt Sơn",
  "Xa_Dong_Son": "Xã Đồng Sơn",
  "Xa_Lai_Dong": "Xã Lai Đồng",
  "Xa_Tan_Phu": "Xã Tân Phú",
  "Xa_My_Thuan": "Xã Mỹ Thuận",
  "Xa_Tan_Son": "Xã Tân Sơn",
  "Xa_Xuan_Dai": "Xã Xuân Đài",
  "Xa_Minh_Dai": "Xã Minh Đài",
  "Xa_Van_Luong": "Xã Văn Luơng",
  "Xa_Xuan_Son": "Xã Xuân Sơn",
  "Xa_Long_Coc": "Xã Long Cốc",
  "Xa_Kim_Thuong": "Xã Kim Thượng",
  "Xa_Tam_Thanh": "Xã Tam Thanh",
  "Xa_Vinh_Tien": "Xã Vinh Tiền"
}