{
  "Lam_Dong": "Lâm Đồng",
  "Thanh_pho_Da_Lat": "Thành phố Đà Lạt",
  "Phuong_7": "Phường 7",
  "Phuong_8": "Phường 8",
  "Phuong_12": "Phường 12",
  "Phuong_9": "Phường 9",
  "Phuong_2": "Phường 2",
  "Phuong_1": "Phường 1",
  "Phuong_6": "Phường 6",
  "Phuong_5": "Phường 5",
  "Phuong_4": "Phường 4",
  "Phuong_10": "Phường 10",
  "Phuong_11": "Phường 11",
  "Phuong_3": "Phường 3",
  "Xa_Xuan_Tho": "Xã Xuân Thọ",
  "Xa_Ta_Nung": "Xã Tà Nung",
  "Xa_Tram_Hanh": "Xã Trạm Hành",
  "Xa_Xuan_Truong": "Xã Xuân Trường",
  "Thanh_pho_Bao_Loc": "Thành phố Bảo Lộc",
  "Phuong_Loc_Phat": "Phường Lộc Phát",
  "Phuong_Loc_Tien": "Phường Lộc Tiến",
  "Phuong_Blao": "Phường Blao",
  "Phuong_Loc_Son": "Phường Lộc Sơn",
  "Xa_Dam_Bri": "Xã Đạm Bri",
  "Xa_Loc_Thanh": "Xã Lộc Thành",
  "Xa_Loc_Nga": "Xã Lộc Nga",
  "Xa_Loc_Chau": "Xã Lộc Châu",
  "Xa_Dai_Lao": "Xã Đại Lào",
  "Huyen_Dam_Rong": "Huyện Đam Rông",
  "Xa_Da_Tong": "Xã Đạ Tông",
  "Xa_Da_Long": "Xã Đạ Long",
  "Xa_Da_M_Rong": "Xã Đạ M Rong",
  "Xa_Lieng_Sronh": "Xã Liêng Srônh",
  "Xa_Da_Rsal": "Xã Đạ Rsal",
  "Xa_Ro_Men": "Xã Rô Men",
  "Xa_Phi_Lieng": "Xã Phi Liêng",
  "Xa_Da_K_Nang": "Xã Đạ K Nàng",
  "Huyen_Lac_Duong": "Huyện Lạc Dương",
  "Xa_Da_Chais": "Xã Đạ Chais",
  "Xa_Da_Nhim": "Xã Đạ Nhim",
  "Xa_Dung_KNo": "Xã Đưng KNớ",
  "Xa_Lat": "Xã Lát",
  "Xa_Da_Sar": "Xã Đạ Sar",
  "Huyen_Lam_Ha": "Huyện Lâm Hà",
  "Thi_tran_Nam_Ban": "Thị trấn Nam Ban",
  "Thi_tran_Dinh_Van": "Thị trấn Đinh Văn",
  "Xa_Phu_Son": "Xã Phú Sơn",
  "Xa_Phi_To": "Xã Phi Tô",
  "Xa_Me_Linh": "Xã Mê Linh",
  "Xa_Da_Don": "Xã Đạ Đờn",
  "Xa_Phuc_Tho": "Xã Phúc Thọ",
  "Xa_Dong_Thanh": "Xã Đông Thanh",
  "Xa_Gia_Lam": "Xã Gia Lâm",
  "Xa_Tan_Thanh": "Xã Tân Thành",
  "Xa_Tan_Van": "Xã Tân Văn",
  "Xa_Hoai_Duc": "Xã Hoài Đức",
  "Xa_Tan_Ha": "Xã Tân Hà",
  "Xa_Lien_Ha": "Xã Liên Hà",
  "Xa_Dan_Phuong": "Xã Đan Phượng",
  "Xa_Nam_Ha": "Xã Nam Hà",
  "Huyen_Don_Duong": "Huyện Đơn Dương",
  "Thi_tran_DRan": "Thị trấn DRan",
  "Thi_tran_Thanh_My": "Thị trấn Thạnh Mỹ",
  "Xa_Lac_Xuan": "Xã Lạc Xuân",
  "Xa_Da_Ron": "Xã Đạ Ròn",
  "Xa_Lac_Lam": "Xã Lạc Lâm",
  "Xa_Ka_Do": "Xã Ka Đô",
  "Xa_Quang_Lap": "Xã Quảng Lập",
  "Xa_Ka_Don": "Xã Ka Đơn",
  "Xa_Tu_Tra": "Xã Tu Tra",
  "Xa_Pro": "Xã Pró",
  "Huyen_Duc_Trong": "Huyện Đức Trọng",
  "Thi_tran_Lien_Nghia": "Thị trấn Liên Nghĩa",
  "Xa_Hiep_An": "Xã Hiệp An",
  "Xa_Lien_Hiep": "Xã Liên Hiệp",
  "Xa_Hiep_Thanh": "Xã Hiệp Thạnh",
  "Xa_Binh_Thanh": "Xã Bình Thạnh",
  "Xa_NThol_Ha": "Xã NThol Hạ",
  "Xa_Tan_Hoi": "Xã Tân Hội",
  "Xa_Phu_Hoi": "Xã Phú Hội",
  "Xa_Ninh_Gia": "Xã Ninh Gia",
  "Xa_Ta_Nang": "Xã Tà Năng",
  "Xa_Da_Quyn": "Xã Đa Quyn",
  "Xa_Ta_Hine": "Xã Tà Hine",
  "Xa_Da_Loan": "Xã Đà Loan",
  "Xa_Ninh_Loan": "Xã Ninh Loan",
  "Huyen_Di_Linh": "Huyện Di Linh",
  "Xa_Dinh_Trang_Thuong": "Xã Đinh Trang Thượng",
  "Xa_Tan_Thuong": "Xã Tân Thượng",
  "Xa_Tan_Lam": "Xã Tân Lâm",
  "Xa_Tan_Chau": "Xã Tân Châu",
  "Xa_Tan_Nghia": "Xã Tân Nghĩa",
  "Xa_Gia_Hiep": "Xã Gia Hiệp",
  "Xa_Dinh_Lac": "Xã Đinh Lạc",
  "Xa_Tam_Bo": "Xã Tam Bố",
  "Xa_Dinh_Trang_Hoa": "Xã Đinh Trang Hòa",
  "Xa_Lien_Dam": "Xã Liên Đầm",
  "Xa_Gung_Re": "Xã Gung Ré",
  "Xa_Bao_Thuan": "Xã Bảo Thuận",
  "Xa_Hoa_Ninh": "Xã Hòa Ninh",
  "Xa_Hoa_Trung": "Xã Hòa Trung",
  "Xa_Hoa_Nam": "Xã Hòa Nam",
  "Xa_Hoa_Bac": "Xã Hòa Bắc",
  "Xa_Son_Dien": "Xã Sơn Điền",
  "Xa_Gia_Bac": "Xã Gia Bắc",
  "Huyen_Bao_Lam": "Huyện Bảo Lâm",
  "Thi_tran_Loc_Thang": "Thị trấn Lộc Thắng",
  "Xa_Loc_Bao": "Xã Lộc Bảo",
  "Xa_Loc_Lam": "Xã Lộc Lâm",
  "Xa_Loc_Phu": "Xã Lộc Phú",
  "Xa_Loc_Bac": "Xã Lộc Bắc",
  "Xa_B_La": "Xã B Lá",
  "Xa_Loc_Ngai": "Xã Lộc Ngãi",
  "Xa_Loc_Quang": "Xã Lộc Quảng",
  "Xa_Loc_Tan": "Xã Lộc Tân",
  "Xa_Loc_Duc": "Xã Lộc Đức",
  "Xa_Loc_An": "Xã Lộc An",
  "Xa_Tan_Lac": "Xã Tân Lạc",
  "Xa_Loc_Nam": "Xã Lộc Nam",
  "Huyen_Da_Huoai": "Huyện Đạ Huoai",
  "Thi_tran_Da_Mri": "Thị trấn Đạ Mri",
  "Thi_tran_Ma_Da_Guoi": "Thị trấn Ma Đa Guôi",
  "Xa_Ha_Lam": "Xã Hà Lâm",
  "Xa_Da_Ton": "Xã Đạ Tồn",
  "Xa_Da_Oai": "Xã Đạ Oai",
  "Xa_Da_Ploa": "Xã Đạ Ploa",
  "Xa_Ma_Da_Guoi": "Xã Ma Đa Guôi",
  "Xa_Doan_Ket": "Xã Đoàn Kết",
  "Xa_Phuoc_Loc": "Xã Phước Lộc",
  "Huyen_Da_Teh": "Huyện Đạ Tẻh",
  "Xa_An_Nhon": "Xã An Nhơn",
  "Xa_Quoc_Oai": "Xã Quốc Oai",
  "Xa_My_Duc": "Xã Mỹ Đức",
  "Xa_Quang_Tri": "Xã Quảng Trị",
  "Xa_Da_Lay": "Xã Đạ Lây",
  "Xa_Trieu_Hai": "Xã Triệu Hải",
  "Xa_Da_Kho": "Xã Đạ Kho",
  "Xa_Da_Pal": "Xã Đạ Pal",
  "Huyen_Cat_Tien": "Huyện Cát Tiên",
  "Xa_Tien_Hoang": "Xã Tiên Hoàng",
  "Xa_Phuoc_Cat_2": "Xã Phước Cát 2",
  "Xa_Gia_Vien": "Xã Gia Viễn",
  "Xa_Nam_Ninh": "Xã Nam Ninh",
  "Thi_tran_Phuoc_Cat": "Thị trấn Phước Cát",
  "Xa_Duc_Pho": "Xã Đức Phổ",
  "Xa_Quang_Ngai": "Xã Quảng Ngãi",
  "Xa_Dong_Nai_Thuong": "Xã Đồng Nai Thượng"
}