{
  "Binh_Thuan": "Binh Thuan",
  "Thanh_pho_Phan_Thiet": "Phan Thiet City",
  "Phuong_Mui_Ne": "Mui Ne Ward",
  "Phuong_Ham_Tien": "Ham Tien Ward",
  "Phuong_Phu_Hai": "Phu Hai Ward",
  "Phuong_Phu_Thuy": "Phu Thuy Ward",
  "Phuong_Phu_Tai": "Phu Tai Ward",
  "Phuong_Phu_Trinh": "Phu Trinh Ward",
  "Phuong_Xuan_An": "Xuan An Ward",
  "Phuong_Thanh_Hai": "Thanh Hai Ward",
  "Phuong_Binh_Hung": "Binh Hung Ward",
  "Phuong_Duc_Nghia": "Duc Nghia Ward",
  "Phuong_Lac_Dao": "Lac Dao Ward",
  "Phuong_Duc_Thang": "Duc Thang Ward",
  "Phuong_Hung_Long": "Hung Long Ward",
  "Phuong_Duc_Long": "Duc Long Ward",
  "Xa_Thien_Nghiep": "Thien Nghiep commune",
  "Xa_Phong_Nam": "Phong Nam commune",
  "Xa_Tien_Loi": "Tien Loi Commune",
  "Xa_Tien_Thanh": "Tien Thanh Commune",
  "Thi_xa_La_Gi": "La Gi town",
  "Phuong_Phuoc_Hoi": "Phuoc Hoi Ward",
  "Phuong_Phuoc_Loc": "Phuoc Loc Ward",
  "Phuong_Tan_Thien": "Tan Thien Ward",
  "Phuong_Tan_An": "Tan An Ward",
  "Phuong_Binh_Tan": "Binh Tan Ward",
  "Xa_Tan_Hai": "Tan Hai commune",
  "Xa_Tan_Tien": "Tan Tien Commune",
  "Xa_Tan_Binh": "Tan Binh commune",
  "Xa_Tan_Phuoc": "Tan Phuoc commune",
  "Huyen_Tuy_Phong": "Tuy Phong district",
  "Thi_tran_Lien_Huong": "Lien Huong town",
  "Thi_tran_Phan_Ri_Cua": "Phan Ri Cua town",
  "Xa_Phan_Dung": "Phan Dung commune",
  "Xa_Phong_Phu": "Phong Phu commune",
  "Xa_Vinh_Hao": "Vinh Hao commune",
  "Xa_Vinh_Tan": "Vinh Tan commune",
  "Xa_Phu_Lac": "Phu Lac commune",
  "Xa_Phuoc_The": "Phuoc The commune",
  "Xa_Hoa_Minh": "Hoa Minh commune",
  "Xa_Chi_Cong": "Chi Cong commune",
  "Xa_Binh_Thanh": "Binh Thanh commune",
  "Huyen_Bac_Binh": "Bac Binh district",
  "Thi_tran_Cho_Lau": "Cho Lau town",
  "Xa_Phan_Son": "Phan Son commune",
  "Xa_Phan_Lam": "Phan Lam commune",
  "Xa_Binh_An": "Binh An commune",
  "Xa_Phan_Dien": "Phan Dien commune",
  "Xa_Hai_Ninh": "Hai Ninh commune",
  "Xa_Song_Luy": "Song Luy commune",
  "Xa_Phan_Tien": "Phan Tien Commune",
  "Xa_Song_Binh": "Song Binh commune",
  "Thi_tran_Luong_Son": "Luong Son town",
  "Xa_Phan_Hoa": "Phan Hoa commune",
  "Xa_Phan_Thanh": "Phan Thanh commune",
  "Xa_Hong_Thai": "Hong Thai commune",
  "Xa_Phan_Hiep": "Phan Hiep commune",
  "Xa_Binh_Tan": "Binh Tan commune",
  "Xa_Phan_Ri_Thanh": "Phan Ri Thanh commune",
  "Xa_Hoa_Thang": "Hoa Thang commune",
  "Xa_Hong_Phong": "Hong Phong commune",
  "Huyen_Ham_Thuan_Bac": "Ham Thuan Bac district",
  "Thi_tran_Ma_Lam": "Ma Lam town",
  "Thi_tran_Phu_Long": "Phu Long town",
  "Xa_La_Da": "La Da commune",
  "Xa_Dong_Tien": "Dong Tien Commune",
  "Xa_Thuan_Hoa": "Thuan Hoa Commune",
  "Xa_Dong_Giang": "Dong Giang commune",
  "Xa_Ham_Phu": "Ham Phu commune",
  "Xa_Hong_Liem": "Hong Liem commune",
  "Xa_Thuan_Minh": "Thuan Minh commune",
  "Xa_Hong_Son": "Hong Son commune",
  "Xa_Ham_Tri": "Ham Tri commune",
  "Xa_Ham_Duc": "Ham Duc commune",
  "Xa_Ham_Liem": "Ham Liem commune",
  "Xa_Ham_Chinh": "Ham Chinh Commune",
  "Xa_Ham_Hiep": "Ham Hiep commune",
  "Xa_Ham_Thang": "Ham Thang commune",
  "Xa_Da_Mi": "Da Mi commune",
  "Huyen_Ham_Thuan_Nam": "Ham Thuan Nam district",
  "Xa_My_Thanh": "My Thanh commune",
  "Xa_Ham_Can": "Ham Can commune",
  "Xa_Muong_Man": "Muong Man commune",
  "Xa_Ham_Thanh": "Ham Thanh commune",
  "Xa_Ham_Kiem": "Ham Kiem commune",
  "Xa_Ham_Cuong": "Ham Cuong commune",
  "Xa_Ham_My": "Ham My commune",
  "Xa_Tan_Lap": "Tan Lap commune",
  "Xa_Ham_Minh": "Ham Minh commune",
  "Xa_Thuan_Qui": "Thuan Qui commune",
  "Xa_Tan_Thuan": "Tan Thuan commune",
  "Xa_Tan_Thanh": "Tan Thanh commune",
  "Huyen_Tanh_Linh": "Tanh Linh district",
  "Thi_tran_Lac_Tanh": "Lac Tanh town",
  "Xa_Bac_Ruong": "Bac Ruong commune",
  "Xa_Nghi_Duc": "Nghi Duc commune",
  "Xa_La_Ngau": "La Ngau commune",
  "Xa_Huy_Khiem": "Huy Khiem commune",
  "Xa_Mang_To": "Mang To commune",
  "Xa_Duc_Phu": "Duc Phu commune",
  "Xa_Dong_Kho": "Dong Kho commune",
  "Xa_Gia_An": "Gia An Commune",
  "Xa_Duc_Binh": "Duc Binh commune",
  "Xa_Gia_Huynh": "Gia Huynh commune",
  "Xa_Duc_Thuan": "Duc Thuan commune",
  "Xa_Suoi_Kiet": "Suoi Kiet commune",
  "Huyen_Duc_Linh": "Duc Linh district",
  "Thi_tran_Vo_Xu": "Vo Xu town",
  "Thi_tran_Duc_Tai": "Duc Tai town",
  "Xa_Da_Kai": "Da Kai commune",
  "Xa_Sung_Nhon": "Sung Nhon commune",
  "Xa_Me_Pu": "Me Pu commune",
  "Xa_Nam_Chinh": "Nam Chinh Commune",
  "Xa_Duc_Hanh": "Duc Hanh commune",
  "Xa_Duc_Tin": "Duc Tin commune",
  "Xa_Vu_Hoa": "Vu Hoa commune",
  "Xa_Tan_Ha": "Tan Ha commune",
  "Xa_Dong_Ha": "Dong Ha commune",
  "Xa_Tra_Tan": "Tra Tan commune",
  "Huyen_Ham_Tan": "Ham Tan district",
  "Thi_tran_Tan_Minh": "Tan Minh town",
  "Thi_tran_Tan_Nghia": "Tan Nghia town",
  "Xa_Song_Phan": "Song Phan commune",
  "Xa_Tan_Phuc": "Tan Phuc commune",
  "Xa_Tan_Duc": "Tan Duc commune",
  "Xa_Tan_Thang": "Tan Thang commune",
  "Xa_Thang_Hai": "Thang Hai commune",
  "Xa_Tan_Xuan": "Tan Xuan commune",
  "Xa_Son_My": "Son My commune",
  "Huyen_Phu_Qui": "Phu Qui district",
  "Xa_Ngu_Phung": "Ngu Phung commune",
  "Xa_Long_Hai": "Long Hai commune",
  "Xa_Tam_Thanh": "Tam Thanh commune"
}