{
  "Tay_Ninh": "Tay Ninh",
  "Thanh_pho_Tay_Ninh": "Tay Ninh city",
  "Phuong_1": "Ward 1",
  "Phuong_3": "Ward 3",
  "Phuong_4": "Ward 4",
  "Phuong_Hiep_Ninh": "Hiep Ninh Ward",
  "Phuong_2": "Ward 2",
  "Xa_Thanh_Tan": "Thanh Tan commune",
  "Xa_Tan_Binh": "Tan Binh commune",
  "Xa_Binh_Minh": "Binh Minh Commune",
  "Phuong_Ninh_Son": "Ninh Son Ward",
  "Phuong_Ninh_Thanh": "Ninh Thanh Ward",
  "Huyen_Tan_Bien": "Tan Bien district",
  "Xa_Tan_Lap": "Tan Lap commune",
  "Xa_Thanh_Bac": "Thanh Bac commune",
  "Xa_Thanh_Binh": "Thanh Binh commune",
  "Xa_Thanh_Tay": "Thanh Tay commune",
  "Xa_Hoa_Hiep": "Hoa Hiep commune",
  "Xa_Tan_Phong": "Tan Phong commune",
  "Xa_Mo_Cong": "Mo Cong commune",
  "Xa_Tra_Vong": "Tra Vong commune",
  "Huyen_Tan_Chau": "Tan Chau district",
  "Xa_Tan_Ha": "Tan Ha commune",
  "Xa_Tan_Dong": "Tan Dong commune",
  "Xa_Tan_Hoi": "Tan Hoi Commune",
  "Xa_Tan_Hoa": "Tan Hoa commune",
  "Xa_Suoi_Ngo": "Suoi Ngo commune",
  "Xa_Suoi_Day": "Suoi Day commune",
  "Xa_Tan_Hiep": "Tan Hiep commune",
  "Xa_Thanh_Dong": "Thanh Dong commune",
  "Xa_Tan_Thanh": "Tan Thanh commune",
  "Xa_Tan_Phu": "Tan Phu commune",
  "Xa_Tan_Hung": "Tan Hung commune",
  "Huyen_Duong_Minh_Chau": "Duong Minh Chau district",
  "Xa_Suoi_Da": "Suoi Da Commune",
  "Xa_Phan": "Phan commune",
  "Xa_Phuoc_Ninh": "Phuoc Ninh commune",
  "Xa_Phuoc_Minh": "Phuoc Minh commune",
  "Xa_Bau_Nang": "Bau Nang commune",
  "Xa_Cha_La": "Cha La Commune",
  "Xa_Cau_Khoi": "Cau Khoi Commune",
  "Xa_Ben_Cui": "Ben Cui commune",
  "Xa_Loc_Ninh": "Loc Ninh commune",
  "Xa_Truong_Mit": "Truong Mit commune",
  "Huyen_Chau_Thanh": "Chau Thanh district",
  "Xa_Hao_Duoc": "Hao Duoc commune",
  "Xa_Phuoc_Vinh": "Phuoc Vinh commune",
  "Xa_Dong_Khoi": "Dong Khoi commune",
  "Xa_Thai_Binh": "Thai Binh commune",
  "Xa_An_Co": "An Co commune",
  "Xa_Bien_Gioi": "Border Commune",
  "Xa_Hoa_Thanh": "Hoa Thanh commune",
  "Xa_Tri_Binh": "Tri Binh commune",
  "Xa_Hoa_Hoi": "Hoa Hoi Commune",
  "Xa_An_Binh": "An Binh commune",
  "Xa_Thanh_Dien": "Thanh Dien commune",
  "Xa_Thanh_Long": "Thanh Long commune",
  "Xa_Ninh_Dien": "Ninh Dien commune",
  "Xa_Long_Vinh": "Long Vinh commune",
  "Thi_xa_Hoa_Thanh": "Hoa Thanh town",
  "Phuong_Long_Hoa": "Long Hoa Ward",
  "Phuong_Hiep_Tan": "Hiep Tan Ward",
  "Phuong_Long_Thanh_Bac": "Long Thanh Bac Ward",
  "Xa_Truong_Hoa": "Truong Hoa commune",
  "Xa_Truong_Dong": "Truong Dong commune",
  "Phuong_Long_Thanh_Trung": "Long Thanh Trung Ward",
  "Xa_Truong_Tay": "Truong Tay commune",
  "Xa_Long_Thanh_Nam": "Long Thanh Nam commune",
  "Huyen_Go_Dau": "Go Dau District",
  "Xa_Thanh_Duc": "Thanh Duc commune",
  "Xa_Cam_Giang": "Cam Giang commune",
  "Xa_Hiep_Thanh": "Hiep Thanh commune",
  "Xa_Bau_Don": "Bau Don commune",
  "Xa_Phuoc_Thanh": "Phuoc Thanh commune",
  "Xa_Phuoc_Dong": "Phuoc Dong commune",
  "Xa_Phuoc_Trach": "Phuoc Trach commune",
  "Xa_Thanh_Phuoc": "Thanh Phuoc commune",
  "Huyen_Ben_Cau": "Ben Cau District",
  "Xa_Long_Chu": "Long Chu commune",
  "Xa_Long_Phuoc": "Long Phuoc commune",
  "Xa_Long_Giang": "Long Giang commune",
  "Xa_Tien_Thuan": "Tien Thuan commune",
  "Xa_Long_Khanh": "Long Khanh commune",
  "Xa_Loi_Thuan": "Loi Thuan Commune",
  "Xa_Long_Thuan": "Long Thuan commune",
  "Xa_An_Thanh": "An Thanh commune",
  "Thi_xa_Trang_Bang": "Trang Bang town",
  "Xa_Don_Thuan": "Don Thuan commune",
  "Xa_Hung_Thuan": "Hung Thuan commune",
  "Phuong_Loc_Hung": "Loc Hung Ward",
  "Phuong_Gia_Loc": "Gia Loc Ward",
  "Phuong_Gia_Binh": "Gia Binh Ward",
  "Xa_Phuoc_Binh": "Phuoc Binh commune",
  "Phuong_An_Tinh": "An Tinh Ward",
  "Phuong_An_Hoa": "An Hoa Ward",
  "Xa_Phuoc_Chi": "Phuoc Chi commune"
}