{
  "Hai_Phong": "Hai Phong",
  "Quan_Hong_Bang": "Hong Bang District",
  "Phuong_Quan_Toan": "Quan Toan Ward",
  "Phuong_Hung_Vuong": "Hung Vuong Ward",
  "Phuong_So_Dau": "So Dau Ward",
  "Phuong_Thuong_Ly": "Thuong Ly Ward",
  "Phuong_Ha_Ly": "Ha Ly Ward",
  "Phuong_Minh_Khai": "Minh Khai Ward",
  "Phuong_Trai_Chuoi": "Trai Chuoi Ward",
  "Phuong_Hoang_Van_Thu": "Hoang Van Thu Ward",
  "Phuong_Phan_Boi_Chau": "Phan Boi Chau Ward",
  "Quan_Ngo_Quyen": "Ngo Quyen District",
  "Phuong_May_Chai": "Chai Machine Ward",
  "Phuong_May_To": "May To Ward",
  "Phuong_Van_My": "Van My Ward",
  "Phuong_Cau_Tre": "Cau Tre Ward",
  "Phuong_Lac_Vien": "Lac Vien Ward",
  "Phuong_Gia_Vien": "Gia Vien Ward",
  "Phuong_Dong_Khe": "Dong Khe Ward",
  "Phuong_Cau_Dat": "Cau Dat Ward",
  "Phuong_Le_Loi": "Le Loi Ward",
  "Phuong_Dang_Giang": "Dang Giang Ward",
  "Phuong_Lach_Tray": "Lach Tray Ward",
  "Phuong_Dong_Quoc_Binh": "Dong Quoc Binh Ward",
  "Quan_Le_Chan": "Le Chan District",
  "Phuong_Cat_Dai": "Cat Dai Ward",
  "Phuong_An_Bien": "An Bien Ward",
  "Phuong_Lam_Son": "Lam Son Ward",
  "Phuong_An_Duong": "An Duong Ward",
  "Phuong_Tran_Nguyen_Han": "Tran Nguyen Han Ward",
  "Phuong_Ho_Nam": "Hunan Ward",
  "Phuong_Trai_Cau": "Trai Cau Ward",
  "Phuong_Du_Hang": "Du Hang Ward",
  "Phuong_Hang_Kenh": "Hang Kenh Ward",
  "Phuong_Dong_Hai": "Dong Hai Ward",
  "Phuong_Niem_Nghia": "Niem Nghia Ward",
  "Phuong_Nghia_Xa": "Nghia Xa Ward",
  "Phuong_Du_Hang_Kenh": "Du Hang Kenh Ward",
  "Phuong_Kenh_Duong": "Kenh Duong Ward",
  "Phuong_Vinh_Niem": "Vinh Niem Ward",
  "Quan_Hai_An": "Hai An District",
  "Phuong_Dong_Hai_1": "Dong Hai 1 Ward",
  "Phuong_Dong_Hai_2": "Dong Hai 2 Ward",
  "Phuong_Dang_Lam": "Dang Lam Ward",
  "Phuong_Thanh_To": "Thanh To Ward",
  "Phuong_Dang_Hai": "Dang Hai Ward",
  "Phuong_Nam_Hai": "Nam Hai Ward",
  "Phuong_Cat_Bi": "Cat Bi Ward",
  "Phuong_Trang_Cat": "Trang Cat Ward",
  "Quan_Kien_An": "Kien An District",
  "Phuong_Quan_Tru": "Quan Tru Ward",
  "Phuong_Lam_Ha": "Lam Ha Ward",
  "Phuong_Dong_Hoa": "Dong Hoa Ward",
  "Phuong_Bac_Son": "Bac Son Ward",
  "Phuong_Nam_Son": "Nam Son Ward",
  "Phuong_Ngoc_Son": "Ngoc Son Ward",
  "Phuong_Tran_Thanh_Ngo": "Tran Thanh Ngo Ward",
  "Phuong_Van_Dau": "Van Dau Ward",
  "Phuong_Phu_Lien": "Phu Lien Ward",
  "Phuong_Trang_Minh": "Trang Minh Ward",
  "Quan_Duong_Kinh": "Duong Kinh District",
  "Phuong_Da_Phuc": "Da Phuc Ward",
  "Phuong_Hung_Dao": "Hung Dao Ward",
  "Phuong_Anh_Dung": "Anh Dung Ward",
  "Phuong_Hai_Thanh": "Hai Thanh Ward",
  "Phuong_Hoa_Nghia": "Hoa Nghia Ward",
  "Phuong_Tan_Thanh": "Tan Thanh Ward",
  "Huyen_Thuy_Nguyen": "Thuy Nguyen district",
  "Thi_tran_Nui_Deo": "Mountain Deo Town",
  "Thi_tran_Minh_Duc": "Minh Duc town",
  "Xa_Lai_Xuan": "Lai Xuan Commune",
  "Xa_An_Son": "An Son commune",
  "Xa_Ky_Son": "Ky Son commune",
  "Xa_Lien_Khe": "Lien Khe commune",
  "Xa_Luu_Kiem": "Luu Kiem commune",
  "Xa_Luu_Ky": "Luu Ky Commune",
  "Xa_Gia_Minh": "Gia Minh commune",
  "Xa_Gia_Duc": "Gia Duc Commune",
  "Xa_Minh_Tan": "Minh Tan commune",
  "Xa_Phu_Ninh": "Phu Ninh commune",
  "Xa_Quang_Thanh": "Quang Thanh commune",
  "Xa_Chinh_My": "Chinh My commune",
  "Xa_Kenh_Giang": "Kenh Giang commune",
  "Xa_Hop_Thanh": "Hop Thanh Commune",
  "Xa_Cao_Nhan": "Cao Nhan commune",
  "Xa_My_Dong": "My Dong commune",
  "Xa_Dong_Son": "Dong Son commune",
  "Xa_Hoa_Binh": "Hoa Binh commune",
  "Xa_Trung_Ha": "Trung Ha commune",
  "Xa_An_Lu": "An Lu commune",
  "Xa_Thuy_Trieu": "Thuy Trieu Commune",
  "Xa_Ngu_Lao": "Ngu Lao commune",
  "Xa_Phuc_Le": "Phuc Le commune",
  "Xa_Tam_Hung": "Tam Hung commune",
  "Xa_Pha_Le": "Pha Le commune",
  "Xa_Lap_Le": "Lap Le Commune",
  "Xa_Kien_Bai": "Kien Bai commune",
  "Xa_Thien_Huong": "Thien Huong commune",
  "Xa_Thuy_Son": "Thuy Son commune",
  "Xa_Thuy_Duong": "Thuy Duong Commune",
  "Xa_Hoang_Dong": "Hoang Dong commune",
  "Xa_Lam_Dong": "Lam Dong commune",
  "Xa_Hoa_Dong": "Hoa Dong commune",
  "Xa_Tan_Duong": "Tan Duong commune",
  "Xa_Duong_Quan": "Duong Quan commune",
  "Huyen_An_Duong": "An Duong district",
  "Xa_Le_Thien": "Le Thien commune",
  "Xa_Dai_Ban": "Dai Ban commune",
  "Xa_An_Hoa": "An Hoa commune",
  "Xa_Hong_Phong": "Hong Phong commune",
  "Xa_Tan_Tien": "Tan Tien Commune",
  "Xa_An_Hung": "An Hung commune",
  "Xa_An_Hong": "An Hong commune",
  "Xa_Bac_Son": "Bac Son commune",
  "Xa_Nam_Son": "Nam Son commune",
  "Xa_Le_Loi": "Le Loi commune",
  "Xa_Dang_Cuong": "Dang Cuong commune",
  "Xa_Dong_Thai": "Dong Thai commune",
  "Xa_Quoc_Tuan": "Quoc Tuan Commune",
  "Xa_An_Dong": "An Dong commune",
  "Xa_Hong_Thai": "Hong Thai commune",
  "Huyen_An_Lao": "An Lao district",
  "Xa_Bat_Trang": "Bat Trang commune",
  "Xa_Truong_Tho": "Truong Tho commune",
  "Xa_Truong_Thanh": "Truong Thanh commune",
  "Xa_An_Tien": "An Tien Commune",
  "Xa_Quang_Hung": "Quang Hung commune",
  "Xa_Quang_Trung": "Quang Trung commune",
  "Xa_An_Thang": "An Thang commune",
  "Thi_tran_Truong_Son": "Truong Son town",
  "Xa_Tan_Dan": "Tan Dan Commune",
  "Xa_Thai_Son": "Thai Son commune",
  "Xa_Tan_Vien": "Tan Vien Commune",
  "Xa_My_Duc": "My Duc commune",
  "Xa_Chien_Thang": "Chien Thang commune",
  "Xa_An_Tho": "An Tho commune",
  "Xa_An_Thai": "An Thai commune",
  "Huyen_Kien_Thuy": "Kien Thuy district",
  "Thi_tran_Nui_Doi": "Nui Doi town",
  "Xa_Dong_Phuong": "Dong Phuong commune",
  "Xa_Thuan_Thien": "Thuan Thien commune",
  "Xa_Huu_Bang": "Huu Bang commune",
  "Xa_Dai_Dong": "Dai Dong commune",
  "Xa_Ngu_Phuc": "Ngu Phuc Commune",
  "Xa_Kien_Quoc": "Kien Quoc commune",
  "Xa_Du_Le": "Du Le Commune",
  "Xa_Thuy_Huong": "Thuy Huong commune",
  "Xa_Thanh_Son": "Thanh Son commune",
  "Xa_Dai_Ha": "Dai Ha commune",
  "Xa_Ngu_Doan": "Ngu Doan commune",
  "Xa_Tan_Phong": "Tan Phong commune",
  "Xa_Tan_Trao": "Tan Trao commune",
  "Xa_Doan_Xa": "Doan Xa Commune",
  "Xa_Tu_Son": "Tu Son commune",
  "Xa_Dai_Hop": "Dai Hop commune",
  "Huyen_Tien_Lang": "Tien Lang district",
  "Xa_Dai_Thang": "Dai Thang commune",
  "Xa_Tien_Cuong": "Tien Cuong commune",
  "Xa_Tu_Cuong": "Tu Cuong commune",
  "Xa_Quyet_Tien": "Quyet Tien Commune",
  "Xa_Khoi_Nghia": "Khoi Nghia Commune",
  "Xa_Tien_Thanh": "Tien Thanh commune",
  "Xa_Cap_Tien": "Cap Tien Commune",
  "Xa_Kien_Thiet": "Kien Thiet Commune",
  "Xa_Doan_Lap": "Doan Lap Commune",
  "Xa_Bach_Dang": "Bach Dang commune",
  "Xa_Quang_Phuc": "Quang Phuc commune",
  "Xa_Toan_Thang": "Toan Thang commune",
  "Xa_Tien_Thang": "Tien Thang commune",
  "Xa_Tien_Minh": "Tien Minh commune",
  "Xa_Bac_Hung": "Bac Hung commune",
  "Xa_Nam_Hung": "Nam Hung commune",
  "Xa_Hung_Thang": "Hung Thang commune",
  "Xa_Tay_Hung": "Tay Hung commune",
  "Xa_Dong_Hung": "Dong Hung commune",
  "Xa_Vinh_Quang": "Vinh Quang commune",
  "Huyen_Vinh_Bao": "Vinh Bao district",
  "Xa_Dung_Tien": "Dung Tien commune",
  "Xa_Giang_Bien": "Giang Bien commune",
  "Xa_Thang_Thuy": "Thang Thuy commune",
  "Xa_Trung_Lap": "Trung Lap commune",
  "Xa_Viet_Tien": "Viet Tien Commune",
  "Xa_Vinh_An": "Vinh An commune",
  "Xa_Vinh_Long": "Vinh Long commune",
  "Xa_Hiep_Hoa": "Hiep Hoa Commune",
  "Xa_Hung_Tien": "Hung Tien Commune",
  "Xa_Tan_Hung": "Tan Hung commune",
  "Xa_Tan_Lien": "Tan Lien commune",
  "Xa_Nhan_Hoa": "Nhan Hoa Commune",
  "Xa_Tam_Da": "Tam Da commune",
  "Xa_Hung_Nhan": "Hung Nhan commune",
  "Xa_Dong_Minh": "Dong Minh Commune",
  "Xa_Thanh_Luong": "Thanh Luong commune",
  "Xa_Lien_Am": "Lien Am commune",
  "Xa_Ly_Hoc": "Ly Hoc Commune",
  "Xa_Tam_Cuong": "Tam Cuong commune",
  "Xa_Tien_Phong": "Tien Phong Commune",
  "Xa_Vinh_Phong": "Vinh Phong commune",
  "Xa_Cong_Hien": "Cong Hien Commune",
  "Xa_Cao_Minh": "Cao Minh commune",
  "Xa_Co_Am": "Co Am commune",
  "Xa_Vinh_Tien": "Vinh Tien commune",
  "Xa_Tran_Duong": "Tran Duong commune",
  "Huyen_Cat_Hai": "Cat Hai district",
  "Thi_tran_Cat_Ba": "Cat Ba town",
  "Xa_Nghia_Lo": "Nghia Lo commune",
  "Xa_Dong_Bai": "Dong Bai commune",
  "Xa_Hoang_Chau": "Hoang Chau commune",
  "Xa_Van_Phong": "Van Phong commune",
  "Xa_Phu_Long": "Phu Long commune",
  "Xa_Gia_Luan": "Gia Luan Commune",
  "Xa_Hien_Hao": "Hien Hao Commune",
  "Xa_Tran_Chau": "Tran Chau Commune",
  "Xa_Viet_Hai": "Viet Hai commune",
  "Xa_Xuan_Dam": "Xuan Dam commune",
  "Huyen_Bach_Long_Vi": "Bach Long Vi district"
}