{
  "Hai_Phong": "Hải Phòng",
  "Quan_Hong_Bang": "Quận Hồng Bàng",
  "Phuong_Quan_Toan": "Phường Quán Toan",
  "Phuong_Hung_Vuong": "Phường Hùng Vương",
  "Phuong_So_Dau": "Phường Sở Dầu",
  "Phuong_Thuong_Ly": "Phường Thượng Lý",
  "Phuong_Ha_Ly": "Phường Hạ Lý",
  "Phuong_Minh_Khai": "Phường Minh Khai",
  "Phuong_Trai_Chuoi": "Phường Trại Chuối",
  "Phuong_Hoang_Van_Thu": "Phường Hoàng Văn Thụ",
  "Phuong_Phan_Boi_Chau": "Phường Phan Bội Châu",
  "Quan_Ngo_Quyen": "Quận Ngô Quyền",
  "Phuong_May_Chai": "Phường Máy Chai",
  "Phuong_May_To": "Phường Máy Tơ",
  "Phuong_Van_My": "Phường Vạn Mỹ",
  "Phuong_Cau_Tre": "Phường Cầu Tre",
  "Phuong_Lac_Vien": "Phường Lạc Viên",
  "Phuong_Gia_Vien": "Phường Gia Viên",
  "Phuong_Dong_Khe": "Phường Đông Khê",
  "Phuong_Cau_Dat": "Phường Cầu Đất",
  "Phuong_Le_Loi": "Phường Lê Lợi",
  "Phuong_Dang_Giang": "Phường Đằng Giang",
  "Phuong_Lach_Tray": "Phường Lạch Tray",
  "Phuong_Dong_Quoc_Binh": "Phường Đổng Quốc Bình",
  "Quan_Le_Chan": "Quận Lê Chân",
  "Phuong_Cat_Dai": "Phường Cát Dài",
  "Phuong_An_Bien": "Phường An Biên",
  "Phuong_Lam_Son": "Phường Lam Sơn",
  "Phuong_An_Duong": "Phường An Dương",
  "Phuong_Tran_Nguyen_Han": "Phường Trần Nguyên Hãn",
  "Phuong_Ho_Nam": "Phường Hồ Nam",
  "Phuong_Trai_Cau": "Phường Trại Cau",
  "Phuong_Du_Hang": "Phường Dư Hàng",
  "Phuong_Hang_Kenh": "Phường Hàng Kênh",
  "Phuong_Dong_Hai": "Phường Đông Hải",
  "Phuong_Niem_Nghia": "Phường Niệm Nghĩa",
  "Phuong_Nghia_Xa": "Phường Nghĩa Xá",
  "Phuong_Du_Hang_Kenh": "Phường Dư Hàng Kênh",
  "Phuong_Kenh_Duong": "Phường Kênh Dương",
  "Phuong_Vinh_Niem": "Phường Vĩnh Niệm",
  "Quan_Hai_An": "Quận Hải An",
  "Phuong_Dong_Hai_1": "Phường Đông Hải 1",
  "Phuong_Dong_Hai_2": "Phường Đông Hải 2",
  "Phuong_Dang_Lam": "Phường Đằng Lâm",
  "Phuong_Thanh_To": "Phường Thành Tô",
  "Phuong_Dang_Hai": "Phường Đằng Hải",
  "Phuong_Nam_Hai": "Phường Nam Hải",
  "Phuong_Cat_Bi": "Phường Cát Bi",
  "Phuong_Trang_Cat": "Phường Tràng Cát",
  "Quan_Kien_An": "Quận Kiến An",
  "Phuong_Quan_Tru": "Phường Quán Trữ",
  "Phuong_Lam_Ha": "Phường Lãm Hà",
  "Phuong_Dong_Hoa": "Phường Đồng Hoà",
  "Phuong_Bac_Son": "Phường Bắc Sơn",
  "Phuong_Nam_Son": "Phường Nam Sơn",
  "Phuong_Ngoc_Son": "Phường Ngọc Sơn",
  "Phuong_Tran_Thanh_Ngo": "Phường Trần Thành Ngọ",
  "Phuong_Van_Dau": "Phường Văn Đẩu",
  "Phuong_Phu_Lien": "Phường Phù Liễn",
  "Phuong_Trang_Minh": "Phường Tràng Minh",
  "Quan_Duong_Kinh": "Quận Dương Kinh",
  "Phuong_Da_Phuc": "Phường Đa Phúc",
  "Phuong_Hung_Dao": "Phường Hưng Đạo",
  "Phuong_Anh_Dung": "Phường Anh Dũng",
  "Phuong_Hai_Thanh": "Phường Hải Thành",
  "Phuong_Hoa_Nghia": "Phường Hoà Nghĩa",
  "Phuong_Tan_Thanh": "Phường Tân Thành",
  "Huyen_Thuy_Nguyen": "Huyện Thuỷ Nguyên",
  "Thi_tran_Nui_Deo": "Thị trấn Núi Đèo",
  "Thi_tran_Minh_Duc": "Thị trấn Minh Đức",
  "Xa_Lai_Xuan": "Xã Lại Xuân",
  "Xa_An_Son": "Xã An Sơn",
  "Xa_Ky_Son": "Xã Kỳ Sơn",
  "Xa_Lien_Khe": "Xã Liên Khê",
  "Xa_Luu_Kiem": "Xã Lưu Kiếm",
  "Xa_Luu_Ky": "Xã Lưu Kỳ",
  "Xa_Gia_Minh": "Xã Gia Minh",
  "Xa_Gia_Duc": "Xã Gia Đức",
  "Xa_Minh_Tan": "Xã Minh Tân",
  "Xa_Phu_Ninh": "Xã Phù Ninh",
  "Xa_Quang_Thanh": "Xã Quảng Thanh",
  "Xa_Chinh_My": "Xã Chính Mỹ",
  "Xa_Kenh_Giang": "Xã Kênh Giang",
  "Xa_Hop_Thanh": "Xã Hợp Thành",
  "Xa_Cao_Nhan": "Xã Cao Nhân",
  "Xa_My_Dong": "Xã Mỹ Đồng",
  "Xa_Dong_Son": "Xã Đông Sơn",
  "Xa_Hoa_Binh": "Xã Hoà Bình",
  "Xa_Trung_Ha": "Xã Trung Hà",
  "Xa_An_Lu": "Xã An Lư",
  "Xa_Thuy_Trieu": "Xã Thuỷ Triều",
  "Xa_Ngu_Lao": "Xã Ngũ Lão",
  "Xa_Phuc_Le": "Xã Phục Lễ",
  "Xa_Tam_Hung": "Xã Tam Hưng",
  "Xa_Pha_Le": "Xã Phả Lễ",
  "Xa_Lap_Le": "Xã Lập Lễ",
  "Xa_Kien_Bai": "Xã Kiền Bái",
  "Xa_Thien_Huong": "Xã Thiên Hương",
  "Xa_Thuy_Son": "Xã Thuỷ Sơn",
  "Xa_Thuy_Duong": "Xã Thuỷ Đường",
  "Xa_Hoang_Dong": "Xã Hoàng Động",
  "Xa_Lam_Dong": "Xã Lâm Động",
  "Xa_Hoa_Dong": "Xã Hoa Động",
  "Xa_Tan_Duong": "Xã Tân Dương",
  "Xa_Duong_Quan": "Xã Dương Quan",
  "Huyen_An_Duong": "Huyện An Dương",
  "Xa_Le_Thien": "Xã Lê Thiện",
  "Xa_Dai_Ban": "Xã Đại Bản",
  "Xa_An_Hoa": "Xã An Hoà",
  "Xa_Hong_Phong": "Xã Hồng Phong",
  "Xa_Tan_Tien": "Xã Tân Tiến",
  "Xa_An_Hung": "Xã An Hưng",
  "Xa_An_Hong": "Xã An Hồng",
  "Xa_Bac_Son": "Xã Bắc Sơn",
  "Xa_Nam_Son": "Xã Nam Sơn",
  "Xa_Le_Loi": "Xã Lê Lợi",
  "Xa_Dang_Cuong": "Xã Đặng Cương",
  "Xa_Dong_Thai": "Xã Đồng Thái",
  "Xa_Quoc_Tuan": "Xã Quốc Tuấn",
  "Xa_An_Dong": "Xã An Đồng",
  "Xa_Hong_Thai": "Xã Hồng Thái",
  "Huyen_An_Lao": "Huyện An Lão",
  "Xa_Bat_Trang": "Xã Bát Trang",
  "Xa_Truong_Tho": "Xã Trường Thọ",
  "Xa_Truong_Thanh": "Xã Trường Thành",
  "Xa_An_Tien": "Xã An Tiến",
  "Xa_Quang_Hung": "Xã Quang Hưng",
  "Xa_Quang_Trung": "Xã Quang Trung",
  "Xa_An_Thang": "Xã An Thắng",
  "Thi_tran_Truong_Son": "Thị trấn Trường Sơn",
  "Xa_Tan_Dan": "Xã Tân Dân",
  "Xa_Thai_Son": "Xã Thái Sơn",
  "Xa_Tan_Vien": "Xã Tân Viên",
  "Xa_My_Duc": "Xã Mỹ Đức",
  "Xa_Chien_Thang": "Xã Chiến Thắng",
  "Xa_An_Tho": "Xã An Thọ",
  "Xa_An_Thai": "Xã An Thái",
  "Huyen_Kien_Thuy": "Huyện Kiến Thuỵ",
  "Thi_tran_Nui_Doi": "Thị trấn Núi Đối",
  "Xa_Dong_Phuong": "Xã Đông Phương",
  "Xa_Thuan_Thien": "Xã Thuận Thiên",
  "Xa_Huu_Bang": "Xã Hữu Bằng",
  "Xa_Dai_Dong": "Xã Đại Đồng",
  "Xa_Ngu_Phuc": "Xã Ngũ Phúc",
  "Xa_Kien_Quoc": "Xã Kiến Quốc",
  "Xa_Du_Le": "Xã Du Lễ",
  "Xa_Thuy_Huong": "Xã Thuỵ Hương",
  "Xa_Thanh_Son": "Xã Thanh Sơn",
  "Xa_Dai_Ha": "Xã Đại Hà",
  "Xa_Ngu_Doan": "Xã Ngũ Đoan",
  "Xa_Tan_Phong": "Xã Tân Phong",
  "Xa_Tan_Trao": "Xã Tân Trào",
  "Xa_Doan_Xa": "Xã Đoàn Xá",
  "Xa_Tu_Son": "Xã Tú Sơn",
  "Xa_Dai_Hop": "Xã Đại Hợp",
  "Huyen_Tien_Lang": "Huyện Tiên Lãng",
  "Xa_Dai_Thang": "Xã Đại Thắng",
  "Xa_Tien_Cuong": "Xã Tiên Cường",
  "Xa_Tu_Cuong": "Xã Tự Cường",
  "Xa_Quyet_Tien": "Xã Quyết Tiến",
  "Xa_Khoi_Nghia": "Xã Khởi Nghĩa",
  "Xa_Tien_Thanh": "Xã Tiên Thanh",
  "Xa_Cap_Tien": "Xã Cấp Tiến",
  "Xa_Kien_Thiet": "Xã Kiến Thiết",
  "Xa_Doan_Lap": "Xã Đoàn Lập",
  "Xa_Bach_Dang": "Xã Bạch Đằng",
  "Xa_Quang_Phuc": "Xã Quang Phục",
  "Xa_Toan_Thang": "Xã Toàn Thắng",
  "Xa_Tien_Thang": "Xã Tiên Thắng",
  "Xa_Tien_Minh": "Xã Tiên Minh",
  "Xa_Bac_Hung": "Xã Bắc Hưng",
  "Xa_Nam_Hung": "Xã Nam Hưng",
  "Xa_Hung_Thang": "Xã Hùng Thắng",
  "Xa_Tay_Hung": "Xã Tây Hưng",
  "Xa_Dong_Hung": "Xã Đông Hưng",
  "Xa_Vinh_Quang": "Xã Vinh Quang",
  "Huyen_Vinh_Bao": "Huyện Vĩnh Bảo",
  "Xa_Dung_Tien": "Xã Dũng Tiến",
  "Xa_Giang_Bien": "Xã Giang Biên",
  "Xa_Thang_Thuy": "Xã Thắng Thuỷ",
  "Xa_Trung_Lap": "Xã Trung Lập",
  "Xa_Viet_Tien": "Xã Việt Tiến",
  "Xa_Vinh_An": "Xã Vĩnh An",
  "Xa_Vinh_Long": "Xã Vĩnh Long",
  "Xa_Hiep_Hoa": "Xã Hiệp Hoà",
  "Xa_Hung_Tien": "Xã Hùng Tiến",
  "Xa_Tan_Hung": "Xã Tân Hưng",
  "Xa_Tan_Lien": "Xã Tân Liên",
  "Xa_Nhan_Hoa": "Xã Nhân Hoà",
  "Xa_Tam_Da": "Xã Tam Đa",
  "Xa_Hung_Nhan": "Xã Hưng Nhân",
  "Xa_Dong_Minh": "Xã Đồng Minh",
  "Xa_Thanh_Luong": "Xã Thanh Lương",
  "Xa_Lien_Am": "Xã Liên Am",
  "Xa_Ly_Hoc": "Xã Lý Học",
  "Xa_Tam_Cuong": "Xã Tam Cường",
  "Xa_Tien_Phong": "Xã Tiền Phong",
  "Xa_Vinh_Phong": "Xã Vĩnh Phong",
  "Xa_Cong_Hien": "Xã Cộng Hiền",
  "Xa_Cao_Minh": "Xã Cao Minh",
  "Xa_Co_Am": "Xã Cổ Am",
  "Xa_Vinh_Tien": "Xã Vĩnh Tiến",
  "Xa_Tran_Duong": "Xã Trấn Dương",
  "Huyen_Cat_Hai": "Huyện Cát Hải",
  "Thi_tran_Cat_Ba": "Thị trấn Cát Bà",
  "Xa_Nghia_Lo": "Xã Nghĩa Lộ",
  "Xa_Dong_Bai": "Xã Đồng Bài",
  "Xa_Hoang_Chau": "Xã Hoàng Châu",
  "Xa_Van_Phong": "Xã Văn Phong",
  "Xa_Phu_Long": "Xã Phù Long",
  "Xa_Gia_Luan": "Xã Gia Luận",
  "Xa_Hien_Hao": "Xã Hiền Hào",
  "Xa_Tran_Chau": "Xã Trân Châu",
  "Xa_Viet_Hai": "Xã Việt Hải",
  "Xa_Xuan_Dam": "Xã Xuân Đám",
  "Huyen_Bach_Long_Vi": "Huyện Bạch Long Vĩ"
}